construction,seed,enc,dc1_raw,dc2_raw,dc1_enc,dc2_enc,c2_raw_L,c2_raw_R,c2_enc_L,c2_enc_R,levels,clip_frac,oracle,float_ctrl
current,0,robust_unit_1_99,0.2973332497810006,0.0704046294437992,0.228487606671788,0.2951709217366088,-0.3107734311663914,-0.2403688017225921,-0.2339515177569077,0.0612194039797011,256.0,0.0223248799641927,False,False
current,0,minmax,0.2973332497810006,0.0704046294437992,1.6209786910319983,-34.771280156259124,-0.3107734311663914,-0.2403688017225921,-0.3836207191940093,-35.15490087545313,119.0,8.477105034722222e-07,False,False
current,0,log_minmax,0.2973332497810006,0.0704046294437992,5.993850238270349,-73.79248998026182,-0.3107734311663914,-0.2403688017225921,-18.46671392526324,-92.25920390552506,44.0,8.477105034722222e-07,False,False
current,0,log_robust,0.2973332497810006,0.0704046294437992,0.2242408514067013,0.3030182155544332,-0.3107734311663914,-0.2403688017225921,-0.2287726229685346,0.0742455925858985,256.0,0.0224749247233072,False,False
current,0,normal_score,0.2973332497810006,0.0704046294437992,0.3039551255176382,0.4064237941049167,-0.3107734311663914,-0.2403688017225921,-0.301317756631018,0.1051060374738986,256.0,6.781684027777778e-05,False,False
current,0,hist_eq,0.2973332497810006,0.0704046294437992,0.212336434964705,0.3098874398623287,-0.3107734311663914,-0.2403688017225921,-0.2626083105080342,0.0472791293542944,256.0,0.0039223564995659,False,False
current,0,log_local_norm_s12,0.2973332497810006,0.0704046294437992,0.1174370387862686,-0.1190053258302969,-0.3107734311663914,-0.2403688017225921,-0.0836554830613417,-0.2026608088916387,213.0,8.477105034722222e-07,False,False
current,0,log_local_norm_s48,0.2973332497810006,0.0704046294437992,0.0968181681275826,-0.1257506127798331,-0.3107734311663914,-0.2403688017225921,-0.1013835270887458,-0.227134139868579,214.0,8.477105034722222e-07,False,False
current,0,log_local_norm_s192,0.2973332497810006,0.0704046294437992,0.135356012450901,-0.0943368508598997,-0.3107734311663914,-0.2403688017225921,-0.1324379705734083,-0.226774821433308,210.0,8.477105034722222e-07,False,False
current,0,log_dither,0.2973332497810006,0.0704046294437992,-0.4403084463690599,0.1179203744826338,-0.3107734311663914,-0.2403688017225921,0.1338751269431189,0.2517955014257528,44.0,8.477105034722222e-07,False,False
current,0,multichannel,0.2973332497810006,0.0704046294437992,0.1853287636218423,0.3264283224755642,-0.3107734311663914,-0.2403688017225921,-0.2805412093945956,0.0458871130809685,180.0,0.0,True,False
current,0,robust_unit_0.1_99.9,0.2973332497810006,0.0704046294437992,0.1959521977419829,0.373767028176228,-0.3107734311663914,-0.2403688017225921,-0.2672452064263406,0.1065218217498874,256.0,0.0021646287706163,False,False
current,0,robust_unit_5_95,0.2973332497810006,0.0704046294437992,1.0877910672718558,-24.575778501522027,-0.3107734311663914,-0.2403688017225921,-0.4105833555854762,-24.986361857107504,256.0,0.1033592224121093,False,False
current,0,hist_eq_dither,0.2973332497810006,0.0704046294437992,0.1941759485395886,0.3422959064772319,-0.3107734311663914,-0.2403688017225921,-0.2574431179441169,0.084852788533115,256.0,0.0040465460883246,False,False
current,0,normal_score_dither,0.2973332497810006,0.0704046294437992,0.2668173397050439,0.4593415121147108,-0.3107734311663914,-0.2403688017225921,-0.2860159459211003,0.1733255661936105,256.0,6.188286675347222e-05,False,False
current,0,asinh_mad_a0.25,0.2973332497810006,0.0704046294437992,0.1414777452566789,-1.649148591690392,-0.3107734311663914,-0.2403688017225921,-0.3518490349207238,-2.000997626611116,224.0,8.477105034722222e-07,False,False
current,0,asinh_mad_a1,0.2973332497810006,0.0704046294437992,0.1405081455910384,-0.3413174991932359,-0.3107734311663914,-0.2403688017225921,-0.2684939394100934,-0.6098114386033293,205.0,8.477105034722222e-07,False,False
current,0,asinh_mad_a4,0.2973332497810006,0.0704046294437992,0.4712650412678931,-8.954650030483204,-0.3107734311663914,-0.2403688017225921,-0.2300305014688275,-9.184680531952033,169.0,8.477105034722222e-07,False,False
current,0,signpow_0.3,0.2973332497810006,0.0704046294437992,0.3616867608582583,-10.133275114001584,-0.3107734311663914,-0.2403688017225921,-0.5017830882719709,-10.635058202273552,212.0,8.477105034722222e-07,False,False
current,0,local_affine_s96,0.2973332497810006,0.0704046294437992,0.1140622246476801,-0.1453960594753608,-0.3107734311663914,-0.2403688017225921,-0.1385936180001611,-0.2839896774755219,236.0,8.477105034722222e-07,False,False
current,0,bitsplit16,0.2973332497810006,0.0704046294437992,0.3780691617820928,0.2226614375692719,-0.3107734311663914,-0.2403688017225921,-0.3114669489649448,-0.0888055113956729,252.0,6.357828776041667e-05,False,False
current,0,multiscale_rgb,0.2973332497810006,0.0704046294437992,0.3039551255176382,0.4064237941049167,-0.3107734311663914,-0.2403688017225921,-0.301317756631018,0.1051060374738986,235.0,0.0,False,False
current,0,CTRL_identity_f32,0.2973332497810006,0.0704046294437992,0.2973332497810006,0.0704046294437992,-0.3107734311663914,-0.2403688017225921,-0.3107734311663914,-0.2403688017225921,,,False,True
current,0,CTRL_minmax_noquant,0.2973332497810006,0.0704046294437992,0.2973332497810066,0.0704046294437805,-0.3107734311663914,-0.2403688017225921,-0.3107734311663942,-0.2403688017226136,,,False,True
current,0,CTRL_robust_1_99_noquant,0.2973332497810006,0.0704046294437992,0.2924162278556448,0.0911488192294769,-0.3107734311663914,-0.2403688017225921,-0.2367760175913931,-0.1456271983619162,,,False,True
current,0,CTRL_normal_score_noquant,0.2973332497810006,0.0704046294437992,0.3780606901344441,0.2226821877141356,-0.3107734311663914,-0.2403688017225921,-0.3114704080674125,-0.0887882203532768,,,False,True
scalematch,0,robust_unit_1_99,0.3438104549696354,-0.4406564397131154,0.0750000994256474,-0.4130225960536874,-0.3583334755491651,-0.7989899152622806,-0.3009903181482796,-0.714012914201967,256.0,0.0201343960232204,False,False
scalematch,0,minmax,0.3438104549696354,-0.4406564397131154,0.9690106290709926,-13.16110561812136,-0.3583334755491651,-0.7989899152622806,-45.19315112441675,-58.35425674253811,100.0,8.477105034722222e-07,False,False
scalematch,0,log_minmax,0.3438104549696354,-0.4406564397131154,1.0677888999692708,-45.38549295431804,-0.3583334755491651,-0.7989899152622806,2.217983525403823,-43.167509428914215,31.0,8.477105034722222e-07,False,False
scalematch,0,log_robust,0.3438104549696354,-0.4406564397131154,0.0744669072742185,-0.4120524677405199,-0.3583334755491651,-0.7989899152622806,-0.3002170223061289,-0.7122694900466489,256.0,0.0201348198784722,False,False
scalematch,0,normal_score,0.3438104549696354,-0.4406564397131154,0.0619666819173607,-0.1638935244082444,-0.3583334755491651,-0.7989899152622806,-0.1253873497697701,-0.2892808741780146,256.0,6.781684027777778e-05,False,False
scalematch,0,hist_eq,0.3438104549696354,-0.4406564397131154,0.0417656437386968,-0.024309966115948,-0.3583334755491651,-0.7989899152622806,-0.3495934040525045,-0.3739033701684526,256.0,0.0039223564995659,False,False
scalematch,0,log_local_norm_s12,0.3438104549696354,-0.4406564397131154,0.1415872103140711,-0.1241677904193562,-0.3583334755491651,-0.7989899152622806,-0.1237700128817726,-0.2479378033011288,224.0,8.477105034722222e-07,False,False
scalematch,0,log_local_norm_s48,0.3438104549696354,-0.4406564397131154,0.0940771280909891,-0.1970333017708697,-0.3583334755491651,-0.7989899152622806,-0.1366279199391338,-0.3336612217100035,220.0,8.477105034722222e-07,False,False
scalematch,0,log_local_norm_s192,0.3438104549696354,-0.4406564397131154,0.0542095747953206,-0.2011320916143692,-0.3583334755491651,-0.7989899152622806,-0.1267033816144983,-0.3278354732288676,219.0,8.477105034722222e-07,False,False
scalematch,0,log_dither,0.3438104549696354,-0.4406564397131154,0.0239144796897539,-0.0727834676041788,-0.3583334755491651,-0.7989899152622806,0.1426459987965344,0.0698625311923555,30.0,4.238552517361111e-07,False,False
scalematch,0,multichannel,0.3438104549696354,-0.4406564397131154,0.0684557123312392,-0.1811944087749159,-0.3583334755491651,-0.7989899152622806,-0.128706901495966,-0.3099013102708819,176.0,0.0,True,False
scalematch,0,robust_unit_0.1_99.9,0.3438104549696354,-0.4406564397131154,0.1801487289498287,-0.479244087777261,-0.3583334755491651,-0.7989899152622806,-0.3796478449295165,-0.8588919327067775,256.0,0.0020133124457465,False,False
scalematch,0,robust_unit_5_95,0.3438104549696354,-0.4406564397131154,0.093270604907669,-1.3073354789008302,-0.3583334755491651,-0.7989899152622806,-5.084324688275745,-6.391660167176576,256.0,0.1005846659342448,False,False
scalematch,0,hist_eq_dither,0.3438104549696354,-0.4406564397131154,0.0397177608160592,-0.0151406397004351,-0.3583334755491651,-0.7989899152622806,-0.3451300351669945,-0.3602706748674296,256.0,0.0040596856011284,False,False
scalematch,0,normal_score_dither,0.3438104549696354,-0.4406564397131154,0.0601010235878205,-0.1562921198076456,-0.3583334755491651,-0.7989899152622806,-0.1240236436867942,-0.2803157634944398,256.0,5.806816948784722e-05,False,False
scalematch,0,asinh_mad_a0.25,0.3438104549696354,-0.4406564397131154,0.0569677780379018,-0.1154564856862031,-0.3583334755491651,-0.7989899152622806,-0.163053870717784,-0.2785103564039872,246.0,8.477105034722222e-07,False,False
scalematch,0,asinh_mad_a1,0.3438104549696354,-0.4406564397131154,0.0694422203143165,-0.1832797302571988,-0.3583334755491651,-0.7989899152622806,-0.1299953864902925,-0.3132751167474913,242.0,8.477105034722222e-07,False,False
scalematch,0,asinh_mad_a4,0.3438104549696354,-0.4406564397131154,0.0872006185729008,-0.3221075559992797,-0.3583334755491651,-0.7989899152622806,-0.2222183511821104,-0.5443259071813902,236.0,8.477105034722222e-07,False,False
scalematch,0,signpow_0.3,0.3438104549696354,-0.4406564397131154,0.0863640625006536,-0.0857608972259006,-0.3583334755491651,-0.7989899152622806,-0.2488275805366091,-0.3345884777625098,203.0,8.477105034722222e-07,False,False
scalematch,0,local_affine_s96,0.3438104549696354,-0.4406564397131154,0.234003959396879,-1.392533481445076,-0.3583334755491651,-0.7989899152622806,-0.3047922068137622,-1.6973256882588383,242.0,8.477105034722222e-07,False,False
scalematch,0,bitsplit16,0.3438104549696354,-0.4406564397131154,0.0643678487756025,-0.1748975698836647,-0.3583334755491651,-0.7989899152622806,-0.1257968746808548,-0.3006944445645196,252.0,6.357828776041667e-05,False,False
scalematch,0,multiscale_rgb,0.3438104549696354,-0.4406564397131154,0.0619666819173607,-0.1638935244082444,-0.3583334755491651,-0.7989899152622806,-0.1253873497697701,-0.2892808741780146,229.0,0.0,False,False
scalematch,0,CTRL_identity_f32,0.3438104549696354,-0.4406564397131154,0.3438104549696354,-0.4406564397131154,-0.3583334755491651,-0.7989899152622806,-0.3583334755491651,-0.7989899152622806,,,False,True
scalematch,0,CTRL_minmax_noquant,0.3438104549696354,-0.4406564397131154,0.3438104516057949,-0.4406564156631365,-0.3583334755491651,-0.7989899152622806,-0.3583334677128184,-0.798989883375955,,,False,True
scalematch,0,CTRL_robust_1_99_noquant,0.3438104549696354,-0.4406564397131154,0.0799890001504801,-0.4159149503568512,-0.3583334755491651,-0.7989899152622806,-0.3034057326159407,-0.719320682972792,,,False,True
scalematch,0,CTRL_normal_score_noquant,0.3438104549696354,-0.4406564397131154,0.0643658270734424,-0.1748963659979164,-0.3583334755491651,-0.7989899152622806,-0.1257982466583858,-0.3006946126563022,,,False,True
histmatch,0,robust_unit_1_99,0.0919209817604895,-0.1676764882764208,0.0699187935291805,-0.2131013666109955,-0.3231811081884959,-0.4908575964649167,-0.2144810037452769,-0.4275823703562725,256.0,0.0201962788899739,False,False
histmatch,0,minmax,0.0919209817604895,-0.1676764882764208,0.1856909831808117,-3.563448099596558,-0.3231811081884959,-0.4908575964649167,-0.5164450361709968,-4.079893135767555,137.0,8.477105034722222e-07,False,False
histmatch,0,log_minmax,0.0919209817604895,-0.1676764882764208,1.0965347629667843,-22.0668247436722,-0.3231811081884959,-0.4908575964649167,-16.288035897051657,-38.35486064072386,50.0,8.477105034722222e-07,False,False
histmatch,0,log_robust,0.0919209817604895,-0.1676764882764208,0.0703961362819334,-0.2120236623664068,-0.3231811081884959,-0.4908575964649167,-0.2133298248315977,-0.4253534871980046,256.0,0.0201967027452256,False,False
histmatch,0,normal_score,0.0919209817604895,-0.1676764882764208,0.065186350941893,-0.1603392264592725,-0.3231811081884959,-0.4908575964649167,-0.1135333410393944,-0.2738725674986669,256.0,6.781684027777778e-05,False,False
histmatch,0,hist_eq,0.0919209817604895,-0.1676764882764208,0.0408588937625131,-0.0159369885558305,-0.3231811081884959,-0.4908575964649167,-0.3224131984271529,-0.3383501869829834,256.0,0.0039223564995659,False,False
histmatch,0,log_local_norm_s12,0.0919209817604895,-0.1676764882764208,0.1137908746865559,-0.0580112367945384,-0.3231811081884959,-0.4908575964649167,-0.0999255174320877,-0.1579367542266261,218.0,1.2715657552083333e-06,False,False
histmatch,0,log_local_norm_s48,0.0919209817604895,-0.1676764882764208,0.0221905033132501,-0.1180969302457555,-0.3231811081884959,-0.4908575964649167,-0.1038105210045487,-0.2219074512503042,217.0,8.477105034722222e-07,False,False
histmatch,0,log_local_norm_s192,0.0919209817604895,-0.1676764882764208,0.0345650428622326,-0.1402032012309612,-0.3231811081884959,-0.4908575964649167,-0.1118609120234511,-0.2520641132544123,211.0,8.477105034722222e-07,False,False
histmatch,0,log_dither,0.0919209817604895,-0.1676764882764208,-0.1435296604239571,0.0484546743086375,-0.3231811081884959,-0.4908575964649167,0.140734988239365,0.1891896625480026,51.0,8.477105034722222e-07,False,False
histmatch,0,multichannel,0.0919209817604895,-0.1676764882764208,0.0598745994709621,-0.1633699230111025,-0.3231811081884959,-0.4908575964649167,-0.1139682852427512,-0.2773382082538538,159.0,0.0,True,False
histmatch,0,robust_unit_0.1_99.9,0.0919209817604895,-0.1676764882764208,0.0741994632743501,-0.1287950238160911,-0.3231811081884959,-0.4908575964649167,-0.2874317219781219,-0.416226745794213,256.0,0.0020196702745225,False,False
histmatch,0,robust_unit_5_95,0.0919209817604895,-0.1676764882764208,0.0179714776569106,0.8980166418055928,-0.3231811081884959,-0.4908575964649167,-5.712776227779645,-4.814759585974052,256.0,0.1007364061143663,False,False
histmatch,0,hist_eq_dither,0.0919209817604895,-0.1676764882764208,0.0396662033905568,-0.0112607429933626,-0.3231811081884959,-0.4908575964649167,-0.3202287169195711,-0.3314894599129337,256.0,0.004058837890625,False,False
histmatch,0,normal_score_dither,0.0919209817604895,-0.1676764882764208,0.0634052272105194,-0.1518943586599013,-0.3231811081884959,-0.4908575964649167,-0.1125623584299149,-0.2644567170898162,256.0,6.018744574652778e-05,False,False
histmatch,0,asinh_mad_a0.25,0.0919209817604895,-0.1676764882764208,0.0596545646225783,-0.1006340111261295,-0.3231811081884959,-0.4908575964649167,-0.1635383696122143,-0.2641723807383438,243.0,8.477105034722222e-07,False,False
histmatch,0,asinh_mad_a1,0.0919209817604895,-0.1676764882764208,0.0589217271345909,-0.1598209894073586,-0.3231811081884959,-0.4908575964649167,-0.1155228481019468,-0.2753438375093054,237.0,8.477105034722222e-07,False,False
histmatch,0,asinh_mad_a4,0.0919209817604895,-0.1676764882764208,0.0585227004551718,-0.1314942392688863,-0.3231811081884959,-0.4908575964649167,-0.2011586428088702,-0.3326528820777566,225.0,8.477105034722222e-07,False,False
histmatch,0,signpow_0.3,0.0919209817604895,-0.1676764882764208,0.0966766424865681,-0.0966160655560547,-0.3231811081884959,-0.4908575964649167,-0.2616885672696145,-0.3583046328256693,222.0,8.477105034722222e-07,False,False
histmatch,0,local_affine_s96,0.0919209817604895,-0.1676764882764208,0.0308396080819814,-0.149646474748215,-0.3231811081884959,-0.4908575964649167,-0.1494947309914037,-0.2991412057396188,238.0,8.477105034722222e-07,False,False
histmatch,0,bitsplit16,0.0919209817604895,-0.1676764882764208,0.067373396566422,-0.1702308298838037,-0.3231811081884959,-0.4908575964649167,-0.1136475002036764,-0.2838783300874801,252.0,6.357828776041667e-05,False,False
histmatch,0,multiscale_rgb,0.0919209817604895,-0.1676764882764208,0.065186350941893,-0.1603392264592725,-0.3231811081884959,-0.4908575964649167,-0.1135333410393944,-0.2738725674986669,229.0,0.0,False,False
histmatch,0,CTRL_identity_f32,0.0919209817604895,-0.1676764882764208,0.0919209817604895,-0.1676764882764208,-0.3231811081884959,-0.4908575964649167,-0.3231811081884959,-0.4908575964649167,,,False,True
histmatch,0,CTRL_minmax_noquant,0.0919209817604895,-0.1676764882764208,0.0919209817604889,-0.1676764882764218,-0.3231811081884959,-0.4908575964649167,-0.3231811081884934,-0.4908575964649152,,,False,True
histmatch,0,CTRL_robust_1_99_noquant,0.0919209817604895,-0.1676764882764208,0.0722713173124289,-0.2270244921679375,-0.3231811081884959,-0.4908575964649167,-0.2149462304653296,-0.4419707226332671,,,False,True
histmatch,0,CTRL_normal_score_noquant,0.0919209817604895,-0.1676764882764208,0.0673732832891547,-0.1702316227391054,-0.3231811081884959,-0.4908575964649167,-0.1136469217815608,-0.2838785445206663,,,False,True
null_samec2,0,robust_unit_1_99,-0.1318929566607418,0.0526238136967175,-0.0698244264857548,0.0049761922309944,-0.268190501921554,-0.2155666882248365,-0.174664113607029,-0.1696879213760345,256.0,0.0203187730577256,False,False
null_samec2,0,minmax,-0.1318929566607418,0.0526238136967175,-0.1635319246851225,0.0621227029940727,-0.268190501921554,-0.2155666882248365,-0.1865498036704029,-0.1244271006763301,142.0,8.477105034722222e-07,False,False
null_samec2,0,log_minmax,-0.1318929566607418,0.0526238136967175,-0.0241695183187728,-2.8943262290265857,-0.268190501921554,-0.2155666882248365,-8.967808771275045,-11.862135000301633,59.0,8.477105034722222e-07,False,False
null_samec2,0,log_robust,-0.1318929566607418,0.0526238136967175,-0.076082818290474,0.012637880309295,-0.268190501921554,-0.2155666882248365,-0.178509294823434,-0.165871414514139,256.0,0.0203115675184461,False,False
null_samec2,0,normal_score,-0.1318929566607418,0.0526238136967175,-0.1106641708990245,-0.0157172534981806,-0.268190501921554,-0.2155666882248365,-0.1442027404862773,-0.1599199939844579,256.0,6.781684027777778e-05,False,False
null_samec2,0,hist_eq,-0.1318929566607418,0.0526238136967175,-0.0975558883087723,0.1225229605236175,-0.268190501921554,-0.2155666882248365,-0.313146697368826,-0.1906237368452085,256.0,0.0039223564995659,False,False
null_samec2,0,log_local_norm_s12,-0.1318929566607418,0.0526238136967175,-0.0699962271647864,0.0417233689421391,-0.268190501921554,-0.2155666882248365,-0.0888590120362348,-0.0471356430940957,219.0,8.477105034722222e-07,False,False
null_samec2,0,log_local_norm_s48,-0.1318929566607418,0.0526238136967175,-0.0623986990423002,0.0276168513678279,-0.268190501921554,-0.2155666882248365,-0.0856817680757783,-0.0580649167079504,219.0,8.477105034722222e-07,False,False
null_samec2,0,log_local_norm_s192,-0.1318929566607418,0.0526238136967175,-0.0818791534323843,-0.0008465963278867,-0.268190501921554,-0.2155666882248365,-0.0881182102520247,-0.0889648065799114,216.0,8.477105034722222e-07,False,False
null_samec2,0,log_dither,-0.1318929566607418,0.0526238136967175,-0.2940097117902762,-0.0323170211996751,-0.268190501921554,-0.2155666882248365,0.0903752948020486,0.0580582736023735,57.0,8.477105034722222e-07,False,False
null_samec2,0,multichannel,-0.1318929566607418,0.0526238136967175,-0.0837145486314767,0.0067569082003692,-0.268190501921554,-0.2155666882248365,-0.1874422907543522,-0.1806853825539829,177.0,0.0,True,False
null_samec2,0,robust_unit_0.1_99.9,-0.1318929566607418,0.0526238136967175,-0.1101096924200708,0.0121035857855179,-0.268190501921554,-0.2155666882248365,-0.2142858651874545,-0.2021822794019365,256.0,0.0020251803927951,False,False
null_samec2,0,robust_unit_5_95,-0.1318929566607418,0.0526238136967175,-0.3250515812310552,6.839652697215583,-0.268190501921554,-0.2155666882248365,-7.089105020980524,-0.2494523237649408,256.0,0.1017735799153645,False,False
null_samec2,0,hist_eq_dither,-0.1318929566607418,0.0526238136967175,-0.0965298441133404,0.1170932436204789,-0.268190501921554,-0.2155666882248365,-0.3076903804842809,-0.1905971368638019,256.0,0.0040889316134982,False,False
null_samec2,0,normal_score_dither,-0.1318929566607418,0.0526238136967175,-0.1117363867128251,-0.0145640987071106,-0.268190501921554,-0.2155666882248365,-0.1428554292707974,-0.157419527977908,256.0,6.103515625e-05,False,False
null_samec2,0,asinh_mad_a0.25,-0.1318929566607418,0.0526238136967175,-0.0516725250992542,0.0403733934905972,-0.268190501921554,-0.2155666882248365,-0.2934095603991063,-0.2530361669085091,238.0,8.477105034722222e-07,False,False
null_samec2,0,asinh_mad_a1,-0.1318929566607418,0.0526238136967175,-0.082952516077936,0.0053918125293069,-0.268190501921554,-0.2155666882248365,-0.1864518387306249,-0.1810600262013179,228.0,8.477105034722222e-07,False,False
null_samec2,0,asinh_mad_a4,-0.1318929566607418,0.0526238136967175,-0.1180086957454078,0.0199408845672846,-0.268190501921554,-0.2155666882248365,-0.2059120884229484,-0.1859712038556638,207.0,8.477105034722222e-07,False,False
null_samec2,0,signpow_0.3,-0.1318929566607418,0.0526238136967175,-0.0190388803713454,0.0081538204437417,-0.268190501921554,-0.2155666882248365,-0.4400128774458221,-0.4318590570020804,220.0,8.477105034722222e-07,False,False
null_samec2,0,local_affine_s96,-0.1318929566607418,0.0526238136967175,-0.0839759197878213,0.0359832175869749,-0.268190501921554,-0.2155666882248365,-0.1139283399124644,-0.0779451223254895,236.0,8.477105034722222e-07,False,False
null_samec2,0,bitsplit16,-0.1318929566607418,0.0526238136967175,-0.1105452832079225,-0.0152977564603553,-0.268190501921554,-0.2155666882248365,-0.1459637557666364,-0.1612615122269917,252.0,6.357828776041667e-05,False,False
null_samec2,0,multiscale_rgb,-0.1318929566607418,0.0526238136967175,-0.1106641708990245,-0.0157172534981806,-0.268190501921554,-0.2155666882248365,-0.1442027404862773,-0.1599199939844579,232.0,0.0,False,False
null_samec2,0,CTRL_identity_f32,-0.1318929566607418,0.0526238136967175,-0.1318929566607418,0.0526238136967175,-0.268190501921554,-0.2155666882248365,-0.268190501921554,-0.2155666882248365,,,False,True
null_samec2,0,CTRL_minmax_noquant,-0.1318929566607418,0.0526238136967175,-0.1318929566479798,0.0526238136949607,-0.268190501921554,-0.2155666882248365,-0.2681905019664585,-0.2155666882714978,,,False,True
null_samec2,0,CTRL_robust_1_99_noquant,-0.1318929566607418,0.0526238136967175,-0.0696794948086794,-0.0026078189450258,-0.268190501921554,-0.2155666882248365,-0.1673015699874212,-0.1699093889324471,,,False,True
null_samec2,0,CTRL_normal_score_noquant,-0.1318929566607418,0.0526238136967175,-0.1105435070258995,-0.0152999404773964,-0.268190501921554,-0.2155666882248365,-0.1459611906727774,-0.1612611311501739,,,False,True
null_ampramp,0,robust_unit_1_99,0.3496976113252086,0.6434110642054431,-0.1345700778149645,1.7551311943400347,0.0555704062343548,0.698981470439798,-0.3935184722150593,1.3616127221249754,256.0,0.0235811869303385,False,False
null_ampramp,0,minmax,0.3496976113252086,0.6434110642054431,-0.2086798048126921,1.18577294553497,0.0555704062343548,0.698981470439798,0.2039952534290961,1.3897681989640662,223.0,8.477105034722222e-07,False,False
null_ampramp,0,log_minmax,0.3496976113252086,0.6434110642054431,-0.0296308499484425,4.5439613813982,0.0555704062343548,0.698981470439798,-2.7841529013747657,1.7598084800234337,189.0,8.477105034722222e-07,False,False
null_ampramp,0,log_robust,0.3496976113252086,0.6434110642054431,0.1508061485649328,2.959054459293229,0.0555704062343548,0.698981470439798,-1.3258586488090207,1.633195810484208,256.0,0.0270542568630642,False,False
null_ampramp,0,normal_score,0.3496976113252086,0.6434110642054431,-0.2431301562633234,1.4076700182010948,0.0555704062343548,0.698981470439798,0.2213473094226566,1.6290173276237516,256.0,6.781684027777778e-05,False,False
null_ampramp,0,hist_eq,0.3496976113252086,0.6434110642054431,-0.1422012961724659,1.2280382048760108,0.0555704062343548,0.698981470439798,0.138916945047983,1.3669551499239938,256.0,0.0039223564995659,False,False
null_ampramp,0,log_local_norm_s12,0.3496976113252086,0.6434110642054431,0.0939691803950093,0.0143740287844405,0.0555704062343548,0.698981470439798,-0.1104331681978803,-0.0960591394134398,215.0,8.477105034722222e-07,False,False
null_ampramp,0,log_local_norm_s48,0.3496976113252086,0.6434110642054431,0.295541858490697,-0.0439401602791398,0.0555704062343548,0.698981470439798,-0.112553687783482,-0.1564938480626219,218.0,8.477105034722222e-07,False,False
null_ampramp,0,log_local_norm_s192,0.3496976113252086,0.6434110642054431,0.348373389770412,0.7215132015520691,0.0555704062343548,0.698981470439798,-0.1785248124701299,0.5429883890819392,226.0,8.477105034722222e-07,False,False
null_ampramp,0,log_dither,0.3496976113252086,0.6434110642054431,0.2322057783253319,1.3112517663103829,0.0555704062343548,0.698981470439798,0.4919086779940343,1.803160444304417,188.0,8.477105034722222e-07,False,False
null_ampramp,0,multichannel,0.3496976113252086,0.6434110642054431,-0.1255885688389755,1.021374390804643,0.0555704062343548,0.698981470439798,0.2340734162308699,1.2554478070355133,174.0,0.0,True,False
null_ampramp,0,robust_unit_0.1_99.9,0.3496976113252086,0.6434110642054431,-0.1246162347783765,1.194399404434168,0.0555704062343548,0.698981470439798,0.1728465307254928,1.3672459351596609,256.0,0.0041741265190972,False,False
null_ampramp,0,robust_unit_5_95,0.3496976113252086,0.6434110642054431,-0.881921177001898,23.08477641778735,0.0555704062343548,0.698981470439798,-22.06082566776593,1.0239507500214216,256.0,0.1036063300238715,False,False
null_ampramp,0,hist_eq_dither,0.3496976113252086,0.6434110642054431,-0.1573107385226,1.1776194256426482,0.0555704062343548,0.698981470439798,0.1795127148596297,1.357132140502278,256.0,0.0041029188368055,False,False
null_ampramp,0,normal_score_dither,0.3496976113252086,0.6434110642054431,-0.3361455122952372,1.4640876001353544,0.0555704062343548,0.698981470439798,0.2943560902675315,1.758443690402886,256.0,5.764431423611111e-05,False,False
null_ampramp,0,asinh_mad_a0.25,0.3496976113252086,0.6434110642054431,-0.202152921152743,0.9901857754514922,0.0555704062343548,0.698981470439798,0.2884792793235839,1.2786650547750762,249.0,8.477105034722222e-07,False,False
null_ampramp,0,asinh_mad_a1,0.3496976113252086,0.6434110642054431,-0.1928415997724173,1.146788234191244,0.0555704062343548,0.698981470439798,0.2154076564731246,1.3621958906643683,241.0,8.477105034722222e-07,False,False
null_ampramp,0,asinh_mad_a4,0.3496976113252086,0.6434110642054431,-0.2040096343694748,1.1813090219475924,0.0555704062343548,0.698981470439798,0.203014425072555,1.384323447020147,225.0,8.477105034722222e-07,False,False
null_ampramp,0,signpow_0.3,0.3496976113252086,0.6434110642054431,-0.1560387131683827,0.6606038605686686,0.0555704062343548,0.698981470439798,0.3202904045046593,0.980894265073328,248.0,8.477105034722222e-07,False,False
null_ampramp,0,local_affine_s96,0.3496976113252086,0.6434110642054431,0.1665091386792774,-0.215909979406341,0.0555704062343548,0.698981470439798,-0.1543853973298539,-0.370295376736195,235.0,8.477105034722222e-07,False,False
null_ampramp,0,bitsplit16,0.3496976113252086,0.6434110642054431,0.2619358892688994,1.2343388004312392,0.0555704062343548,0.698981470439798,0.005558538792287,1.2398973392235262,252.0,6.357828776041667e-05,False,False
null_ampramp,0,multiscale_rgb,0.3496976113252086,0.6434110642054431,-0.2431301562633234,1.4076700182010948,0.0555704062343548,0.698981470439798,0.2213473094226566,1.6290173276237516,229.0,0.0,False,False
null_ampramp,0,CTRL_identity_f32,0.3496976113252086,0.6434110642054431,0.3496976113252086,0.6434110642054431,0.0555704062343548,0.698981470439798,0.0555704062343548,0.698981470439798,,,False,True
null_ampramp,0,CTRL_minmax_noquant,0.3496976113252086,0.6434110642054431,0.3496976115306309,0.6434110635956559,0.0555704062343548,0.698981470439798,0.0555704061872103,0.6989814697828662,,,False,True
null_ampramp,0,CTRL_robust_1_99_noquant,0.3496976113252086,0.6434110642054431,0.3153170652428034,0.9768735000173722,0.0555704062343548,0.698981470439798,-0.2328226456186824,0.7440508543986898,,,False,True
null_ampramp,0,CTRL_normal_score_noquant,0.3496976113252086,0.6434110642054431,0.2619327171254004,1.234399795843175,0.0555704062343548,0.698981470439798,0.0056036149489194,1.2400034107920943,,,False,True
current,1,robust_unit_1_99,0.2776619301707346,0.3549423770661101,-0.1348357235341224,0.9761594036223008,0.1023584201856235,0.4573007972517336,0.2073473803459934,1.1835067839682942,256.0,0.0233183966742621,False,False
current,1,minmax,0.2776619301707346,0.3549423770661101,-0.1508211330880087,0.5090840385901474,0.1023584201856235,0.4573007972517336,0.3470813308754689,0.8561653694656163,108.0,8.477105034722222e-07,False,False
current,1,log_minmax,0.2776619301707346,0.3549423770661101,5.803936773201214,-40.06343991251512,0.1023584201856235,0.4573007972517336,-51.72080911109482,-91.78424902360996,29.0,8.477105034722222e-07,False,False
current,1,log_robust,0.2776619301707346,0.3549423770661101,-0.1959286106225648,1.034827753754552,0.1023584201856235,0.4573007972517336,0.1846150965101782,1.2194428502647303,256.0,0.0234981113009982,False,False
current,1,normal_score,0.2776619301707346,0.3549423770661101,-0.2247120957570885,1.2011584602280487,0.1023584201856235,0.4573007972517336,0.315003964497466,1.5161624247255148,256.0,6.781684027777778e-05,False,False
current,1,hist_eq,0.2776619301707346,0.3549423770661101,-0.1540584768584871,1.0055734319355012,0.1023584201856235,0.4573007972517336,0.2048668064256417,1.210440238361143,256.0,0.0039223564995659,False,False
current,1,log_local_norm_s12,0.2776619301707346,0.3549423770661101,0.1365336444084501,-0.2341401273919146,0.1023584201856235,0.4573007972517336,-0.0725751160790005,-0.3067152434709151,201.0,8.477105034722222e-07,False,False
current,1,log_local_norm_s48,0.2776619301707346,0.3549423770661101,0.1976423125567461,-0.225872694398003,0.1023584201856235,0.4573007972517336,-0.1148440154596942,-0.3407167098576972,198.0,8.477105034722222e-07,False,False
current,1,log_local_norm_s192,0.2776619301707346,0.3549423770661101,0.0608743293917946,0.4453413125997051,0.1023584201856235,0.4573007972517336,-0.2420671923935075,0.2032741202061976,188.0,8.477105034722222e-07,False,False
current,1,log_dither,0.2776619301707346,0.3549423770661101,-0.33328658113336,0.1858331955157675,0.1023584201856235,0.4573007972517336,0.5264018785665822,0.7122350740823497,29.0,8.477105034722222e-07,False,False
current,1,multichannel,0.2776619301707346,0.3549423770661101,-0.1272148964751482,0.7801963558535413,0.1023584201856235,0.4573007972517336,0.3121039167367755,1.0923002725903168,165.0,0.0,True,False
current,1,robust_unit_0.1_99.9,0.2776619301707346,0.3549423770661101,-0.1439803272198587,0.9917402860169288,0.1023584201856235,0.4573007972517336,0.2157125059085833,1.207452791925512,256.0,0.0042449103461371,False,False
current,1,robust_unit_5_95,0.2776619301707346,0.3549423770661101,1.4054127816800353,-38.23430609304264,0.1023584201856235,0.4573007972517336,-0.1009371066703479,-38.33524319971299,256.0,0.1037284003363715,False,False
current,1,hist_eq_dither,0.2776619301707346,0.3549423770661101,-0.1693668539173405,0.980696474808208,0.1023584201856235,0.4573007972517336,0.2473306088746084,1.2280270836828162,256.0,0.0040656195746527,False,False
current,1,normal_score_dither,0.2776619301707346,0.3549423770661101,-0.286250046335011,1.220358633002424,0.1023584201856235,0.4573007972517336,0.3783332375567749,1.598691870559199,256.0,5.8492024739583336e-05,False,False
current,1,asinh_mad_a0.25,0.2776619301707346,0.3549423770661101,-0.2238660788165394,0.6869370960971666,0.1023584201856235,0.4573007972517336,0.3777359452844833,1.06467304138165,198.0,8.477105034722222e-07,False,False
current,1,asinh_mad_a1,0.2776619301707346,0.3549423770661101,-0.2595852827871303,0.825724070923894,0.1023584201856235,0.4573007972517336,0.3379552833309711,1.1636793542548651,164.0,8.477105034722222e-07,False,False
current,1,asinh_mad_a4,0.2776619301707346,0.3549423770661101,-0.2250260120425495,0.6828130471685344,0.1023584201856235,0.4573007972517336,0.3657594756049435,1.048572522773478,122.0,8.477105034722222e-07,False,False
current,1,signpow_0.3,0.2776619301707346,0.3549423770661101,0.1431985698867905,-6.643811964827573,0.1023584201856235,0.4573007972517336,0.2710583760772816,-6.372753588750292,202.0,8.477105034722222e-07,False,False
current,1,local_affine_s96,0.2776619301707346,0.3549423770661101,0.1920795073141175,-0.2226466934877639,0.1023584201856235,0.4573007972517336,-0.1677927555662589,-0.3904394490540228,215.0,8.477105034722222e-07,False,False
current,1,bitsplit16,0.2776619301707346,0.3549423770661101,0.2336639190575691,0.8800988195991918,0.1023584201856235,0.4573007972517336,0.053961216223841,0.9340600358230328,252.0,6.357828776041667e-05,False,False
current,1,multiscale_rgb,0.2776619301707346,0.3549423770661101,-0.2247120957570885,1.2011584602280487,0.1023584201856235,0.4573007972517336,0.315003964497466,1.5161624247255148,229.0,0.0,False,False
current,1,CTRL_identity_f32,0.2776619301707346,0.3549423770661101,0.2776619301707346,0.3549423770661101,0.1023584201856235,0.4573007972517336,0.1023584201856235,0.4573007972517336,,,False,True
current,1,CTRL_minmax_noquant,0.2776619301707346,0.3549423770661101,0.2776619301707477,0.3549423770660094,0.1023584201856235,0.4573007972517336,0.1023584201856176,0.4573007972516271,,,False,True
current,1,CTRL_robust_1_99_noquant,0.2776619301707346,0.3549423770661101,0.2585980359475408,0.411900516508944,0.1023584201856235,0.4573007972517336,0.105012945303567,0.5169134618125111,,,False,True
current,1,CTRL_normal_score_noquant,0.2776619301707346,0.3549423770661101,0.2336369316968514,0.8800596691182075,0.1023584201856235,0.4573007972517336,0.0539074157542806,0.9339670848724884,,,False,True
scalematch,1,robust_unit_1_99,0.3649651018190905,-0.8819465379552038,0.1124052333784342,0.8408925805301875,-0.275107612756559,-1.1570541507117629,-1.4809881725370695,-0.6400955920068823,256.0,0.0201212565104166,False,False
scalematch,1,minmax,0.3649651018190905,-0.8819465379552038,1.79759018750892,-82.31580053559878,-0.275107612756559,-1.1570541507117629,21.98955800889054,-60.32624252670825,37.0,8.477105034722222e-07,False,False
scalematch,1,log_minmax,0.3649651018190905,-0.8819465379552038,5.759943569792664,-87.18249605655541,-0.275107612756559,-1.1570541507117629,63.00254090543548,-24.179955151119923,7.0,1.6954210069444444e-06,False,False
scalematch,1,log_robust,0.3649651018190905,-0.8819465379552038,0.1123377801426148,0.8445092863138096,-0.275107612756559,-1.1570541507117629,-1.480618574894952,-0.6361092885811422,256.0,0.0201208326551649,False,False
scalematch,1,normal_score,0.3649651018190905,-0.8819465379552038,0.0777365463809087,-0.2000626087465825,-0.275107612756559,-1.1570541507117629,-0.1552003959601091,-0.3552630047066916,256.0,6.781684027777778e-05,False,False
scalematch,1,hist_eq,0.3649651018190905,-0.8819465379552038,0.0263990167545209,-0.0372425293596677,-0.275107612756559,-1.1570541507117629,-0.3616446567150488,-0.3988871860747166,256.0,0.0039223564995659,False,False
scalematch,1,log_local_norm_s12,0.3649651018190905,-0.8819465379552038,0.1249269509229531,-0.2010333542754032,-0.275107612756559,-1.1570541507117629,-0.1042798726234868,-0.3053132268988901,202.0,8.477105034722222e-07,False,False
scalematch,1,log_local_norm_s48,0.3649651018190905,-0.8819465379552038,0.1590332598122765,-0.2031805543511286,-0.275107612756559,-1.1570541507117629,-0.1402400270931606,-0.3434205814442893,197.0,8.477105034722222e-07,False,False
scalematch,1,log_local_norm_s192,0.3649651018190905,-0.8819465379552038,0.1135083735234041,-0.2016389506161883,-0.275107612756559,-1.1570541507117629,-0.1607413348105858,-0.3623802854267741,195.0,8.477105034722222e-07,False,False
scalematch,1,log_dither,0.3649651018190905,-0.8819465379552038,-0.0075522811013501,-0.0023176138923284,-0.275107612756559,-1.1570541507117629,-0.0014447989824351,-0.0037624128747636,7.0,2.5431315104166665e-06,False,False
scalematch,1,multichannel,0.3649651018190905,-0.8819465379552038,0.0990739699443807,-0.201852178242313,-0.275107612756559,-1.1570541507117629,-0.1650064897300493,-0.3668586679723624,189.0,0.0,True,False
scalematch,1,robust_unit_0.1_99.9,0.3649651018190905,-0.8819465379552038,0.2679293361381871,-1.8834349013689735,-0.275107612756559,-1.1570541507117629,-0.3199529932263674,-2.203387894595341,256.0,0.002012464735243,False,False
scalematch,1,robust_unit_5_95,0.3649651018190905,-0.8819465379552038,-0.4027629192028439,14.164280561889065,-0.275107612756559,-1.1570541507117629,-14.641328281810544,-0.4770477199214795,256.0,0.1005605061848958,False,False
scalematch,1,hist_eq_dither,0.3649651018190905,-0.8819465379552038,0.026597149497082,-0.0408021365765256,-0.275107612756559,-1.1570541507117629,-0.3515050315204156,-0.3923071680969412,256.0,0.0040283203125,False,False
scalematch,1,normal_score_dither,0.3649651018190905,-0.8819465379552038,0.0742186179593418,-0.1835042800606499,-0.275107612756559,-1.1570541507117629,-0.1544865499970875,-0.3379908300577375,256.0,5.8915879991319445e-05,False,False
scalematch,1,asinh_mad_a0.25,0.3649651018190905,-0.8819465379552038,0.0517682569802329,-0.1815906840735126,-0.275107612756559,-1.1570541507117629,-0.1863817030374775,-0.3679723871109901,223.0,8.477105034722222e-07,False,False
scalematch,1,asinh_mad_a1,0.3649651018190905,-0.8819465379552038,0.1024710197706921,-0.213066645406032,-0.275107612756559,-1.1570541507117629,-0.1673517324445305,-0.3804183778505626,218.0,8.477105034722222e-07,False,False
scalematch,1,asinh_mad_a4,0.3649651018190905,-0.8819465379552038,0.1750562110890483,-0.7480978356917456,-0.275107612756559,-1.1570541507117629,-0.2394605811320813,-0.987558416823827,210.0,8.477105034722222e-07,False,False
scalematch,1,signpow_0.3,0.3649651018190905,-0.8819465379552038,0.1007740659541482,-1.714835249251521,-0.275107612756559,-1.1570541507117629,-0.2728327384638117,-1.9876679877153327,148.0,8.477105034722222e-07,False,False
scalematch,1,local_affine_s96,0.3649651018190905,-0.8819465379552038,0.1836519350391909,-1.8151300209459464,-0.275107612756559,-1.1570541507117629,-0.3321962798445531,-2.1473263007904992,237.0,8.477105034722222e-07,False,False
scalematch,1,bitsplit16,0.3649651018190905,-0.8819465379552038,0.0815707295919476,-0.2219549781168435,-0.275107612756559,-1.1570541507117629,-0.1560112789419213,-0.3779662570587648,252.0,6.357828776041667e-05,False,False
scalematch,1,multiscale_rgb,0.3649651018190905,-0.8819465379552038,0.0777365463809087,-0.2000626087465825,-0.275107612756559,-1.1570541507117629,-0.1552003959601091,-0.3552630047066916,235.0,0.0,False,False
scalematch,1,CTRL_identity_f32,0.3649651018190905,-0.8819465379552038,0.3649651018190905,-0.8819465379552038,-0.275107612756559,-1.1570541507117629,-0.275107612756559,-1.1570541507117629,,,False,True
scalematch,1,CTRL_minmax_noquant,0.3649651018190905,-0.8819465379552038,0.3649650893317415,-0.8819464329874158,-0.275107612756559,-1.1570541507117629,-0.2751075874206631,-1.157054020408079,,,False,True
scalematch,1,CTRL_robust_1_99_noquant,0.3649651018190905,-0.8819465379552038,0.1260266434014592,0.4285844548028973,-0.275107612756559,-1.1570541507117629,-1.1124552270578372,-0.6838707722549399,,,False,True
scalematch,1,CTRL_normal_score_noquant,0.3649651018190905,-0.8819465379552038,0.0815729923345598,-0.2219645366661214,-0.275107612756559,-1.1570541507117629,-0.1560100970151491,-0.3779746336812705,,,False,True
histmatch,1,robust_unit_1_99,0.1304039098396279,-0.3653491939378688,0.0905461913966536,0.8843622244532015,-0.2818760974263639,-0.6472252913642327,-1.3620273021078797,-0.4776650776546783,256.0,0.0201839870876736,False,False
histmatch,1,minmax,0.1304039098396279,-0.3653491939378688,0.5862669937527294,-12.473208235963767,-0.2818760974263639,-0.6472252913642327,-3.257642633223615,-15.730850869187384,101.0,8.477105034722222e-07,False,False
histmatch,1,log_minmax,0.1304039098396279,-0.3653491939378688,-0.6871335064608428,14.180676490710308,-0.2818760974263639,-0.6472252913642327,-43.700834154385305,-29.520157663675,33.0,8.477105034722222e-07,False,False
histmatch,1,log_robust,0.1304039098396279,-0.3653491939378688,0.089876105294393,0.8873888922750116,-0.2818760974263639,-0.6472252913642327,-1.362747476417657,-0.4753585841426454,256.0,0.0201844109429253,False,False
histmatch,1,normal_score,0.1304039098396279,-0.3653491939378688,0.084277009581742,-0.1915909230656898,-0.2818760974263639,-0.6472252913642327,-0.1463049102866178,-0.3378958333523076,256.0,6.781684027777778e-05,False,False
histmatch,1,hist_eq,0.1304039098396279,-0.3653491939378688,0.0322966262844,-0.0590939709675467,-0.2818760974263639,-0.6472252913642327,-0.3333979189421608,-0.3924918899097075,256.0,0.0039223564995659,False,False
histmatch,1,log_local_norm_s12,0.1304039098396279,-0.3653491939378688,0.1045112741446119,-0.1239593287120711,-0.2818760974263639,-0.6472252913642327,-0.0879961923906973,-0.2119555211027685,205.0,8.477105034722222e-07,False,False
histmatch,1,log_local_norm_s48,0.1304039098396279,-0.3653491939378688,0.0998389352428161,-0.1293281921014382,-0.2818760974263639,-0.6472252913642327,-0.1118010336393316,-0.2411292257407699,203.0,8.477105034722222e-07,False,False
histmatch,1,log_local_norm_s192,0.1304039098396279,-0.3653491939378688,0.0820212581169688,-0.1622815498050401,-0.2818760974263639,-0.6472252913642327,-0.1316709489682202,-0.2939524987732603,197.0,8.477105034722222e-07,False,False
histmatch,1,log_dither,0.1304039098396279,-0.3653491939378688,0.0055563569082823,-0.0021366265075006,-0.2818760974263639,-0.6472252913642327,0.1340391602607378,0.1319025337532371,35.0,8.477105034722222e-07,False,False
histmatch,1,multichannel,0.1304039098396279,-0.3653491939378688,0.0911382347334719,-0.1995610362773149,-0.2818760974263639,-0.6472252913642327,-0.1484197480491713,-0.3479807843264862,157.0,0.0,True,False
histmatch,1,robust_unit_0.1_99.9,0.1304039098396279,-0.3653491939378688,0.1368665172316472,-0.2085673207413088,-0.2818760974263639,-0.6472252913642327,-0.3100415850489861,-0.518608905790295,256.0,0.0020222134060329,False,False
histmatch,1,robust_unit_5_95,0.1304039098396279,-0.3653491939378688,-0.3735075723631564,13.134012497928346,-0.2818760974263639,-0.6472252913642327,-13.50861632387813,-0.3746038259497829,256.0,0.1006846957736545,False,False
histmatch,1,hist_eq_dither,0.1304039098396279,-0.3653491939378688,0.032207161726842,-0.0608890116725714,-0.2818760974263639,-0.6472252913642327,-0.3241948273174835,-0.385083838990055,256.0,0.0040846930609809,False,False
histmatch,1,normal_score_dither,0.1304039098396279,-0.3653491939378688,0.0808665956958509,-0.1761283968523348,-0.2818760974263639,-0.6472252913642327,-0.145272600443592,-0.3214009972959269,256.0,5.8492024739583336e-05,False,False
histmatch,1,asinh_mad_a0.25,0.1304039098396279,-0.3653491939378688,0.0552563382288171,-0.1774225106304565,-0.2818760974263639,-0.6472252913642327,-0.173583757558386,-0.3510062681888426,227.0,8.477105034722222e-07,False,False
histmatch,1,asinh_mad_a1,0.1304039098396279,-0.3653491939378688,0.0874537040841243,-0.1809271641537233,-0.2818760974263639,-0.6472252913642327,-0.1486460732680525,-0.3295732374217758,219.0,8.477105034722222e-07,False,False
histmatch,1,asinh_mad_a4,0.1304039098396279,-0.3653491939378688,0.1087219849239307,-0.1673173493107273,-0.2818760974263639,-0.6472252913642327,-0.2286622280158167,-0.395979577326544,205.0,8.477105034722222e-07,False,False
histmatch,1,signpow_0.3,0.1304039098396279,-0.3653491939378688,0.0572245036192129,-0.1409834110334794,-0.2818760974263639,-0.6472252913642327,-0.2895911791725787,-0.4305745902060581,198.0,8.477105034722222e-07,False,False
histmatch,1,local_affine_s96,0.1304039098396279,-0.3653491939378688,0.0942350954820492,-0.1702734840132232,-0.2818760974263639,-0.6472252913642327,-0.1647468639130507,-0.3350203479262739,227.0,8.477105034722222e-07,False,False
histmatch,1,bitsplit16,0.1304039098396279,-0.3653491939378688,0.0881182008126175,-0.2128373834646816,-0.2818760974263639,-0.6472252913642327,-0.1469667968904068,-0.3598041803550884,252.0,6.357828776041667e-05,False,False
histmatch,1,multiscale_rgb,0.1304039098396279,-0.3653491939378688,0.084277009581742,-0.1915909230656898,-0.2818760974263639,-0.6472252913642327,-0.1463049102866178,-0.3378958333523076,234.0,0.0,False,False
histmatch,1,CTRL_identity_f32,0.1304039098396279,-0.3653491939378688,0.1304039098396279,-0.3653491939378688,-0.2818760974263639,-0.6472252913642327,-0.2818760974263639,-0.6472252913642327,,,False,True
histmatch,1,CTRL_minmax_noquant,0.1304039098396279,-0.3653491939378688,0.1304039098396243,-0.3653491939378742,-0.2818760974263639,-0.6472252913642327,-0.2818760974263661,-0.6472252913642403,,,False,True
histmatch,1,CTRL_robust_1_99_noquant,0.1304039098396279,-0.3653491939378688,0.1008180533341842,0.5091117069878469,-0.2818760974263639,-0.6472252913642327,-1.0120112769830625,-0.5028995699952153,,,False,True
histmatch,1,CTRL_normal_score_noquant,0.1304039098396279,-0.3653491939378688,0.0881159222889149,-0.212819561925697,-0.2818760974263639,-0.6472252913642327,-0.1469683462078745,-0.3597879081335715,,,False,True
null_samec2,1,robust_unit_1_99,-0.0082878857793893,-0.1374486857778627,-0.0316499505038083,-0.1426038987336923,-0.0671965477739815,-0.2046452335518442,-0.0367351263044945,-0.1793390250381868,256.0,0.0220150417751736,False,False
null_samec2,1,minmax,-0.0082878857793893,-0.1374486857778627,0.0338971223783852,-0.1650705995716158,-0.0671965477739815,-0.2046452335518442,0.0639723287168786,-0.1010982708547372,140.0,8.477105034722222e-07,False,False
null_samec2,1,log_minmax,-0.0082878857793893,-0.1374486857778627,-0.2185212939451128,5.023433588618849,-0.0671965477739815,-0.2046452335518442,-16.216264224915722,-11.192830636296874,50.0,8.477105034722222e-07,False,False
null_samec2,1,log_robust,-0.0082878857793893,-0.1374486857778627,-0.0246156386885738,-0.1497828199866859,-0.0671965477739815,-0.2046452335518442,-0.0399350449581338,-0.1897178649448198,256.0,0.0220654805501302,False,False
null_samec2,1,normal_score,-0.0082878857793893,-0.1374486857778627,-0.0297881971233808,-0.0238968902825865,-0.0671965477739815,-0.2046452335518442,-0.0910259581674375,-0.1149228484500241,256.0,6.781684027777778e-05,False,False
null_samec2,1,hist_eq,-0.0082878857793893,-0.1374486857778627,-0.0254358938863383,-0.1536558674023708,-0.0671965477739815,-0.2046452335518442,-0.0392663158209399,-0.1929221832233107,256.0,0.0039223564995659,False,False
null_samec2,1,log_local_norm_s12,-0.0082878857793893,-0.1374486857778627,0.0220067448762713,-0.0298794299946292,-0.0671965477739815,-0.2046452335518442,-0.0644082162471729,-0.0942876462418022,211.0,8.477105034722222e-07,False,False
null_samec2,1,log_local_norm_s48,-0.0082878857793893,-0.1374486857778627,0.0548690647643854,-0.0108769816467546,-0.0671965477739815,-0.2046452335518442,-0.0813061569954609,-0.0921831386422155,206.0,8.477105034722222e-07,False,False
null_samec2,1,log_local_norm_s192,-0.0082878857793893,-0.1374486857778627,0.0137373493921382,0.0173278468126535,-0.0671965477739815,-0.2046452335518442,-0.1834471836259412,-0.1661193368132877,200.0,8.477105034722222e-07,False,False
null_samec2,1,log_dither,-0.0082878857793893,-0.1374486857778627,0.0297154951067974,-0.1166189694949302,-0.0671965477739815,-0.2046452335518442,0.2646188622889308,0.1479998927940005,53.0,8.477105034722222e-07,False,False
null_samec2,1,multichannel,-0.0082878857793893,-0.1374486857778627,0.0084627014945963,-0.1994263220772077,-0.0671965477739815,-0.2046452335518442,0.0052014216833369,-0.1942249003938707,151.0,0.0,True,False
null_samec2,1,robust_unit_0.1_99.9,-0.0082878857793893,-0.1374486857778627,-0.0202500045288434,-0.1423947307693745,-0.0671965477739815,-0.2046452335518442,-0.0378602755469677,-0.1802550063163422,256.0,0.0021129184299045,False,False
null_samec2,1,robust_unit_5_95,-0.0082878857793893,-0.1374486857778627,0.1155573096043691,-4.955213975997509,-0.0671965477739815,-0.2046452335518442,-0.2052680140827828,-5.160481990080292,256.0,0.1027475992838541,False,False
null_samec2,1,hist_eq_dither,-0.0082878857793893,-0.1374486857778627,-0.0215327182401108,-0.1592306373662863,-0.0671965477739815,-0.2046452335518442,-0.0222853216722465,-0.1815159590385328,256.0,0.0040766398111979,False,False
null_samec2,1,normal_score_dither,-0.0082878857793893,-0.1374486857778627,-0.0206016297408144,-0.0411111627804462,-0.0671965477739815,-0.2046452335518442,-0.0520568737253712,-0.0931680365058174,256.0,6.103515625e-05,False,False
null_samec2,1,asinh_mad_a0.25,-0.0082878857793893,-0.1374486857778627,0.0267131957714248,-0.2994495686033178,-0.0671965477739815,-0.2046452335518442,0.0379966868913372,-0.2614528817119805,223.0,8.477105034722222e-07,False,False
null_samec2,1,asinh_mad_a1,-0.0082878857793893,-0.1374486857778627,0.0086729417136377,-0.2031159031157439,-0.0671965477739815,-0.2046452335518442,0.0162845547159256,-0.1868313483998183,202.0,8.477105034722222e-07,False,False
null_samec2,1,asinh_mad_a4,-0.0082878857793893,-0.1374486857778627,0.020216197563913,-0.1742364671146677,-0.0671965477739815,-0.2046452335518442,0.0494428013685705,-0.1247936657460973,162.0,8.477105034722222e-07,False,False
null_samec2,1,signpow_0.3,-0.0082878857793893,-0.1374486857778627,0.0502337696643677,-0.3577116285604965,-0.0671965477739815,-0.2046452335518442,0.1072927789726221,-0.2504188495878743,220.0,8.477105034722222e-07,False,False
null_samec2,1,local_affine_s96,-0.0082878857793893,-0.1374486857778627,0.0486757844377352,-0.0012501600359712,-0.0671965477739815,-0.2046452335518442,-0.1220650420074151,-0.1233152020433864,224.0,8.477105034722222e-07,False,False
null_samec2,1,bitsplit16,-0.0082878857793893,-0.1374486857778627,-0.037690811747137,-0.0048317719923096,-0.0671965477739815,-0.2046452335518442,-0.1336775884890823,-0.138509360481392,252.0,6.357828776041667e-05,False,False
null_samec2,1,multiscale_rgb,-0.0082878857793893,-0.1374486857778627,-0.0297881971233808,-0.0238968902825865,-0.0671965477739815,-0.2046452335518442,-0.0910259581674375,-0.1149228484500241,232.0,0.0,False,False
null_samec2,1,CTRL_identity_f32,-0.0082878857793893,-0.1374486857778627,-0.0082878857793893,-0.1374486857778627,-0.0671965477739815,-0.2046452335518442,-0.0671965477739815,-0.2046452335518442,,,False,True
null_samec2,1,CTRL_minmax_noquant,-0.0082878857793893,-0.1374486857778627,-0.0082878857935499,-0.1374486857615869,-0.0671965477739815,-0.2046452335518442,-0.0671965478442671,-0.204645233605854,,,False,True
null_samec2,1,CTRL_robust_1_99_noquant,-0.0082878857793893,-0.1374486857778627,-0.0344409296359957,-0.136908517422867,-0.0671965477739815,-0.2046452335518442,-0.0489427537952571,-0.1858512712181242,,,False,True
null_samec2,1,CTRL_normal_score_noquant,-0.0082878857793893,-0.1374486857778627,-0.0376913430077774,-0.00483339827625,-0.0671965477739815,-0.2046452335518442,-0.1336713032779509,-0.138504701554201,,,False,True
null_ampramp,1,robust_unit_1_99,0.2884227691737695,0.5505469784690884,-0.3031192415280399,1.180150716666298,0.3369434385424397,0.8874904170115281,0.5391734801319733,1.7193241967982713,256.0,0.0237252977159288,False,False
null_ampramp,1,minmax,0.2884227691737695,0.5505469784690884,-0.3649042298483744,1.0450965461987654,0.3369434385424397,0.8874904170115281,0.6345463549719929,1.679642901170758,203.0,8.477105034722222e-07,False,False
null_ampramp,1,log_minmax,0.2884227691737695,0.5505469784690884,-0.5143693198552728,13.0491879482837,0.3369434385424397,0.8874904170115281,-10.86269878689704,2.186489161386659,212.0,8.477105034722222e-07,False,False
null_ampramp,1,log_robust,0.2884227691737695,0.5505469784690884,0.1317392666127101,2.5574756690797185,0.3369434385424397,0.8874904170115281,-0.4732887368826049,2.0841869321971136,256.0,0.0279939439561631,False,False
null_ampramp,1,normal_score,0.2884227691737695,0.5505469784690884,-0.3667969903390073,1.2537910097581662,0.3369434385424397,0.8874904170115281,0.7230386982920447,1.9768297080502109,256.0,6.781684027777778e-05,False,False
null_ampramp,1,hist_eq,0.2884227691737695,0.5505469784690884,-0.3141188382047257,1.165685852003894,0.3369434385424397,0.8874904170115281,0.5605222062436205,1.7262080582475146,256.0,0.0039223564995659,False,False
null_ampramp,1,log_local_norm_s12,0.2884227691737695,0.5505469784690884,0.1401715879597589,-0.0991570999587009,0.3369434385424397,0.8874904170115281,-0.0949007636254004,-0.1940578635841013,210.0,8.477105034722222e-07,False,False
null_ampramp,1,log_local_norm_s48,0.2884227691737695,0.5505469784690884,0.3646953274630222,0.0488927599067592,0.3369434385424397,0.8874904170115281,-0.1418224478960283,-0.092929687989269,221.0,8.477105034722222e-07,False,False
null_ampramp,1,log_local_norm_s192,0.2884227691737695,0.5505469784690884,0.4194852118965531,0.9405933696800268,0.3369434385424397,0.8874904170115281,-0.1156270646148516,0.8249663050651753,224.0,8.477105034722222e-07,False,False
null_ampramp,1,log_dither,0.2884227691737695,0.5505469784690884,0.2946606437890422,1.4112355988029015,0.3369434385424397,0.8874904170115281,0.8224723750216966,2.233707973824598,211.0,8.477105034722222e-07,False,False
null_ampramp,1,multichannel,0.2884227691737695,0.5505469784690884,-0.2980221016990441,1.0035801995881617,0.3369434385424397,0.8874904170115281,0.6560953059352227,1.659675505523384,182.0,0.0,True,False
null_ampramp,1,robust_unit_0.1_99.9,0.2884227691737695,0.5505469784690884,-0.3039635383795347,1.1636448900377732,0.3369434385424397,0.8874904170115281,0.5577465821348002,1.7213914721725734,256.0,0.0043394300672743,False,False
null_ampramp,1,robust_unit_5_95,0.2884227691737695,0.5505469784690884,-1.3789361414777193,30.28248791190014,0.3369434385424397,0.8874904170115281,-28.880572240294743,1.401915671605399,256.0,0.1034677293565538,False,False
null_ampramp,1,hist_eq_dither,0.2884227691737695,0.5505469784690884,-0.3084841932045825,1.1363496387541288,0.3369434385424397,0.8874904170115281,0.5928340627428479,1.7291837014969766,256.0,0.0040842692057291,False,False
null_ampramp,1,normal_score_dither,0.2884227691737695,0.5505469784690884,-0.4469797717092834,1.3336425476789708,0.3369434385424397,0.8874904170115281,0.7863262235100069,2.1199687711889776,256.0,6.273057725694444e-05,False,False
null_ampramp,1,asinh_mad_a0.25,0.2884227691737695,0.5505469784690884,-0.2896155024158882,0.8138263656976401,0.3369434385424397,0.8874904170115281,0.715279633653725,1.5291059993513652,242.0,0.0015805562337239,False,False
null_ampramp,1,asinh_mad_a1,0.2884227691737695,0.5505469784690884,-0.3338654394122951,1.0222331999118672,0.3369434385424397,0.8874904170115281,0.6373673472489896,1.6596005471608568,227.0,1.6954210069444444e-06,False,False
null_ampramp,1,asinh_mad_a4,0.2884227691737695,0.5505469784690884,-0.3650436463306414,1.0671027961682098,0.3369434385424397,0.8874904170115281,0.6296480320469034,1.6967508282151131,208.0,8.477105034722222e-07,False,False
null_ampramp,1,signpow_0.3,0.2884227691737695,0.5505469784690884,-0.1618159413631392,0.4208533007374193,0.3369434385424397,0.8874904170115281,0.663598551843424,1.084451852580843,243.0,0.0032730102539062,False,False
null_ampramp,1,local_affine_s96,0.2884227691737695,0.5505469784690884,0.1850047721304022,-0.07980837747124,0.3369434385424397,0.8874904170115281,-0.1908041178182254,-0.2706124952894654,219.0,8.477105034722222e-07,False,False
null_ampramp,1,bitsplit16,0.2884227691737695,0.5505469784690884,0.1784908615168308,1.2305206026776307,0.3369434385424397,0.8874904170115281,0.2711609151107427,1.5016815177883736,252.0,6.357828776041667e-05,False,False
null_ampramp,1,multiscale_rgb,0.2884227691737695,0.5505469784690884,-0.3667969903390073,1.2537910097581662,0.3369434385424397,0.8874904170115281,0.7230386982920447,1.9768297080502109,230.0,0.0,False,False
null_ampramp,1,CTRL_identity_f32,0.2884227691737695,0.5505469784690884,0.2884227691737695,0.5505469784690884,0.3369434385424397,0.8874904170115281,0.3369434385424397,0.8874904170115281,,,False,True
null_ampramp,1,CTRL_minmax_noquant,0.2884227691737695,0.5505469784690884,0.2884227694324091,0.5505469775866915,0.3369434385424397,0.8874904170115281,0.336943438476729,0.8874904160634205,,,False,True
null_ampramp,1,CTRL_robust_1_99_noquant,0.2884227691737695,0.5505469784690884,0.2572452499384237,0.6060623365503608,0.3369434385424397,0.8874904170115281,0.3402215045410735,0.9462838410914344,,,False,True
null_ampramp,1,CTRL_normal_score_noquant,0.2884227691737695,0.5505469784690884,0.178550833020856,1.2304002411498345,0.3369434385424397,0.8874904170115281,0.2710845718159405,1.5014848129657747,,,False,True
current,2,robust_unit_1_99,0.22598442715715,0.1379231544391581,0.0815238729275933,0.572816143532193,-0.1690680184398462,-0.0311448640006881,-0.1749122957782641,0.3979038477539289,256.0,0.0224791632758246,False,False
current,2,minmax,0.22598442715715,0.1379231544391581,2.6139985652968534,-51.89720817002345,-0.1690680184398462,-0.0311448640006881,-1.181766196688251,-53.0789743667117,79.0,8.477105034722222e-07,False,False
current,2,log_minmax,0.22598442715715,0.1379231544391581,1.5023594949649717,-30.53216101101644,-0.1690680184398462,-0.0311448640006881,-3.1235063097245024,-33.65566732074094,74.0,8.477105034722222e-07,False,False
current,2,log_robust,0.22598442715715,0.1379231544391581,0.1293597939657331,0.5221838436784458,-0.1690680184398462,-0.0311448640006881,-0.1864071740763757,0.3357766696020701,256.0,0.022078620062934,False,False
current,2,normal_score,0.22598442715715,0.1379231544391581,0.0417067562461954,0.7893909013013786,-0.1690680184398462,-0.0311448640006881,-0.0652921591600436,0.7240987421413349,256.0,6.781684027777778e-05,False,False
current,2,hist_eq,0.22598442715715,0.1379231544391581,0.0677742929200628,0.6247030296641639,-0.1690680184398462,-0.0311448640006881,-0.2210955644170711,0.4036074652470928,256.0,0.0039223564995659,False,False
current,2,log_local_norm_s12,0.22598442715715,0.1379231544391581,0.0818242605142927,-0.138579203035658,-0.1690680184398462,-0.0311448640006881,-0.0780827675741808,-0.2166619706098389,220.0,8.477105034722222e-07,False,False
current,2,log_local_norm_s48,0.22598442715715,0.1379231544391581,0.1261995952095764,-0.1786779352341969,-0.1690680184398462,-0.0311448640006881,-0.112391236733759,-0.291069171967956,216.0,8.477105034722222e-07,False,False
current,2,log_local_norm_s192,0.22598442715715,0.1379231544391581,0.1631308194238303,0.0179836063162136,-0.1690680184398462,-0.0311448640006881,-0.2071581146792915,-0.1891745083630778,212.0,8.477105034722222e-07,False,False
current,2,log_dither,0.22598442715715,0.1379231544391581,-0.3096707452926615,0.58687499095773,-0.1690680184398462,-0.0311448640006881,0.1352418196774363,0.7221168106351663,73.0,8.477105034722222e-07,False,False
current,2,multichannel,0.22598442715715,0.1379231544391581,-0.0553260153565511,0.5904327192319262,-0.1690680184398462,-0.0311448640006881,-0.12161830762186,0.4688144116100661,146.0,0.0,True,False
current,2,robust_unit_0.1_99.9,0.22598442715715,0.1379231544391581,0.0609873743461915,0.5906215820458189,-0.1690680184398462,-0.0311448640006881,-0.1526717596134862,0.4379498224323326,256.0,0.0042029486762152,False,False
current,2,robust_unit_5_95,0.22598442715715,0.1379231544391581,-0.133437976731918,6.013277230093387,-0.1690680184398462,-0.0311448640006881,-5.90462238974357,0.1086548403498173,256.0,0.1028175354003906,False,False
current,2,hist_eq_dither,0.22598442715715,0.1379231544391581,0.0384444516095678,0.6501405665970502,-0.1690680184398462,-0.0311448640006881,-0.2033690368904623,0.4467715297065879,256.0,0.004058837890625,False,False
current,2,normal_score_dither,0.22598442715715,0.1379231544391581,-0.0138406620471265,0.8097155751850473,-0.1690680184398462,-0.0311448640006881,-0.0321804914403487,0.7775350837446986,256.0,6.188286675347222e-05,False,False
current,2,asinh_mad_a0.25,0.22598442715715,0.1379231544391581,-0.0512217688580407,-0.1840007428184952,-0.1690680184398462,-0.0311448640006881,-0.223360639882207,-0.4073613827007023,205.0,8.477105034722222e-07,False,False
current,2,asinh_mad_a1,0.22598442715715,0.1379231544391581,-0.0653195298150082,0.5982879763771533,-0.1690680184398462,-0.0311448640006881,-0.1389826805485004,0.4593052958286528,177.0,8.477105034722222e-07,False,False
current,2,asinh_mad_a4,0.22598442715715,0.1379231544391581,0.4058466055904524,-10.960059284239495,-0.1690680184398462,-0.0311448640006881,-0.0612273166482338,-11.021286600887729,130.0,8.477105034722222e-07,False,False
current,2,signpow_0.3,0.22598442715715,0.1379231544391581,0.3815105303350552,-11.54653423745433,-0.1690680184398462,-0.0311448640006881,-0.2203736340446923,-11.766907871499022,192.0,8.477105034722222e-07,False,False
current,2,local_affine_s96,0.22598442715715,0.1379231544391581,0.1484228373715341,-0.2263384979477463,-0.1690680184398462,-0.0311448640006881,-0.1560549830391869,-0.3823934809869332,217.0,8.477105034722222e-07,False,False
current,2,bitsplit16,0.22598442715715,0.1379231544391581,0.2048130202532982,0.5555147354837322,-0.1690680184398462,-0.0311448640006881,-0.1222085601324178,0.4333061753513142,252.0,6.357828776041667e-05,False,False
current,2,multiscale_rgb,0.22598442715715,0.1379231544391581,0.0417067562461954,0.7893909013013786,-0.1690680184398462,-0.0311448640006881,-0.0652921591600436,0.7240987421413349,229.0,0.0,False,False
current,2,CTRL_identity_f32,0.22598442715715,0.1379231544391581,0.22598442715715,0.1379231544391581,-0.1690680184398462,-0.0311448640006881,-0.1690680184398462,-0.0311448640006881,,,False,True
current,2,CTRL_minmax_noquant,0.22598442715715,0.1379231544391581,0.2259844271830646,0.1379231543314718,-0.1690680184398462,-0.0311448640006881,-0.1690680184446896,-0.0311448641132178,,,False,True
current,2,CTRL_robust_1_99_noquant,0.22598442715715,0.1379231544391581,0.2273214792794295,0.1937358340088536,-0.1690680184398462,-0.0311448640006881,-0.1815896233469621,0.0121462106618914,,,False,True
current,2,CTRL_normal_score_noquant,0.22598442715715,0.1379231544391581,0.2048036590483242,0.5555122995030776,-0.1690680184398462,-0.0311448640006881,-0.1221936491077835,0.433318650395294,,,False,True
scalematch,2,robust_unit_1_99,0.240500950232336,-0.7042021409835307,0.0877843315499378,-0.3612971665074986,-0.350507334925627,-1.0547094759091578,-0.3203074053800164,-0.681604571887515,256.0,0.0201513502332899,False,False
scalematch,2,minmax,0.240500950232336,-0.7042021409835307,1.4724833409921845,-72.84436444924017,-0.350507334925627,-1.0547094759091578,24.627846673760583,-48.2165177754796,36.0,8.477105034722222e-07,False,False
scalematch,2,log_minmax,0.240500950232336,-0.7042021409835307,3.0984580350279582,-70.71907418632264,-0.350507334925627,-1.0547094759091578,45.36337203372872,-25.35570215259393,31.0,8.477105034722222e-07,False,False
scalematch,2,log_robust,0.240500950232336,-0.7042021409835307,0.0872063948132026,-0.3589260105531503,-0.350507334925627,-1.0547094759091578,-0.32073429013398,-0.6796603006871303,256.0,0.0201509263780381,False,False
scalematch,2,normal_score,0.240500950232336,-0.7042021409835307,0.0652985197057507,-0.1878038494629235,-0.350507334925627,-1.0547094759091578,-0.1377654784241272,-0.3255693278870507,256.0,6.781684027777778e-05,False,False
scalematch,2,hist_eq,0.240500950232336,-0.7042021409835307,0.0427870806369645,-0.1075252967513542,-0.350507334925627,-1.0547094759091578,-0.1996378073609103,-0.3071631041122646,256.0,0.0039223564995659,False,False
scalematch,2,log_local_norm_s12,0.240500950232336,-0.7042021409835307,0.1179295616572686,-0.1613111353073998,-0.350507334925627,-1.0547094759091578,-0.1064929381566552,-0.267804073464055,214.0,8.477105034722222e-07,False,False
scalematch,2,log_local_norm_s48,0.240500950232336,-0.7042021409835307,0.0818512652160032,-0.1556726388554613,-0.350507334925627,-1.0547094759091578,-0.1385482609350718,-0.2942208997905332,209.0,8.477105034722222e-07,False,False
scalematch,2,log_local_norm_s192,0.240500950232336,-0.7042021409835307,0.0505656077074534,-0.2230052195948063,-0.350507334925627,-1.0547094759091578,-0.1665085270351244,-0.3895137466299307,207.0,8.477105034722222e-07,False,False
scalematch,2,log_dither,0.240500950232336,-0.7042021409835307,0.009187045028729,0.0085051930576048,-0.350507334925627,-1.0547094759091578,-0.0073289852918368,0.0011762077657679,32.0,8.477105034722222e-07,False,False
scalematch,2,multichannel,0.240500950232336,-0.7042021409835307,0.0653239058503392,-0.2027797804108615,-0.350507334925627,-1.0547094759091578,-0.1797646838761734,-0.382544464287035,203.0,0.0,True,False
scalematch,2,robust_unit_0.1_99.9,0.240500950232336,-0.7042021409835307,0.1871005863791683,-2.1451455683822034,-0.350507334925627,-1.0547094759091578,-0.2890572735213226,-2.434202841903526,256.0,0.0020192464192708,False,False
scalematch,2,robust_unit_5_95,0.240500950232336,-0.7042021409835307,0.0632759937890852,-0.2896169336259724,-0.350507334925627,-1.0547094759091578,-0.1902399940408469,-0.4798569276668193,256.0,0.1006160312228732,False,False
scalematch,2,hist_eq_dither,0.240500950232336,-0.7042021409835307,0.0422335902619233,-0.1042312807242679,-0.350507334925627,-1.0547094759091578,-0.1995518662317608,-0.3037831469560287,256.0,0.0041016472710503,False,False
scalematch,2,normal_score_dither,0.240500950232336,-0.7042021409835307,0.0641119781729768,-0.1812929513834671,-0.350507334925627,-1.0547094759091578,-0.1370333375624537,-0.3183262889459208,256.0,6.061130099826389e-05,False,False
scalematch,2,asinh_mad_a0.25,0.240500950232336,-0.7042021409835307,0.0450420177560639,-0.0851601461860658,-0.350507334925627,-1.0547094759091578,-0.1830278132533605,-0.2681879594394263,227.0,8.477105034722222e-07,False,False
scalematch,2,asinh_mad_a1,0.240500950232336,-0.7042021409835307,0.0598263793548401,-0.1757488803423977,-0.350507334925627,-1.0547094759091578,-0.1781433260745683,-0.353892206416966,219.0,8.477105034722222e-07,False,False
scalematch,2,asinh_mad_a4,0.240500950232336,-0.7042021409835307,0.0768244513659002,-0.3894045979810876,-0.350507334925627,-1.0547094759091578,-0.251752656044627,-0.6411572540257147,213.0,8.477105034722222e-07,False,False
scalematch,2,signpow_0.3,0.240500950232336,-0.7042021409835307,0.0430036338610508,-0.0820602348692607,-0.350507334925627,-1.0547094759091578,-0.2529824585301096,-0.3350426933993704,146.0,8.477105034722222e-07,False,False
scalematch,2,local_affine_s96,0.240500950232336,-0.7042021409835307,0.1931429903797661,-2.536373864530996,-0.350507334925627,-1.0547094759091578,-0.2627564093952717,-2.799130273926268,233.0,8.477105034722222e-07,False,False
scalematch,2,bitsplit16,0.240500950232336,-0.7042021409835307,0.0687823870915111,-0.2082762426247665,-0.350507334925627,-1.0547094759091578,-0.1382560770220807,-0.3465323196468472,252.0,6.357828776041667e-05,False,False
scalematch,2,multiscale_rgb,0.240500950232336,-0.7042021409835307,0.0652985197057507,-0.1878038494629235,-0.350507334925627,-1.0547094759091578,-0.1377654784241272,-0.3255693278870507,237.0,0.0,False,False
scalematch,2,CTRL_identity_f32,0.240500950232336,-0.7042021409835307,0.240500950232336,-0.7042021409835307,-0.350507334925627,-1.0547094759091578,-0.350507334925627,-1.0547094759091578,,,False,True
scalematch,2,CTRL_minmax_noquant,0.240500950232336,-0.7042021409835307,0.2405009258016985,-0.7042019416418714,-0.350507334925627,-1.0547094759091578,-0.3505072846348087,-1.0547092262766802,,,False,True
scalematch,2,CTRL_robust_1_99_noquant,0.240500950232336,-0.7042021409835307,0.0983300259930612,-0.4272714385226689,-0.350507334925627,-1.0547094759091578,-0.3257025149268019,-0.7529739534494708,,,False,True
scalematch,2,CTRL_normal_score_noquant,0.240500950232336,-0.7042021409835307,0.0687839462688315,-0.2082786182909476,-0.350507334925627,-1.0547094759091578,-0.138256439908969,-0.3465350581999166,,,False,True
histmatch,2,robust_unit_1_99,0.0410271890030828,-0.2675589584071406,0.0653070640339996,-0.2220165867504458,-0.312735832681087,-0.5802947910882277,-0.244510953587102,-0.4665275403375479,256.0,0.0201839870876736,False,False
histmatch,2,minmax,0.0410271890030828,-0.2675589584071406,0.4305057218794046,-10.963714206094483,-0.312735832681087,-0.5802947910882277,-2.1194174337348874,-13.08313163982937,112.0,8.477105034722222e-07,False,False
histmatch,2,log_minmax,0.0410271890030828,-0.2675589584071406,0.6678798896373723,-15.6327198227443,-0.312735832681087,-0.5802947910882277,-4.394151373646823,-20.026871196391124,85.0,8.477105034722222e-07,False,False
histmatch,2,log_robust,0.0410271890030828,-0.2675589584071406,0.0680901241253149,-0.2117643987734476,-0.312735832681087,-0.5802947910882277,-0.2473710682344944,-0.4591354670079421,256.0,0.0201831393771701,False,False
histmatch,2,normal_score,0.0410271890030828,-0.2675589584071406,0.0619037022434896,-0.1634978712590944,-0.312735832681087,-0.5802947910882277,-0.1457245033417015,-0.309222374600796,256.0,6.781684027777778e-05,False,False
histmatch,2,hist_eq,0.0410271890030828,-0.2675589584071406,0.0453915243118749,-0.1066241481273091,-0.312735832681087,-0.5802947910882277,-0.1908189457191493,-0.2974430938464585,256.0,0.0039223564995659,False,False
histmatch,2,log_local_norm_s12,0.0410271890030828,-0.2675589584071406,0.1036639505577117,-0.1012114579023122,-0.312735832681087,-0.5802947910882277,-0.0904869946595902,-0.1916984525619025,229.0,8.477105034722222e-07,False,False
histmatch,2,log_local_norm_s48,0.0410271890030828,-0.2675589584071406,0.0504508789751012,-0.1099708967488519,-0.312735832681087,-0.5802947910882277,-0.1156772456194559,-0.2256481423683079,229.0,8.477105034722222e-07,False,False
histmatch,2,log_local_norm_s192,0.0410271890030828,-0.2675589584071406,0.030066707378823,-0.1627228683796982,-0.312735832681087,-0.5802947910882277,-0.1263690557520832,-0.2890919241317815,225.0,8.477105034722222e-07,False,False
histmatch,2,log_dither,0.0410271890030828,-0.2675589584071406,-0.0872501735143999,0.0490254888593499,-0.312735832681087,-0.5802947910882277,0.0164322384127303,0.0654577272720803,85.0,8.477105034722222e-07,False,False
histmatch,2,multichannel,0.0410271890030828,-0.2675589584071406,0.0568606709922476,-0.1552702764029546,-0.312735832681087,-0.5802947910882277,-0.152882178114809,-0.3081524545177637,181.0,0.0,True,False
histmatch,2,robust_unit_0.1_99.9,0.0410271890030828,-0.2675589584071406,0.0442327739310541,-0.1781814607212306,-0.312735832681087,-0.5802947910882277,-0.3062125608943103,-0.484394021615541,256.0,0.0020243326822916,False,False
histmatch,2,robust_unit_5_95,0.0410271890030828,-0.2675589584071406,0.0546743687637789,-0.2291096402023067,-0.312735832681087,-0.5802947910882277,-0.158922562804272,-0.3880322030065788,256.0,0.1007393731011284,False,False
histmatch,2,hist_eq_dither,0.0410271890030828,-0.2675589584071406,0.0449725360533559,-0.1039152580933061,-0.312735832681087,-0.5802947910882277,-0.1902913164502475,-0.2942065745435537,256.0,0.0040961371527777,False,False
histmatch,2,normal_score_dither,0.0410271890030828,-0.2675589584071406,0.0607308839662112,-0.155307977856335,-0.312735832681087,-0.5802947910882277,-0.1445499877582216,-0.2998579656145566,256.0,6.145901150173611e-05,False,False
histmatch,2,asinh_mad_a0.25,0.0410271890030828,-0.2675589584071406,0.0559674584548282,-0.0731781196640828,-0.312735832681087,-0.5802947910882277,-0.1810082184179976,-0.2541863380820804,241.0,8.477105034722222e-07,False,False
histmatch,2,asinh_mad_a1,0.0410271890030828,-0.2675589584071406,0.0572181703262038,-0.1566407409714407,-0.312735832681087,-0.5802947910882277,-0.1542031741615083,-0.310843915132949,236.0,8.477105034722222e-07,False,False
histmatch,2,asinh_mad_a4,0.0410271890030828,-0.2675589584071406,0.038999035382043,-0.1393793764214604,-0.312735832681087,-0.5802947910882277,-0.2409961742483383,-0.3803755506697988,224.0,8.477105034722222e-07,False,False
histmatch,2,signpow_0.3,0.0410271890030828,-0.2675589584071406,0.0624830553669311,-0.043818387970394,-0.312735832681087,-0.5802947910882277,-0.3150514113154791,-0.3588697992858731,215.0,8.477105034722222e-07,False,False
histmatch,2,local_affine_s96,0.0410271890030828,-0.2675589584071406,0.0304130405128741,-0.1593259391716191,-0.312735832681087,-0.5802947910882277,-0.1644237346314062,-0.3237496738030254,232.0,8.477105034722222e-07,False,False
histmatch,2,bitsplit16,0.0410271890030828,-0.2675589584071406,0.0655092962659675,-0.1815961268898757,-0.312735832681087,-0.5802947910882277,-0.145885041235722,-0.3274811681255978,252.0,6.357828776041667e-05,False,False
histmatch,2,multiscale_rgb,0.0410271890030828,-0.2675589584071406,0.0619037022434896,-0.1634978712590944,-0.312735832681087,-0.5802947910882277,-0.1457245033417015,-0.309222374600796,234.0,0.0,False,False
histmatch,2,CTRL_identity_f32,0.0410271890030828,-0.2675589584071406,0.0410271890030828,-0.2675589584071406,-0.312735832681087,-0.5802947910882277,-0.312735832681087,-0.5802947910882277,,,False,True
histmatch,2,CTRL_minmax_noquant,0.0410271890030828,-0.2675589584071406,0.0410271890047717,-0.2675589584164632,-0.312735832681087,-0.5802947910882277,-0.3127358326836238,-0.5802947911000871,,,False,True
histmatch,2,CTRL_robust_1_99_noquant,0.0410271890030828,-0.2675589584071406,0.0696846261460315,-0.2480809222759875,-0.312735832681087,-0.5802947910882277,-0.2453674639611201,-0.4934483862371077,,,False,True
histmatch,2,CTRL_normal_score_noquant,0.0410271890030828,-0.2675589584071406,0.0655092942116648,-0.1816025081548574,-0.312735832681087,-0.5802947910882277,-0.1458858406240359,-0.3274883487788934,,,False,True
null_samec2,2,robust_unit_1_99,-0.0161281658510334,-0.1684576962030111,-0.0117037858897717,-0.1553823058339949,0.0954404000930054,-0.0730172961100056,0.1346788737376792,-0.0207034320963156,256.0,0.0231107076009114,False,False
null_samec2,2,minmax,-0.0161281658510334,-0.1684576962030111,-0.0003460825009098,-0.173460155355196,0.0954404000930054,-0.0730172961100056,0.1825538317808679,0.0090936764256719,217.0,8.477105034722222e-07,False,False
null_samec2,2,log_minmax,-0.0161281658510334,-0.1684576962030111,0.1501581708329407,-4.8571051524070565,0.0954404000930054,-0.0730172961100056,0.1159400276136483,-4.741165124793408,86.0,8.477105034722222e-07,False,False
null_samec2,2,log_robust,-0.0161281658510334,-0.1684576962030111,-0.0317293076694473,-0.1146288195013634,0.0954404000930054,-0.0730172961100056,0.1102737241114437,-0.0043550953899197,256.0,0.0232760111490885,False,False
null_samec2,2,normal_score,-0.0161281658510334,-0.1684576962030111,-0.0075486825611801,-0.1288784082006555,0.0954404000930054,-0.0730172961100056,0.1140489697587359,-0.0148294384419196,256.0,6.781684027777778e-05,False,False
null_samec2,2,hist_eq,-0.0161281658510334,-0.1684576962030111,-0.0078930334618796,-0.1644874803565888,0.0954404000930054,-0.0730172961100056,0.1449067422088707,-0.019580738147718,256.0,0.0039223564995659,False,False
null_samec2,2,log_local_norm_s12,-0.0161281658510334,-0.1684576962030111,0.0583824318147419,-0.0249031824186431,0.0954404000930054,-0.0730172961100056,-0.0641978349885289,-0.089101017407172,227.0,8.477105034722222e-07,False,False
null_samec2,2,log_local_norm_s48,-0.0161281658510334,-0.1684576962030111,0.052267075566152,0.0078990184024441,0.0954404000930054,-0.0730172961100056,-0.102743548172736,-0.0948445297702918,227.0,8.477105034722222e-07,False,False
null_samec2,2,log_local_norm_s192,-0.0161281658510334,-0.1684576962030111,0.0153164322578838,-0.0011920805999116,0.0954404000930054,-0.0730172961100056,-0.1951216099389939,-0.1963136905389055,219.0,1.2715657552083333e-06,False,False
null_samec2,2,log_dither,-0.0161281658510334,-0.1684576962030111,-0.1440852889145487,-0.0359158862907872,0.0954404000930054,-0.0730172961100056,0.3130207411705507,0.2771048548797635,88.0,8.477105034722222e-07,False,False
null_samec2,2,multichannel,-0.0161281658510334,-0.1684576962030111,0.0091552715317873,-0.1976708925816024,0.0954404000930054,-0.0730172961100056,0.2078863373714078,0.0102154447898054,144.0,0.0,True,False
null_samec2,2,robust_unit_0.1_99.9,-0.0161281658510334,-0.1684576962030111,-0.0062833759202949,-0.1731304327964736,0.0954404000930054,-0.0730172961100056,0.1512364559210706,-0.0218939768754029,256.0,0.0022625393337673,False,False
null_samec2,2,robust_unit_5_95,-0.0161281658510334,-0.1684576962030111,0.112507896318992,-4.174214419885956,0.0954404000930054,-0.0730172961100056,-0.2469848133039065,-4.421199233189863,256.0,0.1037423875596788,False,False
null_samec2,2,hist_eq_dither,-0.0161281658510334,-0.1684576962030111,0.0001033281437545,-0.1665328060460436,0.0954404000930054,-0.0730172961100056,0.1703757176948075,0.0038429116487639,256.0,0.004110124376085,False,False
null_samec2,2,normal_score_dither,-0.0161281658510334,-0.1684576962030111,-0.0020015054643527,-0.1296098091426552,0.0954404000930054,-0.0730172961100056,0.174046859619913,0.0444370504772578,256.0,6.188286675347222e-05,False,False
null_samec2,2,asinh_mad_a0.25,-0.0161281658510334,-0.1684576962030111,0.0167678386724612,-0.2460463217767334,0.0954404000930054,-0.0730172961100056,0.245305016457475,-0.0007413053192584,247.0,8.477105034722222e-07,False,False
null_samec2,2,asinh_mad_a1,-0.0161281658510334,-0.1684576962030111,0.0019779036890281,-0.1945861190480692,0.0954404000930054,-0.0730172961100056,0.1879267950452149,-0.0066593240028542,235.0,8.477105034722222e-07,False,False
null_samec2,2,asinh_mad_a4,-0.0161281658510334,-0.1684576962030111,-0.0013539560176722,-0.174684530847653,0.0954404000930054,-0.0730172961100056,0.1782689247195226,0.0035843938718696,218.0,8.477105034722222e-07,False,False
null_samec2,2,signpow_0.3,-0.0161281658510334,-0.1684576962030111,0.0348219483934315,-0.2358470776638516,0.0954404000930054,-0.0730172961100056,0.278655988049138,0.0428089103852863,247.0,8.477105034722222e-07,False,False
null_samec2,2,local_affine_s96,-0.0161281658510334,-0.1684576962030111,0.0807444440135818,0.02669808345614,0.0954404000930054,-0.0730172961100056,-0.1621033027492689,-0.1354052192931289,245.0,8.477105034722222e-07,False,False
null_samec2,2,bitsplit16,-0.0161281658510334,-0.1684576962030111,-0.0113577866067275,-0.1396211713823171,0.0954404000930054,-0.0730172961100056,0.0054617629139323,-0.1341594084683847,252.0,6.357828776041667e-05,False,False
null_samec2,2,multiscale_rgb,-0.0161281658510334,-0.1684576962030111,-0.0075486825611801,-0.1288784082006555,0.0954404000930054,-0.0730172961100056,0.1140489697587359,-0.0148294384419196,229.0,0.0,False,False
null_samec2,2,CTRL_identity_f32,-0.0161281658510334,-0.1684576962030111,-0.0161281658510334,-0.1684576962030111,0.0954404000930054,-0.0730172961100056,0.0954404000930054,-0.0730172961100056,,,False,True
null_samec2,2,CTRL_minmax_noquant,-0.0161281658510334,-0.1684576962030111,-0.0161281658646559,-0.1684576962035114,0.0954404000930054,-0.0730172961100056,0.0954404000229434,-0.073017296180568,,,False,True
null_samec2,2,CTRL_robust_1_99_noquant,-0.0161281658510334,-0.1684576962030111,-0.0202932694190178,-0.1250156323314027,0.0954404000930054,-0.0730172961100056,0.0820401098294329,-0.0429755225019698,,,False,True
null_samec2,2,CTRL_normal_score_noquant,-0.0161281658510334,-0.1684576962030111,-0.0113500178979095,-0.139646356839094,0.0954404000930054,-0.0730172961100056,0.0054897750011614,-0.1341565818379325,,,False,True
null_ampramp,2,robust_unit_1_99,0.2491306013611247,0.4087515575541044,-0.0662323319451414,0.9840799804306636,-0.0104495784874543,0.3983019790666501,-0.0157192463266907,0.9683607341039728,256.0,0.0228144327799479,False,False
null_ampramp,2,minmax,0.2491306013611247,0.4087515575541044,-0.2154090645582731,0.9613044448811248,-0.0104495784874543,0.3983019790666501,0.0978207653736323,1.059125210254757,199.0,8.477105034722222e-07,False,False
null_ampramp,2,log_minmax,0.2491306013611247,0.4087515575541044,0.167156079097456,1.1649722665038582,-0.0104495784874543,0.3983019790666501,0.127577106489609,1.2925493729934672,215.0,8.477105034722222e-07,False,False
null_ampramp,2,log_robust,0.2491306013611247,0.4087515575541044,0.1924656878180171,1.24798702837589,-0.0104495784874543,0.3983019790666501,-0.0615970023464875,1.1863900260294025,256.0,0.0242101881239149,False,False
null_ampramp,2,normal_score,0.2491306013611247,0.4087515575541044,-0.1780280370738027,1.137706111675634,-0.0104495784874543,0.3983019790666501,0.2162942981825106,1.3540004098581446,256.0,6.781684027777778e-05,False,False
null_ampramp,2,hist_eq,0.2491306013611247,0.4087515575541044,-0.0787847239384547,0.9912450163964428,-0.0104495784874543,0.3983019790666501,-0.0024610869063406,0.988783929490102,256.0,0.0039223564995659,False,False
null_ampramp,2,log_local_norm_s12,0.2491306013611247,0.4087515575541044,0.0850152343859336,0.002175295947607,-0.0104495784874543,0.3983019790666501,-0.0943115007894617,-0.0921362048418547,226.0,8.477105034722222e-07,False,False
null_ampramp,2,log_local_norm_s48,0.2491306013611247,0.4087515575541044,0.2640882075392854,-0.0753388659952446,-0.0104495784874543,0.3983019790666501,-0.1297320492434737,-0.2050709152387183,225.0,8.477105034722222e-07,False,False
null_ampramp,2,log_local_norm_s192,0.2491306013611247,0.4087515575541044,0.3634172503853432,0.3347271687708511,-0.0104495784874543,0.3983019790666501,-0.2637409712065712,0.0709861975642799,226.0,8.477105034722222e-07,False,False
null_ampramp,2,log_dither,0.2491306013611247,0.4087515575541044,0.2173526953469653,1.055498076473392,-0.0104495784874543,0.3983019790666501,0.2828311662661257,1.3383292427395177,214.0,8.477105034722222e-07,False,False
null_ampramp,2,multichannel,0.2491306013611247,0.4087515575541044,-0.0983054430090595,0.9133671091771556,-0.0104495784874543,0.3983019790666501,0.0756970582203399,0.9890641673974956,165.0,0.0,True,False
null_ampramp,2,robust_unit_0.1_99.9,0.2491306013611247,0.4087515575541044,-0.0776088043874438,0.9559203980980144,-0.0104495784874543,0.3983019790666501,0.0424126570402519,0.9983330551382664,256.0,0.0042313469780815,False,False
null_ampramp,2,robust_unit_5_95,0.2491306013611247,0.4087515575541044,-0.5130667724541773,13.754869058024898,-0.0104495784874543,0.3983019790666501,-13.083950569502706,0.6709184885221922,256.0,0.103033701578776,False,False
null_ampramp,2,hist_eq_dither,0.2491306013611247,0.4087515575541044,-0.1072307399996803,0.9771984795706063,-0.0104495784874543,0.3983019790666501,0.0284547735160803,1.0056532530866868,256.0,0.0040766398111979,False,False
null_ampramp,2,normal_score_dither,0.2491306013611247,0.4087515575541044,-0.2395369914538072,1.132691214856183,-0.0104495784874543,0.3983019790666501,0.2759422019732699,1.4086334168294528,256.0,5.9763590494791664e-05,False,False
null_ampramp,2,asinh_mad_a0.25,0.2491306013611247,0.4087515575541044,-0.1983564092793521,0.9506927786727188,-0.0104495784874543,0.3983019790666501,0.0552242496797314,1.00591702835245,246.0,8.477105034722222e-07,False,False
null_ampramp,2,asinh_mad_a1,0.2491306013611247,0.4087515575541044,-0.1682374017778161,0.9840260246582728,-0.0104495784874543,0.3983019790666501,0.0543048293490314,1.0383308540073042,232.0,8.477105034722222e-07,False,False
null_ampramp,2,asinh_mad_a4,0.2491306013611247,0.4087515575541044,-0.2016708143815211,0.971105854238046,-0.0104495784874543,0.3983019790666501,0.0893036731465627,1.0604095273846086,209.0,8.477105034722222e-07,False,False
null_ampramp,2,signpow_0.3,0.2491306013611247,0.4087515575541044,-0.1657723175644396,0.6750075203514253,-0.0104495784874543,0.3983019790666501,0.1159562638067492,0.7909637841581746,244.0,2.5431315104166665e-06,False,False
null_ampramp,2,local_affine_s96,0.2491306013611247,0.4087515575541044,0.1806589104802591,-0.240377164716272,-0.0104495784874543,0.3983019790666501,-0.1809369589326576,-0.4213141236489296,230.0,8.477105034722222e-07,False,False
null_ampramp,2,bitsplit16,0.2491306013611247,0.4087515575541044,0.1749050003268553,0.8905818337898407,-0.0104495784874543,0.3983019790666501,0.0577904977727926,0.9483723315626332,252.0,6.357828776041667e-05,False,False
null_ampramp,2,multiscale_rgb,0.2491306013611247,0.4087515575541044,-0.1780280370738027,1.137706111675634,-0.0104495784874543,0.3983019790666501,0.2162942981825106,1.3540004098581446,231.0,0.0,False,False
null_ampramp,2,CTRL_identity_f32,0.2491306013611247,0.4087515575541044,0.2491306013611247,0.4087515575541044,-0.0104495784874543,0.3983019790666501,-0.0104495784874543,0.3983019790666501,,,False,True
null_ampramp,2,CTRL_minmax_noquant,0.2491306013611247,0.4087515575541044,0.2491306021662964,0.4087515549584203,-0.0104495784874543,0.3983019790666501,-0.0104495786685047,0.3983019762899155,,,False,True
null_ampramp,2,CTRL_robust_1_99_noquant,0.2491306013611247,0.4087515575541044,0.2350133873140183,0.4803585191699755,-0.0104495784874543,0.3983019790666501,-0.0464531991924475,0.4339053199775279,,,False,True
null_ampramp,2,CTRL_normal_score_noquant,0.2491306013611247,0.4087515575541044,0.1749452671435321,0.8903808262067958,-0.0104495784874543,0.3983019790666501,0.05779304967386,0.948173875880656,,,False,True
current,3,robust_unit_1_99,0.3041803250900108,-0.1826973485905589,0.1953214296703529,0.0898353805568357,-0.2240849481746153,-0.4067822967651743,-0.1667776839355639,-0.0769423033787281,256.0,0.0222926669650607,False,False
current,3,minmax,0.3041803250900108,-0.1826973485905589,0.8924739178385326,-20.339356937496675,-0.2240849481746153,-0.4067822967651743,-0.1658985723291609,-20.50525550982584,143.0,8.477105034722222e-07,False,False
current,3,log_minmax,0.3041803250900108,-0.1826973485905589,3.727843168599202,-60.76229689744196,-0.2240849481746153,-0.4067822967651743,-13.947444883395756,-74.70974178083772,58.0,8.477105034722222e-07,False,False
current,3,log_robust,0.3041803250900108,-0.1826973485905589,0.2014238634231933,0.0822583382299823,-0.2240849481746153,-0.4067822967651743,-0.1743751044749413,-0.092116766244959,256.0,0.0221036275227864,False,False
current,3,normal_score,0.3041803250900108,-0.1826973485905589,0.1953893261763746,0.409764448920622,-0.2240849481746153,-0.4067822967651743,-0.2345327144323084,0.1752317344883135,256.0,6.781684027777778e-05,False,False
current,3,hist_eq,0.3041803250900108,-0.1826973485905589,0.1915576127988676,0.0828079476753579,-0.2240849481746153,-0.4067822967651743,-0.1769056224456292,-0.0940976747702712,256.0,0.0039223564995659,False,False
current,3,log_local_norm_s12,0.3041803250900108,-0.1826973485905589,0.0651359531622102,-0.1943191806207185,-0.2240849481746153,-0.4067822967651743,-0.0744479053111502,-0.2687670859318687,218.0,8.477105034722222e-07,False,False
current,3,log_local_norm_s48,0.3041803250900108,-0.1826973485905589,0.0678422340130413,-0.2497709716658328,-0.2240849481746153,-0.4067822967651743,-0.084368703951754,-0.3341396756175869,218.0,8.477105034722222e-07,False,False
current,3,log_local_norm_s192,0.3041803250900108,-0.1826973485905589,0.1098627739869333,-0.1997273125068518,-0.2240849481746153,-0.4067822967651743,-0.1290002626188268,-0.3287275751256787,213.0,8.477105034722222e-07,False,False
current,3,log_dither,0.3041803250900108,-0.1826973485905589,-0.289835549583928,0.2165829293539601,-0.2240849481746153,-0.4067822967651743,0.1467972438735559,0.363380173227516,56.0,8.477105034722222e-07,False,False
current,3,multichannel,0.3041803250900108,-0.1826973485905589,0.1841417294203584,0.1239872075202355,-0.2240849481746153,-0.4067822967651743,-0.1990107436387471,-0.0750235361185115,164.0,0.0,True,False
current,3,robust_unit_0.1_99.9,0.3041803250900108,-0.1826973485905589,0.1910806960459794,0.1688666187997086,-0.2240849481746153,-0.4067822967651743,-0.1964431928679509,-0.0275765740682423,256.0,0.003941429985894,False,False
current,3,robust_unit_5_95,0.3041803250900108,-0.1826973485905589,0.0687219743163036,1.0723552514947443,-0.2240849481746153,-0.4067822967651743,-1.436039564110318,-0.3636843126155733,256.0,0.1034164428710937,False,False
current,3,hist_eq_dither,0.3041803250900108,-0.1826973485905589,0.1705388801766187,0.124962883585875,-0.2240849481746153,-0.4067822967651743,-0.1705210489164288,-0.0455581653305538,256.0,0.004111819797092,False,False
current,3,normal_score_dither,0.3041803250900108,-0.1826973485905589,0.1545744891118019,0.4512656543699375,-0.2240849481746153,-0.4067822967651743,-0.2078616638434711,0.2434039905264663,256.0,5.933973524305556e-05,False,False
current,3,asinh_mad_a0.25,0.3041803250900108,-0.1826973485905589,0.1518747933065702,-0.1759341459957682,-0.2240849481746153,-0.4067822967651743,-0.2708077435939637,-0.4467418895897319,232.0,8.477105034722222e-07,False,False
current,3,asinh_mad_a1,0.3041803250900108,-0.1826973485905589,0.1068153246288077,0.2204091516490025,-0.2240849481746153,-0.4067822967651743,-0.178809910545594,0.0415992411034085,215.0,8.477105034722222e-07,False,False
current,3,asinh_mad_a4,0.3041803250900108,-0.1826973485905589,0.2648781544450258,-4.81252240202566,-0.2240849481746153,-0.4067822967651743,-0.1380450142388499,-4.95056741626451,178.0,8.477105034722222e-07,False,False
current,3,signpow_0.3,0.3041803250900108,-0.1826973485905589,0.3952622221898167,-7.438371874221099,-0.2240849481746153,-0.4067822967651743,-0.3671515396277892,-7.805523413848888,226.0,8.477105034722222e-07,False,False
current,3,local_affine_s96,0.3041803250900108,-0.1826973485905589,0.1077934043230768,-0.2903728346822408,-0.2240849481746153,-0.4067822967651743,-0.1085201300866838,-0.3988929647689247,218.0,8.477105034722222e-07,False,False
current,3,bitsplit16,0.3041803250900108,-0.1826973485905589,0.2756168647595738,0.2433335059296129,-0.2240849481746153,-0.4067822967651743,-0.2628782971049783,-0.0195447911753653,252.0,6.357828776041667e-05,False,False
current,3,multiscale_rgb,0.3041803250900108,-0.1826973485905589,0.1953893261763746,0.409764448920622,-0.2240849481746153,-0.4067822967651743,-0.2345327144323084,0.1752317344883135,228.0,0.0,False,False
current,3,CTRL_identity_f32,0.3041803250900108,-0.1826973485905589,0.3041803250900108,-0.1826973485905589,-0.2240849481746153,-0.4067822967651743,-0.2240849481746153,-0.4067822967651743,,,False,True
current,3,CTRL_minmax_noquant,0.3041803250900108,-0.1826973485905589,0.3041803251634412,-0.182697348880455,-0.2240849481746153,-0.4067822967651743,-0.2240849481933882,-0.4067822970738433,,,False,True
current,3,CTRL_robust_1_99_noquant,0.3041803250900108,-0.1826973485905589,0.2845923622617183,-0.2220934753941751,-0.2240849481746153,-0.4067822967651743,-0.1718907053875651,-0.3939841807817403,,,False,True
current,3,CTRL_normal_score_noquant,0.3041803250900108,-0.1826973485905589,0.2756199655189408,0.2433072792517951,-0.2240849481746153,-0.4067822967651743,-0.2628688157429441,-0.0195615364911488,,,False,True
scalematch,3,robust_unit_1_99,0.4059850341557631,-0.7645190990273818,0.1000691550713499,-0.5581290515359107,-0.4164192543505791,-1.180938353377961,-0.284839409532118,-0.8429684610680288,256.0,0.0201165941026475,False,False
scalematch,3,minmax,0.4059850341557631,-0.7645190990273818,1.7690386443986013,-21.74784928616353,-0.4164192543505791,-1.180938353377961,-48.05254296933221,-69.80039225549574,75.0,8.477105034722222e-07,False,False
scalematch,3,log_minmax,0.4059850341557631,-0.7645190990273818,1.7907717480432854,-60.94881069341266,-0.4164192543505791,-1.180938353377961,14.494185045051385,-46.45462564836128,21.0,8.477105034722222e-07,False,False
scalematch,3,log_robust,0.4059850341557631,-0.7645190990273818,0.1004808399958969,-0.5592020364412011,-0.4164192543505791,-1.180938353377961,-0.2837323037409547,-0.842934340182156,256.0,0.0201165941026475,False,False
scalematch,3,normal_score,0.4059850341557631,-0.7645190990273818,0.0573933935720494,-0.1630476001507798,-0.4164192543505791,-1.180938353377961,-0.1183507123534801,-0.2813983125042599,256.0,6.781684027777778e-05,False,False
scalematch,3,hist_eq,0.4059850341557631,-0.7645190990273818,0.1074756552224318,-0.1865291054954583,-0.4164192543505791,-1.180938353377961,-0.1706674877499301,-0.3571965932453885,256.0,0.0039223564995659,False,False
scalematch,3,log_local_norm_s12,0.4059850341557631,-0.7645190990273818,0.1211513689071455,-0.1868516764473144,-0.4164192543505791,-1.180938353377961,-0.1102103846064819,-0.2970620610537964,213.0,8.477105034722222e-07,False,False
scalematch,3,log_local_norm_s48,0.4059850341557631,-0.7645190990273818,0.0934167869081235,-0.2456853062020092,-0.4164192543505791,-1.180938353377961,-0.1224661489226873,-0.3681514551246965,211.0,8.477105034722222e-07,False,False
scalematch,3,log_local_norm_s192,0.4059850341557631,-0.7645190990273818,0.039802269175335,-0.1995225204219566,-0.4164192543505791,-1.180938353377961,-0.1192653440355489,-0.3187878644575056,208.0,8.477105034722222e-07,False,False
scalematch,3,log_dither,0.4059850341557631,-0.7645190990273818,0.0325715606249023,0.0242465005506517,-0.4164192543505791,-1.180938353377961,-0.0044716416605997,0.0197748588900519,23.0,8.477105034722222e-07,False,False
scalematch,3,multichannel,0.4059850341557631,-0.7645190990273818,0.0581566763972674,-0.1967448116188118,-0.4164192543505791,-1.180938353377961,-0.1305006712680217,-0.3272454828868336,167.0,0.0,True,False
scalematch,3,robust_unit_0.1_99.9,0.4059850341557631,-0.7645190990273818,0.1834056891808688,-0.8307597588543909,-0.4164192543505791,-1.180938353377961,-0.3596885780250669,-1.1904483368794578,256.0,0.0020128885904947,False,False
scalematch,3,robust_unit_5_95,0.4059850341557631,-0.7645190990273818,0.2818428159497774,-5.5605257589213695,-0.4164192543505791,-1.180938353377961,-0.1953374998093274,-5.755863258730697,256.0,0.1005821228027343,False,False
scalematch,3,hist_eq_dither,0.4059850341557631,-0.7645190990273818,0.1059657320916944,-0.180386777701032,-0.4164192543505791,-1.180938353377961,-0.1698100427288432,-0.3501968204298752,256.0,0.0041186014811197,False,False
scalematch,3,normal_score_dither,0.4059850341557631,-0.7645190990273818,0.0563714751251807,-0.1573324193797335,-0.4164192543505791,-1.180938353377961,-0.1163109816817544,-0.2736434010614879,256.0,6.400214301215278e-05,False,False
scalematch,3,asinh_mad_a0.25,0.4059850341557631,-0.7645190990273818,0.0539504995343755,-0.1452543452583719,-0.4164192543505791,-1.180938353377961,-0.1263639774936255,-0.2716183227519975,236.0,8.477105034722222e-07,False,False
scalematch,3,asinh_mad_a1,0.4059850341557631,-0.7645190990273818,0.0626812947570045,-0.2097639285322237,-0.4164192543505791,-1.180938353377961,-0.1330889163314351,-0.3428528448636589,232.0,8.477105034722222e-07,False,False
scalematch,3,asinh_mad_a4,0.4059850341557631,-0.7645190990273818,0.1002151344983932,-0.4031885381719409,-0.4164192543505791,-1.180938353377961,-0.2135370267990539,-0.6167255649709948,223.0,8.477105034722222e-07,False,False
scalematch,3,signpow_0.3,0.4059850341557631,-0.7645190990273818,0.0832515037611958,-0.1095467621189582,-0.4164192543505791,-1.180938353377961,-0.2335637496524264,-0.3431105117713847,182.0,8.477105034722222e-07,False,False
scalematch,3,local_affine_s96,0.4059850341557631,-0.7645190990273818,0.2715102114531953,-3.185601252424056,-0.4164192543505791,-1.180938353377961,-0.2238335461991832,-3.4094347986232387,235.0,8.477105034722222e-07,False,False
scalematch,3,bitsplit16,0.4059850341557631,-0.7645190990273818,0.0594788856262711,-0.1725248077145117,-0.4164192543505791,-1.180938353377961,-0.1189058192586267,-0.2914306269731384,252.0,6.357828776041667e-05,False,False
scalematch,3,multiscale_rgb,0.4059850341557631,-0.7645190990273818,0.0573933935720494,-0.1630476001507798,-0.4164192543505791,-1.180938353377961,-0.1183507123534801,-0.2813983125042599,235.0,0.0,False,False
scalematch,3,CTRL_identity_f32,0.4059850341557631,-0.7645190990273818,0.4059850341557631,-0.7645190990273818,-0.4164192543505791,-1.180938353377961,-0.4164192543505791,-1.180938353377961,,,False,True
scalematch,3,CTRL_minmax_noquant,0.4059850341557631,-0.7645190990273818,0.4059850314319353,-0.7645190731064132,-0.4164192543505791,-1.180938353377961,-0.4164192435381931,-1.1809383166446064,,,False,True
scalematch,3,CTRL_robust_1_99_noquant,0.4059850341557631,-0.7645190990273818,0.103699056019894,-0.523930125813654,-0.4164192543505791,-1.180938353377961,-0.2886308287216548,-0.8125609545353087,,,False,True
scalematch,3,CTRL_normal_score_noquant,0.4059850341557631,-0.7645190990273818,0.0594786322078488,-0.1725242400144789,-0.4164192543505791,-1.180938353377961,-0.118907186857672,-0.2914314268721509,,,False,True
histmatch,3,robust_unit_1_99,0.1032917788445879,-0.2972073874441187,0.0813262003408938,-0.2252215575800026,-0.3025742788612582,-0.599781666305377,-0.2116448235336762,-0.4368663811136788,256.0,0.0202267964680989,False,False
histmatch,3,minmax,0.1032917788445879,-0.2972073874441187,0.1106143248418516,-1.0263429941280229,-0.3025742788612582,-0.599781666305377,-0.5851590654359263,-1.611502059563949,161.0,8.477105034722222e-07,False,False
histmatch,3,log_minmax,0.1032917788445879,-0.2972073874441187,0.2987194748452826,-5.76566241686171,-0.3025742788612582,-0.599781666305377,-11.91769887818772,-17.68336129504943,63.0,8.477105034722222e-07,False,False
histmatch,3,log_robust,0.1032917788445879,-0.2972073874441187,0.0802902926915876,-0.2223104018464635,-0.3025742788612582,-0.599781666305377,-0.2124525606263979,-0.4347629624728614,256.0,0.0202276441786024,False,False
histmatch,3,normal_score,0.1032917788445879,-0.2972073874441187,0.0592095430481163,-0.1429737950028338,-0.3025742788612582,-0.599781666305377,-0.1227889686995242,-0.2657627637023581,256.0,6.781684027777778e-05,False,False
histmatch,3,hist_eq,0.1032917788445879,-0.2972073874441187,0.1033319520593756,-0.1647240479660332,-0.3025742788612582,-0.599781666305377,-0.1631208942306028,-0.3278449421966361,256.0,0.0039223564995659,False,False
histmatch,3,log_local_norm_s12,0.1032917788445879,-0.2972073874441187,0.094833177974247,-0.1067433851961707,-0.3025742788612582,-0.599781666305377,-0.0899254490929349,-0.1966688342891057,225.0,8.477105034722222e-07,False,False
histmatch,3,log_local_norm_s48,0.1032917788445879,-0.2972073874441187,0.0391183859467667,-0.1311060616533801,-0.3025742788612582,-0.599781666305377,-0.1031588101925815,-0.2342648718459616,222.0,8.477105034722222e-07,False,False
histmatch,3,log_local_norm_s192,0.1032917788445879,-0.2972073874441187,0.0390037784637087,-0.1408139736706781,-0.3025742788612582,-0.599781666305377,-0.1102102540952908,-0.251024227765969,219.0,8.477105034722222e-07,False,False
histmatch,3,log_dither,0.1032917788445879,-0.2972073874441187,-0.0013294843462412,-0.0386792890394768,-0.3025742788612582,-0.599781666305377,0.0833918842885758,0.044712595249099,65.0,8.477105034722222e-07,False,False
histmatch,3,multichannel,0.1032917788445879,-0.2972073874441187,0.0572053378022237,-0.1441862263687018,-0.3025742788612582,-0.599781666305377,-0.1199842251234972,-0.2641704514921991,151.0,0.0,True,False
histmatch,3,robust_unit_0.1_99.9,0.1032917788445879,-0.2972073874441187,0.0899316086792969,-0.2408886828268092,-0.3025742788612582,-0.599781666305377,-0.2747362352771599,-0.5156249181039692,256.0,0.002028571234809,False,False
histmatch,3,robust_unit_5_95,0.1032917788445879,-0.2972073874441187,0.2149448157256941,-3.700032787231916,-0.3025742788612582,-0.599781666305377,-0.1756774890334969,-3.875710276265413,256.0,0.1007813347710503,False,False
histmatch,3,hist_eq_dither,0.1032917788445879,-0.2972073874441187,0.1024176029008379,-0.1609126162735037,-0.3025742788612582,-0.599781666305377,-0.1626194183550185,-0.3235320346285222,256.0,0.0041190253363715,False,False
histmatch,3,normal_score_dither,0.1032917788445879,-0.2972073874441187,0.0579062036123187,-0.1367272166730308,-0.3025742788612582,-0.599781666305377,-0.1200102304160735,-0.2567374470891044,256.0,6.061130099826389e-05,False,False
histmatch,3,asinh_mad_a0.25,0.1032917788445879,-0.2972073874441187,0.0682597816651124,-0.1268350934427138,-0.3025742788612582,-0.599781666305377,-0.1287736513458413,-0.2556087447885551,247.0,8.477105034722222e-07,False,False
histmatch,3,asinh_mad_a1,0.1032917788445879,-0.2972073874441187,0.0588419079117699,-0.151939253683041,-0.3025742788612582,-0.599781666305377,-0.1222597565813103,-0.2741990102643514,242.0,8.477105034722222e-07,False,False
histmatch,3,asinh_mad_a4,0.1032917788445879,-0.2972073874441187,0.0743939557272035,-0.1908056329212875,-0.3025742788612582,-0.599781666305377,-0.2054429053393638,-0.3962485382606514,231.0,8.477105034722222e-07,False,False
histmatch,3,signpow_0.3,0.1032917788445879,-0.2972073874441187,0.1262205304074215,-0.126513420067,-0.3025742788612582,-0.599781666305377,-0.2587850133145216,-0.3852984333815216,231.0,8.477105034722222e-07,False,False
histmatch,3,local_affine_s96,0.1032917788445879,-0.2972073874441187,0.0557269805467612,-0.191365193310121,-0.3025742788612582,-0.599781666305377,-0.1271697553354908,-0.3185349486456119,238.0,8.477105034722222e-07,False,False
histmatch,3,bitsplit16,0.1032917788445879,-0.2972073874441187,0.0609291622784722,-0.1515299002552216,-0.3025742788612582,-0.599781666305377,-0.1228673759858835,-0.2743972762411051,252.0,6.357828776041667e-05,False,False
histmatch,3,multiscale_rgb,0.1032917788445879,-0.2972073874441187,0.0592095430481163,-0.1429737950028338,-0.3025742788612582,-0.599781666305377,-0.1227889686995242,-0.2657627637023581,230.0,0.0,False,False
histmatch,3,CTRL_identity_f32,0.1032917788445879,-0.2972073874441187,0.1032917788445879,-0.2972073874441187,-0.3025742788612582,-0.599781666305377,-0.3025742788612582,-0.599781666305377,,,False,True
histmatch,3,CTRL_minmax_noquant,0.1032917788445879,-0.2972073874441187,0.1032917788503895,-0.2972073874748115,-0.3025742788612582,-0.599781666305377,-0.3025742788756687,-0.5997816663504802,,,False,True
histmatch,3,CTRL_robust_1_99_noquant,0.1032917788445879,-0.2972073874441187,0.0829740933790423,-0.2360290231909595,-0.3025742788612582,-0.599781666305377,-0.2131434592145988,-0.4491724824055584,,,False,True
histmatch,3,CTRL_normal_score_noquant,0.1032917788445879,-0.2972073874441187,0.0609290218672518,-0.1515308078832394,-0.3025742788612582,-0.599781666305377,-0.1228679562224294,-0.2743987641056689,,,False,True
null_samec2,3,robust_unit_1_99,-0.0348365894104516,0.0411034656436701,-0.0449701871673606,-0.0047273932242838,-0.1476268879574457,-0.1065234223137755,-0.1074086645961612,-0.1121360578204451,256.0,0.0211122300889756,False,False
null_samec2,3,minmax,-0.0348365894104516,0.0411034656436701,-0.0456053936921503,0.0487984260125166,-0.1476268879574457,-0.1065234223137755,-0.0838365568389696,-0.0350381308264529,166.0,1.2715657552083333e-06,False,False
null_samec2,3,log_minmax,-0.0348365894104516,0.0411034656436701,-0.1115556445075065,2.3340776206273306,-0.1476268879574457,-0.1065234223137755,-4.659602275322191,-2.3255246546948607,60.0,1.2715657552083333e-06,False,False
null_samec2,3,log_robust,-0.0348365894104516,0.0411034656436701,-0.047949418441177,0.0151181250283285,-0.1476268879574457,-0.1065234223137755,-0.119712150091367,-0.1045940250630384,256.0,0.021100362141927,False,False
null_samec2,3,normal_score,-0.0348365894104516,0.0411034656436701,-0.0222490720886976,0.0700401605654764,-0.1476268879574457,-0.1065234223137755,-0.1570053683892315,-0.0869652078237551,256.0,6.781684027777778e-05,False,False
null_samec2,3,hist_eq,-0.0348365894104516,0.0411034656436701,-0.025833517355287,-0.0132100589294299,-0.1476268879574457,-0.1065234223137755,-0.1110971740279776,-0.1243072329574075,256.0,0.0039223564995659,False,False
null_samec2,3,log_local_norm_s12,-0.0348365894104516,0.0411034656436701,-0.0567745597516451,0.0017515647447133,-0.1476268879574457,-0.1065234223137755,-0.0696906464413328,-0.0679390816966195,221.0,8.477105034722222e-07,False,False
null_samec2,3,log_local_norm_s48,-0.0348365894104516,0.0411034656436701,-0.0670714881939837,-0.0072189864012783,-0.1476268879574457,-0.1065234223137755,-0.0659146646365733,-0.0731336510378516,220.0,1.6954210069444444e-06,False,False
null_samec2,3,log_local_norm_s192,-0.0348365894104516,0.0411034656436701,-0.0812621397040576,-0.0106116527092238,-0.1476268879574457,-0.1065234223137755,-0.1153470935588073,-0.1259587462680312,215.0,1.2715657552083333e-06,False,False
null_samec2,3,log_dither,-0.0348365894104516,0.0411034656436701,-0.0117622253813203,0.0212437789146372,-0.1476268879574457,-0.1065234223137755,0.1367444288830127,0.1579882077976499,61.0,8.477105034722222e-07,False,False
null_samec2,3,multichannel,-0.0348365894104516,0.0411034656436701,-0.0448096745948154,0.0431586517056073,-0.1476268879574457,-0.1065234223137755,-0.1396770820440603,-0.0965184303384529,162.0,0.0,True,False
null_samec2,3,robust_unit_0.1_99.9,-0.0348365894104516,0.0411034656436701,-0.045212786073145,0.0428193213259364,-0.1476268879574457,-0.1065234223137755,-0.1270931250833203,-0.0842738037573838,256.0,0.0020595126681857,False,False
null_samec2,3,robust_unit_5_95,-0.0348365894104516,0.0411034656436701,-0.1246471718360668,1.2588212256315143,-0.1476268879574457,-0.1065234223137755,-1.7280329397003047,-0.4692117140687904,256.0,0.1035181681315104,False,False
null_samec2,3,hist_eq_dither,-0.0348365894104516,0.0411034656436701,-0.0273237712699225,-0.0099053063391365,-0.1476268879574457,-0.1065234223137755,-0.1047887704726765,-0.114694076811813,256.0,0.004073248969184,False,False
null_samec2,3,normal_score_dither,-0.0348365894104516,0.0411034656436701,-0.0217410269373445,0.0652782695344422,-0.1476268879574457,-0.1065234223137755,-0.1354386633017702,-0.0701603937673279,256.0,6.061130099826389e-05,False,False
null_samec2,3,asinh_mad_a0.25,-0.0348365894104516,0.0411034656436701,-0.0478218693857241,0.0789483382186471,-0.1476268879574457,-0.1065234223137755,-0.2134784695811467,-0.1345301313624996,235.0,1.2715657552083333e-06,False,False
null_samec2,3,asinh_mad_a1,-0.0348365894104516,0.0411034656436701,-0.0449635575349551,0.0462209971084712,-0.1476268879574457,-0.1065234223137755,-0.133063318525031,-0.0868423214165598,220.0,1.2715657552083333e-06,False,False
null_samec2,3,asinh_mad_a4,-0.0348365894104516,0.0411034656436701,-0.0410716501395262,0.0414498020319243,-0.1476268879574457,-0.1065234223137755,-0.0999077764033693,-0.058457974371445,188.0,1.2715657552083333e-06,False,False
null_samec2,3,signpow_0.3,-0.0348365894104516,0.0411034656436701,-0.0594553847830152,0.157563528188571,-0.1476268879574457,-0.1065234223137755,-0.2838331398264646,-0.1262696116378935,231.0,1.2715657552083333e-06,False,False
null_samec2,3,local_affine_s96,-0.0348365894104516,0.0411034656436701,-0.0627059080512162,-0.0427675632481446,-0.1476268879574457,-0.1065234223137755,-0.0812733371607715,-0.1240409004089162,248.0,1.2715657552083333e-06,False,False
null_samec2,3,bitsplit16,-0.0348365894104516,0.0411034656436701,-0.0192108687182679,0.0639201373778457,-0.1476268879574457,-0.1065234223137755,-0.1686606708524202,-0.1047405334745744,252.0,6.357828776041667e-05,False,False
null_samec2,3,multiscale_rgb,-0.0348365894104516,0.0411034656436701,-0.0222490720886976,0.0700401605654764,-0.1476268879574457,-0.1065234223137755,-0.1570053683892315,-0.0869652078237551,232.0,0.0,False,False
null_samec2,3,CTRL_identity_f32,-0.0348365894104516,0.0411034656436701,-0.0348365894104516,0.0411034656436701,-0.1476268879574457,-0.1065234223137755,-0.1476268879574457,-0.1065234223137755,,,False,True
null_samec2,3,CTRL_minmax_noquant,-0.0348365894104516,0.0411034656436701,-0.0348365894065758,0.041103465641987,-0.1476268879574457,-0.1065234223137755,-0.1476268879895425,-0.1065234223475554,,,False,True
null_samec2,3,CTRL_robust_1_99_noquant,-0.0348365894104516,0.0411034656436701,-0.043229852864471,-0.0173326139394698,-0.1476268879574457,-0.1065234223137755,-0.1106440376204849,-0.1279766515599547,,,False,True
null_samec2,3,CTRL_normal_score_noquant,-0.0348365894104516,0.0411034656436701,-0.0192156171557214,0.0639321961532124,-0.1476268879574457,-0.1065234223137755,-0.1686670826163359,-0.1047348864631234,,,False,True
null_ampramp,3,robust_unit_1_99,0.3222673681803334,0.298088640064012,-0.0507707518204005,0.8729554403552504,0.0930163203659518,0.3911049604299638,0.1767375786565392,1.0496930190117897,256.0,0.0234731038411458,False,False
null_ampramp,3,minmax,0.3222673681803334,0.298088640064012,-0.1376388061596312,0.8981776969511012,0.0930163203659518,0.3911049604299638,0.2259749536628617,1.124152650613963,220.0,8.477105034722222e-07,False,False
null_ampramp,3,log_minmax,0.3222673681803334,0.298088640064012,0.1011166981715647,3.2769610576366475,0.0930163203659518,0.3911049604299638,-1.80235917865944,1.4746018789772073,206.0,1.2715657552083333e-06,False,False
null_ampramp,3,log_robust,0.3222673681803334,0.298088640064012,0.259204123600659,1.1859165594304706,0.0930163203659518,0.3911049604299638,0.1658932682950534,1.351809827725524,256.0,0.0274713304307725,False,False
null_ampramp,3,normal_score,0.3222673681803334,0.298088640064012,-0.1334921134398563,1.1324027009681847,0.0930163203659518,0.3911049604299638,0.2858976037437757,1.4183003047119604,256.0,6.781684027777778e-05,False,False
null_ampramp,3,hist_eq,0.3222673681803334,0.298088640064012,-0.0543069088971033,0.8803942183641096,0.0930163203659518,0.3911049604299638,0.1928884598397473,1.073282678203857,256.0,0.0039223564995659,False,False
null_ampramp,3,log_local_norm_s12,0.3222673681803334,0.298088640064012,0.0805289964862163,-0.0309492754757981,0.0930163203659518,0.3911049604299638,-0.0953878709543815,-0.1263371464301796,223.0,8.477105034722222e-07,False,False
null_ampramp,3,log_local_norm_s48,0.3222673681803334,0.298088640064012,0.2525315889430222,-0.1306869837838928,0.0930163203659518,0.3911049604299638,-0.1084165734354022,-0.239103557219295,224.0,1.2715657552083333e-06,False,False
null_ampramp,3,log_local_norm_s192,0.3222673681803334,0.298088640064012,0.3576250147922712,0.4798519409358464,0.0930163203659518,0.3911049604299638,-0.1943062471039992,0.2855456938318471,227.0,8.477105034722222e-07,False,False
null_ampramp,3,log_dither,0.3222673681803334,0.298088640064012,0.3137432108422682,1.055130054043162,0.0930163203659518,0.3911049604299638,0.4769887356738429,1.532118789717005,207.0,8.477105034722222e-07,False,False
null_ampramp,3,multichannel,0.3222673681803334,0.298088640064012,-0.0784146487788539,0.8259344533978622,0.0930163203659518,0.3911049604299638,0.2342104988675987,1.060144952265461,151.0,0.0,True,False
null_ampramp,3,robust_unit_0.1_99.9,0.3222673681803334,0.298088640064012,-0.0592348561524693,0.8846852306765399,0.0930163203659518,0.3911049604299638,0.18662446896407,1.07130969964061,256.0,0.0042067633734809,False,False
null_ampramp,3,robust_unit_5_95,0.3222673681803334,0.298088640064012,-1.030624224875481,27.070956362754057,0.0930163203659518,0.3911049604299638,-26.27251410171627,0.7984422610377873,256.0,0.1036470201280382,False,False
null_ampramp,3,hist_eq_dither,0.3222673681803334,0.298088640064012,-0.0760795364472988,0.8532396757209075,0.0930163203659518,0.3911049604299638,0.2257167350250575,1.078956410745965,256.0,0.0041050381130642,False,False
null_ampramp,3,normal_score_dither,0.3222673681803334,0.298088640064012,-0.209694226454266,1.1445173250241036,0.0930163203659518,0.3911049604299638,0.3484925018734421,1.4930098268975458,256.0,5.8915879991319445e-05,False,False
null_ampramp,3,asinh_mad_a0.25,0.3222673681803334,0.298088640064012,-0.1455692896215916,0.8185751016383569,0.0930163203659518,0.3911049604299638,0.2525985973663449,1.0711736990047018,247.0,6.442599826388889e-05,False,False
null_ampramp,3,asinh_mad_a1,0.3222673681803334,0.298088640064012,-0.1167726269391737,0.8774617601169709,0.0930163203659518,0.3911049604299638,0.2173427879338242,1.094804548050795,238.0,8.477105034722222e-07,False,False
null_ampramp,3,asinh_mad_a4,0.3222673681803334,0.298088640064012,-0.1291872853140476,0.8860081159432203,0.0930163203659518,0.3911049604299638,0.2259788627753014,1.1119869787185217,224.0,8.477105034722222e-07,False,False
null_ampramp,3,signpow_0.3,0.3222673681803334,0.298088640064012,-0.1288264306500621,0.5909498641138591,0.0930163203659518,0.3911049604299638,0.2901526174500546,0.8811024815639137,248.0,0.001973893907335,False,False
null_ampramp,3,local_affine_s96,0.3222673681803334,0.298088640064012,0.1435821472296194,-0.3546230638470974,0.0930163203659518,0.3911049604299638,-0.1419755804017778,-0.4965986442488753,239.0,8.477105034722222e-07,False,False
null_ampramp,3,bitsplit16,0.3222673681803334,0.298088640064012,0.2640870337830989,0.9380438293826272,0.0930163203659518,0.3911049604299638,0.0467791088238436,0.9848229382064708,252.0,6.357828776041667e-05,False,False
null_ampramp,3,multiscale_rgb,0.3222673681803334,0.298088640064012,-0.1334921134398563,1.1324027009681847,0.0930163203659518,0.3911049604299638,0.2858976037437757,1.4183003047119604,230.0,0.0,False,False
null_ampramp,3,CTRL_identity_f32,0.3222673681803334,0.298088640064012,0.3222673681803334,0.298088640064012,0.0930163203659518,0.3911049604299638,0.0930163203659518,0.3911049604299638,,,False,True
null_ampramp,3,CTRL_minmax_noquant,0.3222673681803334,0.298088640064012,0.3222673683412247,0.2980886395246461,0.0930163203659518,0.3911049604299638,0.0930163203231742,0.3911049598478203,,,False,True
null_ampramp,3,CTRL_robust_1_99_noquant,0.3222673681803334,0.298088640064012,0.2976006453398889,0.3400003813251568,0.0930163203659518,0.3911049604299638,0.0955669635235055,0.4355673448486624,,,False,True
null_ampramp,3,CTRL_normal_score_noquant,0.3222673681803334,0.298088640064012,0.2640831131642138,0.9380380164482884,0.0930163203659518,0.3911049604299638,0.0467637530233474,0.9848017694716358,,,False,True
current,4,robust_unit_1_99,0.3178479960370906,-0.0645583900699841,0.1547241646903334,0.3510349389866501,-0.1380608761076396,-0.2026192661776238,-0.1024187462462586,0.2486161927403914,256.0,0.0228746202256944,False,False
current,4,minmax,0.3178479960370906,-0.0645583900699841,0.914807336306765,-20.5135964246401,-0.1380608761076396,-0.2026192661776238,-0.0325876958107385,-20.54618412045084,115.0,8.477105034722222e-07,False,False
current,4,log_minmax,0.3178479960370906,-0.0645583900699841,3.587938132179472,-57.16751784665736,-0.1380608761076396,-0.2026192661776238,-14.98744695990804,-72.1549648065654,44.0,8.477105034722222e-07,False,False
current,4,log_robust,0.3178479960370906,-0.0645583900699841,0.1694939410092937,0.3171438196535839,-0.1380608761076396,-0.2026192661776238,-0.1043061034774731,0.2128377161761108,256.0,0.0227690802680121,False,False
current,4,normal_score,0.3178479960370906,-0.0645583900699841,0.1552089186860781,0.513941491396625,-0.1380608761076396,-0.2026192661776238,-0.1583111573061727,0.3556303340904523,256.0,6.781684027777778e-05,False,False
current,4,hist_eq,0.3178479960370906,-0.0645583900699841,0.1531811907910283,0.3469745737225636,-0.1380608761076396,-0.2026192661776238,-0.1000836781039529,0.2468908956186105,256.0,0.0039223564995659,False,False
current,4,log_local_norm_s12,0.3178479960370906,-0.0645583900699841,0.1320928004386374,-0.2121994384081931,-0.1380608761076396,-0.2026192661776238,-0.062250279348481,-0.2744497177566741,213.0,8.477105034722222e-07,False,False
current,4,log_local_norm_s48,0.3178479960370906,-0.0645583900699841,0.1616190849863408,-0.2793844405745857,-0.1380608761076396,-0.2026192661776238,-0.0737556187255393,-0.353140059300125,210.0,8.477105034722222e-07,False,False
current,4,log_local_norm_s192,0.3178479960370906,-0.0645583900699841,0.2234933123062352,-0.1411306426216636,-0.1380608761076396,-0.2026192661776238,-0.1419270755328779,-0.2830577181545415,202.0,8.477105034722222e-07,False,False
current,4,log_dither,0.3178479960370906,-0.0645583900699841,-0.2846334646439578,0.3032214348388891,-0.1380608761076396,-0.2026192661776238,0.2018128047838598,0.505034239622749,44.0,4.238552517361111e-07,False,False
current,4,multichannel,0.3178479960370906,-0.0645583900699841,-0.0499682114197166,0.5043373582937671,-0.1380608761076396,-0.2026192661776238,-0.0521079879903419,0.4522293703034251,148.0,0.0,True,False
current,4,robust_unit_0.1_99.9,0.3178479960370906,-0.0645583900699841,0.1690047369057437,0.3637451082459351,-0.1380608761076396,-0.2026192661776238,-0.0949141135563964,0.2688309946895387,256.0,0.004254659016927,False,False
current,4,robust_unit_5_95,0.3178479960370906,-0.0645583900699841,-0.5884595564782662,19.446396962983098,-0.1380608761076396,-0.2026192661776238,-19.39539399927063,0.0510029637124654,256.0,0.1034918891059027,False,False
current,4,hist_eq_dither,0.3178479960370906,-0.0645583900699841,0.1304822298308958,0.3749184227583805,-0.1380608761076396,-0.2026192661776238,-0.0895130005814401,0.2854054221769403,256.0,0.0040660434299045,False,False
current,4,normal_score_dither,0.3178479960370906,-0.0645583900699841,0.1016499737252203,0.5611766561697236,-0.1380608761076396,-0.2026192661776238,-0.1310848692414914,0.4300917869282321,256.0,5.933973524305556e-05,False,False
current,4,asinh_mad_a0.25,0.3178479960370906,-0.0645583900699841,0.0817428888674984,-0.9636603246766065,-0.1380608761076396,-0.2026192661776238,-0.0786827487270967,-1.0423430734037031,214.0,8.477105034722222e-07,False,False
current,4,asinh_mad_a1,0.3178479960370906,-0.0645583900699841,0.0444053301242115,0.4208333169532468,-0.1380608761076396,-0.2026192661776238,-0.074557783328001,0.3462755336252457,183.0,8.477105034722222e-07,False,False
current,4,asinh_mad_a4,0.3178479960370906,-0.0645583900699841,0.2424928699724597,-4.214351237686129,-0.1380608761076396,-0.2026192661776238,-0.0485912510461352,-4.262942488732264,139.0,8.477105034722222e-07,False,False
current,4,signpow_0.3,0.3178479960370906,-0.0645583900699841,0.4348493860135658,-12.131111366126207,-0.1380608761076396,-0.2026192661776238,-0.0465111411571493,-12.177622507283358,205.0,8.477105034722222e-07,False,False
current,4,local_affine_s96,0.3178479960370906,-0.0645583900699841,0.2208633293659379,-0.3545155559419748,-0.1380608761076396,-0.2026192661776238,-0.1070639094387416,-0.4615794653807165,228.0,8.477105034722222e-07,False,False
current,4,bitsplit16,0.3178479960370906,-0.0645583900699841,0.3051722134574146,0.2278191473780411,-0.1380608761076396,-0.2026192661776238,-0.1890791621639759,0.0387399852140651,252.0,6.357828776041667e-05,False,False
current,4,multiscale_rgb,0.3178479960370906,-0.0645583900699841,0.1552089186860781,0.513941491396625,-0.1380608761076396,-0.2026192661776238,-0.1583111573061727,0.3556303340904523,227.0,0.0,False,False
current,4,CTRL_identity_f32,0.3178479960370906,-0.0645583900699841,0.3178479960370906,-0.0645583900699841,-0.1380608761076396,-0.2026192661776238,-0.1380608761076396,-0.2026192661776238,,,False,True
current,4,CTRL_minmax_noquant,0.3178479960370906,-0.0645583900699841,0.3178479960475859,-0.0645583901120405,-0.1380608761076396,-0.2026192661776238,-0.138060876109558,-0.2026192662215985,,,False,True
current,4,CTRL_robust_1_99_noquant,0.3178479960370906,-0.0645583900699841,0.2900230311836989,-0.0466412877897144,-0.1380608761076396,-0.2026192661776238,-0.1098357873480202,-0.1564770751377346,,,False,True
current,4,CTRL_normal_score_noquant,0.3178479960370906,-0.0645583900699841,0.3051622399853797,0.2278389099976351,-0.1380608761076396,-0.2026192661776238,-0.1890668824435688,0.0387720275540663,,,False,True
scalematch,4,robust_unit_1_99,0.2745523249731991,-0.9528311727028412,0.1210372600265017,-0.3703951531034644,-0.1418460790091696,-1.094677251712011,-0.250989568182924,-0.6213847212863884,256.0,0.0201204087999131,False,False
scalematch,4,minmax,0.2745523249731991,-0.9528311727028412,-1.4269205177128956,15.158108070540848,-0.1418460790091696,-1.094677251712011,-86.9804727505797,-71.82236468003885,65.0,8.477105034722222e-07,False,False
scalematch,4,log_minmax,0.2745523249731991,-0.9528311727028412,5.0169621166167655,-94.4390062615738,-0.1418460790091696,-1.094677251712011,62.01435257348808,-32.42465368808573,25.0,8.477105034722222e-07,False,False
scalematch,4,log_robust,0.2745523249731991,-0.9528311727028412,0.1217060079434366,-0.374307568100912,-0.1418460790091696,-1.094677251712011,-0.2502364060014416,-0.6245439741023536,256.0,0.0201204087999131,False,False
scalematch,4,normal_score,0.2745523249731991,-0.9528311727028412,0.1170670711796397,-0.2518849029727689,-0.1418460790091696,-1.094677251712011,-0.1119990443029899,-0.3638839472757588,256.0,6.781684027777778e-05,False,False
scalematch,4,hist_eq,0.2745523249731991,-0.9528311727028412,0.1585639176257003,-0.3309116531839839,-0.1418460790091696,-1.094677251712011,-0.2280207774234559,-0.5589324306074399,256.0,0.0039223564995659,False,False
scalematch,4,log_local_norm_s12,0.2745523249731991,-0.9528311727028412,0.1481489073833726,-0.2054043753030572,-0.1418460790091696,-1.094677251712011,-0.0798624728532645,-0.2852668481563218,212.0,8.477105034722222e-07,False,False
scalematch,4,log_local_norm_s48,0.2745523249731991,-0.9528311727028412,0.126113682024838,-0.2381323085621184,-0.1418460790091696,-1.094677251712011,-0.0940700936167393,-0.3322024021788577,211.0,8.477105034722222e-07,False,False
scalematch,4,log_local_norm_s192,0.2745523249731991,-0.9528311727028412,0.1028006820431082,-0.2664200282804054,-0.1418460790091696,-1.094677251712011,-0.1106383558644924,-0.3770583841448979,208.0,8.477105034722222e-07,False,False
scalematch,4,log_dither,0.2745523249731991,-0.9528311727028412,0.0591966514744602,0.1215522748365577,-0.1418460790091696,-1.094677251712011,-0.0018320396553978,0.1197202351811599,26.0,0.0,False,False
scalematch,4,multichannel,0.2745523249731991,-0.9528311727028412,0.1267462984837601,-0.2912123915233236,-0.1418460790091696,-1.094677251712011,-0.1171719601322526,-0.4083843516555762,182.0,0.0,True,False
scalematch,4,robust_unit_0.1_99.9,0.2745523249731991,-0.9528311727028412,0.157462055140467,-0.7391302424785144,-0.1418460790091696,-1.094677251712011,-0.2437805566798024,-0.9829107991583168,256.0,0.0020137363009982,False,False
scalematch,4,robust_unit_5_95,0.2745523249731991,-0.9528311727028412,0.1311888837323362,-0.278547329076777,-0.1418460790091696,-1.094677251712011,-0.2118850693906816,-0.4904323984674586,256.0,0.1005939907497829,False,False
scalematch,4,hist_eq_dither,0.2745523249731991,-0.9528311727028412,0.1572320514095535,-0.3232827155518751,-0.1418460790091696,-1.094677251712011,-0.2256979814525551,-0.5489806970044302,256.0,0.0041194491916232,False,False
scalematch,4,normal_score_dither,0.2745523249731991,-0.9528311727028412,0.1155657576375097,-0.2421814227652735,-0.1418460790091696,-1.094677251712011,-0.1103908261331988,-0.3525722488984724,256.0,6.018744574652778e-05,False,False
scalematch,4,asinh_mad_a0.25,0.2745523249731991,-0.9528311727028412,0.1215937703614693,-0.2667731261414234,-0.1418460790091696,-1.094677251712011,-0.141641820405456,-0.4084149465468795,233.0,8.477105034722222e-07,False,False
scalematch,4,asinh_mad_a1,0.2745523249731991,-0.9528311727028412,0.1215678685401147,-0.2681251968493026,-0.1418460790091696,-1.094677251712011,-0.1197681774706332,-0.3878933743199359,230.0,8.477105034722222e-07,False,False
scalematch,4,asinh_mad_a4,0.2745523249731991,-0.9528311727028412,0.1266121230531125,-0.3269402825855096,-0.1418460790091696,-1.094677251712011,-0.1810410830208902,-0.5079813656063998,222.0,8.477105034722222e-07,False,False
scalematch,4,signpow_0.3,0.2745523249731991,-0.9528311727028412,0.1047256260573374,-0.2352301448666585,-0.1418460790091696,-1.094677251712011,-0.2294062840523651,-0.4646364289190237,173.0,8.477105034722222e-07,False,False
scalematch,4,local_affine_s96,0.2745523249731991,-0.9528311727028412,0.3385386771895755,-5.089056266799499,-0.1418460790091696,-1.094677251712011,-0.2763567577956615,-5.365413024595161,236.0,8.477105034722222e-07,False,False
scalematch,4,bitsplit16,0.2745523249731991,-0.9528311727028412,0.1186939877945385,-0.2602391292497698,-0.1418460790091696,-1.094677251712011,-0.1124414746478998,-0.3726806038976696,252.0,6.357828776041667e-05,False,False
scalematch,4,multiscale_rgb,0.2745523249731991,-0.9528311727028412,0.1170670711796397,-0.2518849029727689,-0.1418460790091696,-1.094677251712011,-0.1119990443029899,-0.3638839472757588,236.0,0.0,False,False
scalematch,4,CTRL_identity_f32,0.2745523249731991,-0.9528311727028412,0.2745523249731991,-0.9528311727028412,-0.1418460790091696,-1.094677251712011,-0.1418460790091696,-1.094677251712011,,,False,True
scalematch,4,CTRL_minmax_noquant,0.2745523249731991,-0.9528311727028412,0.2745523195580994,-0.9528311244634724,-0.1418460790091696,-1.094677251712011,-0.1418460645344867,-1.0946771889979592,,,False,True
scalematch,4,CTRL_robust_1_99_noquant,0.2745523249731991,-0.9528311727028412,0.1257626259339153,-0.3983674516558653,-0.1418460790091696,-1.094677251712011,-0.2521644290004821,-0.6505318806563475,,,False,True
scalematch,4,CTRL_normal_score_noquant,0.2745523249731991,-0.9528311727028412,0.1186940543913621,-0.2602378705943227,-0.1418460790091696,-1.094677251712011,-0.1124415759365154,-0.372679446530838,,,False,True
histmatch,4,robust_unit_1_99,0.1184359165909276,-0.3507137488628598,0.127280331578016,-0.2687922076673154,-0.2400121813171909,-0.5907259301800507,-0.1770042110947804,-0.4457964187620959,256.0,0.0202111138237847,False,False
histmatch,4,minmax,0.1184359165909276,-0.3507137488628598,0.2359853669761564,-3.8772947610156345,-0.2400121813171909,-0.5907259301800507,-0.3425450541307946,-4.219839815146429,150.0,8.477105034722222e-07,False,False
histmatch,4,log_minmax,0.1184359165909276,-0.3507137488628598,0.3787364676762443,-8.12340407823076,-0.2400121813171909,-0.5907259301800507,-16.547942922015157,-24.67134700024592,52.0,8.477105034722222e-07,False,False
histmatch,4,log_robust,0.1184359165909276,-0.3507137488628598,0.1266113362197169,-0.2705177502028709,-0.2400121813171909,-0.5907259301800507,-0.1767558763622792,-0.4472736265651502,256.0,0.0202136569552951,False,False
histmatch,4,normal_score,0.1184359165909276,-0.3507137488628598,0.1249474296146904,-0.2443374783342599,-0.2400121813171909,-0.5907259301800507,-0.1065140701199513,-0.3508515484542113,256.0,6.781684027777778e-05,False,False
histmatch,4,hist_eq,0.1184359165909276,-0.3507137488628598,0.1631296977851217,-0.3296384380502196,-0.2400121813171909,-0.5907259301800507,-0.1969377801981619,-0.5265762182483816,256.0,0.0039223564995659,False,False
histmatch,4,log_local_norm_s12,0.1184359165909276,-0.3507137488628598,0.1512002496329605,-0.1156668918409117,-0.2400121813171909,-0.5907259301800507,-0.0669439718900256,-0.1826108637309374,218.0,1.2715657552083333e-06,False,False
histmatch,4,log_local_norm_s48,0.1184359165909276,-0.3507137488628598,0.0510819640966011,-0.1611583911533006,-0.2400121813171909,-0.5907259301800507,-0.0772621231182031,-0.2384205142715037,219.0,8.477105034722222e-07,False,False
histmatch,4,log_local_norm_s192,0.1184359165909276,-0.3507137488628598,0.0919453426711349,-0.194279203401529,-0.2400121813171909,-0.5907259301800507,-0.0998256589665911,-0.2941048623681201,214.0,8.477105034722222e-07,False,False
histmatch,4,log_dither,0.1184359165909276,-0.3507137488628598,-0.0074495658081957,-0.032813297798096,-0.2400121813171909,-0.5907259301800507,0.1294846505913613,0.0966713527932652,52.0,4.238552517361111e-07,False,False
histmatch,4,multichannel,0.1184359165909276,-0.3507137488628598,0.1262060460732574,-0.2484325102925402,-0.2400121813171909,-0.5907259301800507,-0.1073217597307567,-0.3557542700232969,178.0,0.0,True,False
histmatch,4,robust_unit_0.1_99.9,0.1184359165909276,-0.3507137488628598,0.1279374777996753,-0.2758162007406179,-0.2400121813171909,-0.5907259301800507,-0.2284730267921301,-0.5042892275327481,256.0,0.0020277235243055,False,False
histmatch,4,robust_unit_5_95,0.1184359165909276,-0.3507137488628598,0.1345194061963499,-0.2630445761194105,-0.2400121813171909,-0.5907259301800507,-0.188153473016813,-0.4511980491362235,256.0,0.1007686191134982,False,False
histmatch,4,hist_eq_dither,0.1184359165909276,-0.3507137488628598,0.1615651702681806,-0.3209583259847658,-0.2400121813171909,-0.5907259301800507,-0.1962328769457693,-0.5171912029305352,256.0,0.004111819797092,False,False
histmatch,4,normal_score_dither,0.1184359165909276,-0.3507137488628598,0.1232733150515033,-0.235909650589967,-0.2400121813171909,-0.5907259301800507,-0.1051895942159185,-0.3410992448058855,256.0,6.188286675347222e-05,False,False
histmatch,4,asinh_mad_a0.25,0.1184359165909276,-0.3507137488628598,0.1435658406293243,-0.283899916009267,-0.2400121813171909,-0.5907259301800507,-0.1396924029670936,-0.4235923189763605,245.0,8.477105034722222e-07,False,False
histmatch,4,asinh_mad_a1,0.1184359165909276,-0.3507137488628598,0.1247839449050656,-0.2416036282773778,-0.2400121813171909,-0.5907259301800507,-0.1076373625407241,-0.3492409908181019,240.0,8.477105034722222e-07,False,False
histmatch,4,asinh_mad_a4,0.1184359165909276,-0.3507137488628598,0.1139587110597077,-0.2314101330083834,-0.2400121813171909,-0.5907259301800507,-0.1730350600071764,-0.4044451930155599,231.0,8.477105034722222e-07,False,False
histmatch,4,signpow_0.3,0.1184359165909276,-0.3507137488628598,0.1498619055654282,-0.3010424840597852,-0.2400121813171909,-0.5907259301800507,-0.2468359462819113,-0.5478784303416965,231.0,8.477105034722222e-07,False,False
histmatch,4,local_affine_s96,0.1184359165909276,-0.3507137488628598,0.0894834534993678,-0.230003792685999,-0.2400121813171909,-0.5907259301800507,-0.114127585494978,-0.3441313781809771,242.0,1.2715657552083333e-06,False,False
histmatch,4,bitsplit16,0.1184359165909276,-0.3507137488628598,0.1267809664171335,-0.2535244250206044,-0.2400121813171909,-0.5907259301800507,-0.1067955256361185,-0.3603199506567229,252.0,6.357828776041667e-05,False,False
histmatch,4,multiscale_rgb,0.1184359165909276,-0.3507137488628598,0.1249474296146904,-0.2443374783342599,-0.2400121813171909,-0.5907259301800507,-0.1065140701199513,-0.3508515484542113,232.0,0.0,False,False
histmatch,4,CTRL_identity_f32,0.1184359165909276,-0.3507137488628598,0.1184359165909276,-0.3507137488628598,-0.2400121813171909,-0.5907259301800507,-0.2400121813171909,-0.5907259301800507,,,False,True
histmatch,4,CTRL_minmax_noquant,0.1184359165909276,-0.3507137488628598,0.1184359165921189,-0.3507137488690085,-0.2400121813171909,-0.5907259301800507,-0.2400121813190736,-0.5907259301880822,,,False,True
histmatch,4,CTRL_robust_1_99_noquant,0.1184359165909276,-0.3507137488628598,0.1287794407879361,-0.2769925141012787,-0.2400121813171909,-0.5907259301800507,-0.1774576895384565,-0.4544502036397352,,,False,True
histmatch,4,CTRL_normal_score_noquant,0.1184359165909276,-0.3507137488628598,0.126780957994026,-0.2535227526209549,-0.2400121813171909,-0.5907259301800507,-0.1067942755735153,-0.3603170281944702,,,False,True
null_samec2,4,robust_unit_1_99,0.0634927065800534,-0.0289197344214103,0.0498524053634226,-0.18235281205838,-0.0791536981055411,-0.1080734325269515,-0.0389973300040057,-0.2213501420623858,256.0,0.0221977233886718,False,False
null_samec2,4,minmax,0.0634927065800534,-0.0289197344214103,0.0333682888353887,0.0120690165494846,-0.0791536981055411,-0.1080734325269515,-0.0130009694445599,-0.0009319528950753,162.0,8.477105034722222e-07,False,False
null_samec2,4,log_minmax,0.0634927065800534,-0.0289197344214103,0.4736964245365547,-11.97879822736511,-0.0791536981055411,-0.1080734325269515,-3.100517626442896,-15.079315853808003,55.0,8.477105034722222e-07,False,False
null_samec2,4,log_robust,0.0634927065800534,-0.0289197344214103,0.0490546558311753,-0.2723820768731492,-0.0791536981055411,-0.1080734325269515,-0.0366063518173393,-0.3089884286904886,256.0,0.0222587585449218,False,False
null_samec2,4,normal_score,0.0634927065800534,-0.0289197344214103,0.0541592074407495,0.0578423420805543,-0.0791536981055411,-0.1080734325269515,-0.1184024264896521,-0.0605600844090977,256.0,6.781684027777778e-05,False,False
null_samec2,4,hist_eq,0.0634927065800534,-0.0289197344214103,0.0449354258237575,-0.0555531391947057,-0.0791536981055411,-0.1080734325269515,-0.0398433448328728,-0.0953964840275786,256.0,0.0039223564995659,False,False
null_samec2,4,log_local_norm_s12,0.0634927065800534,-0.0289197344214103,0.0707290457458895,-0.0055986112054652,-0.0791536981055411,-0.1080734325269515,-0.0573074261443665,-0.0629060373498317,221.0,1.2715657552083333e-06,False,False
null_samec2,4,log_local_norm_s48,0.0634927065800534,-0.0289197344214103,0.0542556134601683,-0.015547600012884,-0.0791536981055411,-0.1080734325269515,-0.069771226507894,-0.0853188265207781,219.0,1.2715657552083333e-06,False,False
null_samec2,4,log_local_norm_s192,0.0634927065800534,-0.0289197344214103,0.0073118072983715,-0.0267890893560239,-0.0791536981055411,-0.1080734325269515,-0.125865200405339,-0.152654289761363,213.0,1.6954210069444444e-06,False,False
null_samec2,4,log_dither,0.0634927065800534,-0.0289197344214103,-0.1748145113021989,0.0361190423754954,-0.0791536981055411,-0.1080734325269515,0.1975328158341589,0.2336518582096544,55.0,8.477105034722222e-07,False,False
null_samec2,4,multichannel,0.0634927065800534,-0.0289197344214103,0.0540318915546955,-0.022959450823966,-0.0791536981055411,-0.1080734325269515,-0.0439292754618209,-0.0668887262857869,193.0,0.0,True,False
null_samec2,4,robust_unit_0.1_99.9,0.0634927065800534,-0.0289197344214103,0.0570948666183936,-0.0458172835651123,-0.0791536981055411,-0.1080734325269515,-0.035361487338744,-0.0811787709038564,256.0,0.0021154615614149,False,False
null_samec2,4,robust_unit_5_95,0.0634927065800534,-0.0289197344214103,0.2150949327111184,-6.041781996163896,-0.0791536981055411,-0.1080734325269515,-0.2711729108302847,-6.312954906994181,256.0,0.1032854715983073,False,False
null_samec2,4,hist_eq_dither,0.0634927065800534,-0.0289197344214103,0.040211674581891,-0.0481549828718619,-0.0791536981055411,-0.1080734325269515,-0.0307103292224644,-0.0788653120943263,256.0,0.0040931701660156,False,False
null_samec2,4,normal_score_dither,0.0634927065800534,-0.0289197344214103,0.0463477091532293,0.0659302631033756,-0.0791536981055411,-0.1080734325269515,-0.0857933941612272,-0.0198631310578516,256.0,6.315443250868056e-05,False,False
null_samec2,4,asinh_mad_a0.25,0.0634927065800534,-0.0289197344214103,0.058518854295505,0.0055419755117413,-0.0791536981055411,-0.1080734325269515,-0.0687413615935582,-0.0631993860818168,237.0,8.477105034722222e-07,False,False
null_samec2,4,asinh_mad_a1,0.0634927065800534,-0.0289197344214103,0.0550809654442552,-0.0221095366541363,-0.0791536981055411,-0.1080734325269515,-0.0368734124527923,-0.0589829491069286,220.0,8.477105034722222e-07,False,False
null_samec2,4,asinh_mad_a4,0.0634927065800534,-0.0289197344214103,0.0394355224421609,0.0057527980581716,-0.0791536981055411,-0.1080734325269515,-0.0248158682642322,-0.0190630702060606,187.0,8.477105034722222e-07,False,False
null_samec2,4,signpow_0.3,0.0634927065800534,-0.0289197344214103,0.0619224807792915,0.0708669186214534,-0.0791536981055411,-0.1080734325269515,-0.1070726825205026,-0.0362057638990492,235.0,8.477105034722222e-07,False,False
null_samec2,4,local_affine_s96,0.0634927065800534,-0.0289197344214103,0.0526515167388814,-0.0220387165466797,-0.0791536981055411,-0.1080734325269515,-0.0917111267222481,-0.1137498432689278,239.0,8.477105034722222e-07,False,False
null_samec2,4,bitsplit16,0.0634927065800534,-0.0289197344214103,0.0608038204636196,0.0439889386623891,-0.0791536981055411,-0.1080734325269515,-0.1499255383154163,-0.1059365996530272,252.0,6.357828776041667e-05,False,False
null_samec2,4,multiscale_rgb,0.0634927065800534,-0.0289197344214103,0.0541592074407495,0.0578423420805543,-0.0791536981055411,-0.1080734325269515,-0.1184024264896521,-0.0605600844090977,230.0,0.0,False,False
null_samec2,4,CTRL_identity_f32,0.0634927065800534,-0.0289197344214103,0.0634927065800534,-0.0289197344214103,-0.0791536981055411,-0.1080734325269515,-0.0791536981055411,-0.1080734325269515,,,False,True
null_samec2,4,CTRL_minmax_noquant,0.0634927065800534,-0.0289197344214103,0.0634927065882107,-0.0289197344350651,-0.0791536981055411,-0.1080734325269515,-0.0791536981329292,-0.1080734325679944,,,False,True
null_samec2,4,CTRL_robust_1_99_noquant,0.0634927065800534,-0.0289197344214103,0.0509207619572702,-0.120862872071005,-0.0791536981055411,-0.1080734325269515,-0.0439104722475813,-0.1647733443185863,,,False,True
null_samec2,4,CTRL_normal_score_noquant,0.0634927065800534,-0.0289197344214103,0.0607991803660465,0.0439913033202825,-0.0791536981055411,-0.1080734325269515,-0.1499264291230923,-0.1059351258028098,,,False,True
null_ampramp,4,robust_unit_1_99,0.3347744931723131,0.314826142908336,-0.094459895582148,0.9997608525332746,0.1891686970795937,0.5039948399879297,0.2081422709051746,1.2079031234384492,256.0,0.0237575107150607,False,False
null_ampramp,4,minmax,0.3347744931723131,0.314826142908336,-0.1137514438327269,0.954332569154566,0.1891686970795937,0.5039948399879297,0.2779034292233482,1.232235998377914,255.0,8.477105034722222e-07,False,False
null_ampramp,4,log_minmax,0.3347744931723131,0.314826142908336,0.0790317440368206,3.0159879111289283,0.1891686970795937,0.5039948399879297,-1.4356098844467784,1.58037802668215,198.0,1.6954210069444444e-06,False,False
null_ampramp,4,log_robust,0.3347744931723131,0.314826142908336,0.1925417231650217,2.3027539731792115,0.1891686970795937,0.5039948399879297,-0.8602826523019848,1.4424713208772266,256.0,0.0277748107910156,False,False
null_ampramp,4,normal_score,0.3347744931723131,0.314826142908336,-0.1875493430904178,1.231132374456617,0.1891686970795937,0.5039948399879297,0.3289604690784214,1.5600928435350383,256.0,6.781684027777778e-05,False,False
null_ampramp,4,hist_eq,0.3347744931723131,0.314826142908336,-0.0956516014192252,0.9537269478464376,0.1891686970795937,0.5039948399879297,0.2715791537621217,1.2253061016085594,256.0,0.0039223564995659,False,False
null_ampramp,4,log_local_norm_s12,0.3347744931723131,0.314826142908336,0.1552868105668807,-0.0897921836096482,0.1891686970795937,0.5039948399879297,-0.0732250252438503,-0.1630172088534985,216.0,8.477105034722222e-07,False,False
null_ampramp,4,log_local_norm_s48,0.3347744931723131,0.314826142908336,0.3564035407320511,-0.2965775424733053,0.1891686970795937,0.5039948399879297,-0.0929786885803565,-0.3895562310536619,224.0,1.2715657552083333e-06,False,False
null_ampramp,4,log_local_norm_s192,0.3347744931723131,0.314826142908336,0.4293767515789806,0.3790539598953477,0.1891686970795937,0.5039948399879297,-0.1628309546902596,0.216223005205088,228.0,8.477105034722222e-07,False,False
null_ampramp,4,log_dither,0.3347744931723131,0.314826142908336,0.2976160365978577,1.0859420184001718,0.1891686970795937,0.5039948399879297,0.5399050496146988,1.6258470680148704,197.0,2.5431315104166665e-06,False,False
null_ampramp,4,multichannel,0.3347744931723131,0.314826142908336,-0.1769652585710788,0.8537322024434977,0.1891686970795937,0.5039948399879297,0.345037589228899,1.1987697916723967,147.0,0.0,True,False
null_ampramp,4,robust_unit_0.1_99.9,0.3347744931723131,0.314826142908336,-0.088995511897383,0.9466491369287844,0.1891686970795937,0.5039948399879297,0.2725763617622421,1.2192254986910265,256.0,0.0043034023708767,False,False
null_ampramp,4,robust_unit_5_95,0.3347744931723131,0.314826142908336,-1.2847331590076798,33.59334685678026,0.1891686970795937,0.5039948399879297,-32.693502617222016,0.8998442395582392,256.0,0.1034868028428819,False,False
null_ampramp,4,hist_eq_dither,0.3347744931723131,0.314826142908336,-0.1144232103715827,0.9203283009931862,0.1891686970795937,0.5039948399879297,0.307374830953419,1.2277031319466052,256.0,0.0040974087185329,False,False
null_ampramp,4,normal_score_dither,0.3347744931723131,0.314826142908336,-0.2560076489301635,1.2291258025946554,0.1891686970795937,0.5039948399879297,0.3987131566846134,1.6278389592792688,256.0,5.9763590494791664e-05,False,False
null_ampramp,4,asinh_mad_a0.25,0.3347744931723131,0.314826142908336,-0.1868821064022792,0.8413190479770574,0.1891686970795937,0.5039948399879297,0.3600027727772072,1.2013218207542646,256.0,1.2715657552083333e-06,False,False
null_ampramp,4,asinh_mad_a1,0.3347744931723131,0.314826142908336,-0.1306949843467106,0.929474453853152,0.1891686970795937,0.5039948399879297,0.2969073430187963,1.226381796871948,256.0,8.477105034722222e-07,False,False
null_ampramp,4,asinh_mad_a4,0.3347744931723131,0.314826142908336,-0.1154250150696729,0.9584326640537588,0.1891686970795937,0.5039948399879297,0.2774442461541387,1.2358769102078977,255.0,8.477105034722222e-07,False,False
null_ampramp,4,signpow_0.3,0.3347744931723131,0.314826142908336,-0.1975511642023544,0.6233671202309647,0.1891686970795937,0.5039948399879297,0.4075691722312586,1.0309362924622234,254.0,8.900960286458334e-06,False,False
null_ampramp,4,local_affine_s96,0.3347744931723131,0.314826142908336,0.2444883284114003,-0.3722609198009923,0.1891686970795937,0.5039948399879297,-0.141778966753213,-0.5140398865542053,239.0,1.2715657552083333e-06,False,False
null_ampramp,4,bitsplit16,0.3347744931723131,0.314826142908336,0.264465878999409,0.9476862561959358,0.1891686970795937,0.5039948399879297,0.1173290840168146,1.0650153402127505,252.0,6.357828776041667e-05,False,False
null_ampramp,4,multiscale_rgb,0.3347744931723131,0.314826142908336,-0.1875493430904178,1.231132374456617,0.1891686970795937,0.5039948399879297,0.3289604690784214,1.5600928435350383,229.0,0.0,False,False
null_ampramp,4,CTRL_identity_f32,0.3347744931723131,0.314826142908336,0.3347744931723131,0.314826142908336,0.1891686970795937,0.5039948399879297,0.1891686970795937,0.5039948399879297,,,False,True
null_ampramp,4,CTRL_minmax_noquant,0.3347744931723131,0.314826142908336,0.3347744934475025,0.3148261419344913,0.1891686970795937,0.5039948399879297,0.1891686970260601,0.5039948389605514,,,False,True
null_ampramp,4,CTRL_robust_1_99_noquant,0.3347744931723131,0.314826142908336,0.2987623447916907,0.3698120248707189,0.1891686970795937,0.5039948399879297,0.1827965063477774,0.5526085312184964,,,False,True
null_ampramp,4,CTRL_normal_score_noquant,0.3347744931723131,0.314826142908336,0.2644751914432994,0.9477372993826174,0.1891686970795937,0.5039948399879297,0.1173274100978646,1.0650647094804822,,,False,True
current,5,robust_unit_1_99,0.2474089676499382,-0.1687084329651269,0.246665283213276,-0.2019407810459857,-0.2852899989203086,-0.4539984318854356,-0.170503519945531,-0.3724443009915167,256.0,0.0201793246799045,False,False
current,5,minmax,0.2474089676499382,-0.1687084329651269,2.791166850846184,-60.84676499781829,-0.2852899989203086,-0.4539984318854356,-0.2325385315989394,-61.07930352941723,107.0,8.477105034722222e-07,False,False
current,5,log_minmax,0.2474089676499382,-0.1687084329651269,5.231730345952027,-80.1727214492154,-0.2852899989203086,-0.4539984318854356,-7.144479069452958,-87.31720051866836,56.0,8.477105034722222e-07,False,False
current,5,log_robust,0.2474089676499382,-0.1687084329651269,0.2427985879582253,-0.2053637063723126,-0.2852899989203086,-0.4539984318854356,-0.1688119536063689,-0.3741756599786816,256.0,0.0201776292588975,False,False
current,5,normal_score,0.2474089676499382,-0.1687084329651269,0.1228105447908394,-0.0783260769942678,-0.2852899989203086,-0.4539984318854356,-0.1486194040900829,-0.2269454810843508,256.0,6.781684027777778e-05,False,False
current,5,hist_eq,0.2474089676499382,-0.1687084329651269,0.0090766274928792,0.1555376019853789,-0.2852899989203086,-0.4539984318854356,-0.3928194998549363,-0.2372818978695573,256.0,0.0039223564995659,False,False
current,5,log_local_norm_s12,0.2474089676499382,-0.1687084329651269,0.0992300224448401,-0.1083306824527998,-0.2852899989203086,-0.4539984318854356,-0.0721907256038415,-0.1805214080566414,215.0,8.477105034722222e-07,False,False
current,5,log_local_norm_s48,0.2474089676499382,-0.1687084329651269,0.0804072306812366,-0.1233586971218022,-0.2852899989203086,-0.4539984318854356,-0.0992002187794524,-0.2225589159012547,214.0,8.477105034722222e-07,False,False
current,5,log_local_norm_s192,0.2474089676499382,-0.1687084329651269,0.069221657140978,-0.1269734410695391,-0.2852899989203086,-0.4539984318854356,-0.0970735843283768,-0.2240470253979159,212.0,8.477105034722222e-07,False,False
current,5,log_dither,0.2474089676499382,-0.1687084329651269,-0.4690295743009758,0.0633785410733422,-0.2852899989203086,-0.4539984318854356,0.0903036958466972,0.1536822369200395,55.0,0.0,False,False
current,5,multichannel,0.2474089676499382,-0.1687084329651269,0.1612938727421478,-0.1941891996697171,-0.2852899989203086,-0.4539984318854356,-0.1302327175260573,-0.3244219171957745,190.0,0.0,True,False
current,5,robust_unit_0.1_99.9,0.2474089676499382,-0.1687084329651269,0.2167428208315394,-0.4292860942972051,-0.2852899989203086,-0.4539984318854356,-0.2513153457728182,-0.6806014400700233,256.0,0.0020213656955295,False,False
current,5,robust_unit_5_95,0.2474089676499382,-0.1687084329651269,0.0484907830759788,3.196488097314694,-0.2852899989203086,-0.4539984318854356,-3.560397791907171,-0.3639096945924771,256.0,0.1006995307074652,False,False
current,5,hist_eq_dither,0.2474089676499382,-0.1687084329651269,0.0092520927294776,0.1563848940544873,-0.2852899989203086,-0.4539984318854356,-0.39071694701156,-0.2343320529570727,256.0,0.0040512084960937,False,False
current,5,normal_score_dither,0.2474089676499382,-0.1687084329651269,0.1190369243146398,-0.0670897607670059,-0.2852899989203086,-0.4539984318854356,-0.1477044131133347,-0.2147941738803406,256.0,5.8915879991319445e-05,False,False
current,5,asinh_mad_a0.25,0.2474089676499382,-0.1687084329651269,0.1169560147841772,-0.1722005779296841,-0.2852899989203086,-0.4539984318854356,-0.2267732460262187,-0.3989738239559028,233.0,8.477105034722222e-07,False,False
current,5,asinh_mad_a1,0.2474089676499382,-0.1687084329651269,0.1541587601061362,-0.1657589974952363,-0.2852899989203086,-0.4539984318854356,-0.1308927994970759,-0.2966517969923122,227.0,8.477105034722222e-07,False,False
current,5,asinh_mad_a4,0.2474089676499382,-0.1687084329651269,0.2751825791099773,-2.833034668980765,-0.2852899989203086,-0.4539984318854356,-0.1762153811171293,-3.0092500500978945,213.0,8.477105034722222e-07,False,False
current,5,signpow_0.3,0.2474089676499382,-0.1687084329651269,0.2006768014291844,-1.3254287979487491,-0.2852899989203086,-0.4539984318854356,-0.3404150026191977,-1.665843800567947,206.0,8.477105034722222e-07,False,False
current,5,local_affine_s96,0.2474089676499382,-0.1687084329651269,0.0760396313353573,-0.0604148760470696,-0.2852899989203086,-0.4539984318854356,-0.1375863795100827,-0.1980012555571523,210.0,8.477105034722222e-07,False,False
current,5,bitsplit16,0.2474089676499382,-0.1687084329651269,0.127426807434547,-0.0941522487204644,-0.2852899989203086,-0.4539984318854356,-0.1493780501080349,-0.2435302988284994,252.0,6.357828776041667e-05,False,False
current,5,multiscale_rgb,0.2474089676499382,-0.1687084329651269,0.1228105447908394,-0.0783260769942678,-0.2852899989203086,-0.4539984318854356,-0.1486194040900829,-0.2269454810843508,229.0,0.0,False,False
current,5,CTRL_identity_f32,0.2474089676499382,-0.1687084329651269,0.2474089676499382,-0.1687084329651269,-0.2852899989203086,-0.4539984318854356,-0.2852899989203086,-0.4539984318854356,,,False,True
current,5,CTRL_minmax_noquant,0.2474089676499382,-0.1687084329651269,0.2474089677379563,-0.1687084332684983,-0.2852899989203086,-0.4539984318854356,-0.2852899989411842,-0.4539984322096825,,,False,True
current,5,CTRL_robust_1_99_noquant,0.2474089676499382,-0.1687084329651269,0.2615677094317403,-0.2689175968123753,-0.2852899989203086,-0.4539984318854356,-0.1705391844080803,-0.4394567812204557,,,False,True
current,5,CTRL_normal_score_noquant,0.2474089676499382,-0.1687084329651269,0.1274280554293194,-0.0941545420047347,-0.2852899989203086,-0.4539984318854356,-0.1493786217817488,-0.2435331637864836,,,False,True
scalematch,5,robust_unit_1_99,0.5103197035542164,-0.5100871960750405,0.1919597119717395,-0.6413581808895454,-0.4681122060821936,-0.978199402157234,-0.330144527467403,-0.9715027083569484,256.0,0.0201123555501302,False,False
scalematch,5,minmax,0.5103197035542164,-0.5100871960750405,-1.1178007514689092,-50.26976860512181,-0.4681122060821936,-0.978199402157234,-28.410457567424466,-78.68022617254627,68.0,8.477105034722222e-07,False,False
scalematch,5,log_minmax,0.5103197035542164,-0.5100871960750405,0.4108832233430828,-48.36059659600604,-0.4681122060821936,-0.978199402157234,1.1179261597524726,-47.24267043625357,18.0,1.2715657552083333e-06,False,False
scalematch,5,log_robust,0.5103197035542164,-0.5100871960750405,0.1913956272290564,-0.6393442382853021,-0.4681122060821936,-0.978199402157234,-0.3308339952299765,-0.9701782335152784,256.0,0.0201123555501302,False,False
scalematch,5,normal_score,0.5103197035542164,-0.5100871960750405,0.110142889907983,-0.2264321593058367,-0.4681122060821936,-0.978199402157234,-0.1281098046785561,-0.3545419639843928,256.0,6.781684027777778e-05,False,False
scalematch,5,hist_eq,0.5103197035542164,-0.5100871960750405,0.1304648668957857,-0.2491994014422111,-0.4681122060821936,-0.978199402157234,-0.1750280403229973,-0.4242274417652084,256.0,0.0039223564995659,False,False
scalematch,5,log_local_norm_s12,0.5103197035542164,-0.5100871960750405,0.1490163898230785,-0.1910610801495173,-0.4681122060821936,-0.978199402157234,-0.1047474168069971,-0.2958084969565144,208.0,1.2715657552083333e-06,False,False
scalematch,5,log_local_norm_s48,0.5103197035542164,-0.5100871960750405,0.1907024428941377,-0.2983000141273865,-0.4681122060821936,-0.978199402157234,-0.1333263148344924,-0.4316263289618789,205.0,1.2715657552083333e-06,False,False
scalematch,5,log_local_norm_s192,0.5103197035542164,-0.5100871960750405,0.0877783962600784,-0.194658708161852,-0.4681122060821936,-0.978199402157234,-0.1339432929885974,-0.3286020011504494,203.0,1.2715657552083333e-06,False,False
scalematch,5,log_dither,0.5103197035542164,-0.5100871960750405,0.0191572307395648,0.0084959534176531,-0.4681122060821936,-0.978199402157234,-0.0030883242696089,0.0054076291480442,19.0,8.477105034722222e-07,False,False
scalematch,5,multichannel,0.5103197035542164,-0.5100871960750405,0.134281000435664,-0.266223700174224,-0.4681122060821936,-0.978199402157234,-0.1513450621788537,-0.4175687623530778,179.0,0.0,True,False
scalematch,5,robust_unit_0.1_99.9,0.5103197035542164,-0.5100871960750405,0.3059950676538729,-0.5158055237797476,-0.4681122060821936,-0.978199402157234,-0.3905217819852581,-0.9063273057650058,256.0,0.0020103454589843,False,False
scalematch,5,robust_unit_5_95,0.5103197035542164,-0.5100871960750405,0.3005462766920213,-5.02181872469423,-0.4681122060821936,-0.978199402157234,-0.2082415077972032,-5.230060232491433,256.0,0.1005571153428819,False,False
scalematch,5,hist_eq_dither,0.5103197035542164,-0.5100871960750405,0.1281932513230828,-0.2361963590099819,-0.4681122060821936,-0.978199402157234,-0.1745240836731748,-0.4107204426831568,256.0,0.0041024949815538,False,False
scalematch,5,normal_score_dither,0.5103197035542164,-0.5100871960750405,0.105916916129092,-0.2078988316257047,-0.4681122060821936,-0.978199402157234,-0.1269222953226339,-0.3348211269483387,256.0,5.8492024739583336e-05,False,False
scalematch,5,asinh_mad_a0.25,0.5103197035542164,-0.5100871960750405,0.105104097588516,-0.2324786268510612,-0.4681122060821936,-0.978199402157234,-0.124136205240309,-0.3566148320913703,230.0,1.2715657552083333e-06,False,False
scalematch,5,asinh_mad_a1,0.5103197035542164,-0.5100871960750405,0.126803080180186,-0.2310908856786959,-0.4681122060821936,-0.978199402157234,-0.1541537191714501,-0.385244604850146,225.0,1.2715657552083333e-06,False,False
scalematch,5,asinh_mad_a4,0.5103197035542164,-0.5100871960750405,0.1908240343974501,-0.2252974241797531,-0.4681122060821936,-0.978199402157234,-0.2539314811189787,-0.4792289052987318,218.0,1.2715657552083333e-06,False,False
scalematch,5,signpow_0.3,0.5103197035542164,-0.5100871960750405,0.1260889304242938,-0.2170533995837817,-0.4681122060821936,-0.978199402157234,-0.1895241573857106,-0.4065775569694923,171.0,1.2715657552083333e-06,False,False
scalematch,5,local_affine_s96,0.5103197035542164,-0.5100871960750405,0.397782477508638,-3.2293380451251417,-0.4681122060821936,-0.978199402157234,-0.237315084648969,-3.4666531297741106,235.0,1.2715657552083333e-06,False,False
scalematch,5,bitsplit16,0.5103197035542164,-0.5100871960750405,0.1126360802667638,-0.2383040397703274,-0.4681122060821936,-0.978199402157234,-0.1285565779237149,-0.3668606176940424,252.0,6.357828776041667e-05,False,False
scalematch,5,multiscale_rgb,0.5103197035542164,-0.5100871960750405,0.110142889907983,-0.2264321593058367,-0.4681122060821936,-0.978199402157234,-0.1281098046785561,-0.3545419639843928,232.0,0.0,False,False
scalematch,5,CTRL_identity_f32,0.5103197035542164,-0.5100871960750405,0.5103197035542164,-0.5100871960750405,-0.4681122060821936,-0.978199402157234,-0.4681122060821936,-0.978199402157234,,,False,True
scalematch,5,CTRL_minmax_noquant,0.5103197035542164,-0.5100871960750405,0.5103196979029523,-0.5100871521773731,-0.4681122060821936,-0.978199402157234,-0.4681121924244381,-0.9781993446018112,,,False,True
scalematch,5,CTRL_robust_1_99_noquant,0.5103197035542164,-0.5100871960750405,0.1972726414221857,-0.5876212571674586,-0.4681122060821936,-0.978199402157234,-0.3347426000351456,-0.9223638572026042,,,False,True
scalematch,5,CTRL_normal_score_noquant,0.5103197035542164,-0.5100871960750405,0.1126370979712927,-0.2383072174475047,-0.4681122060821936,-0.978199402157234,-0.1285567809052369,-0.3668639983527417,,,False,True
histmatch,5,robust_unit_1_99,0.1929575833860017,-0.2744798995370629,0.1405340168821742,-0.2977844028965534,-0.3242624017696788,-0.5987423013067418,-0.2424013228176236,-0.5401857257141771,256.0,0.0201894972059461,False,False
histmatch,5,minmax,0.1929575833860017,-0.2744798995370629,0.220070043096962,-2.326811242466026,-0.3242624017696788,-0.5987423013067418,-0.674421700918273,-3.001232943384299,147.0,1.2715657552083333e-06,False,False
histmatch,5,log_minmax,0.1929575833860017,-0.2744798995370629,0.5187207163907803,-9.560352438652098,-0.3242624017696788,-0.5987423013067418,-11.144593799531334,-20.70494623818343,77.0,8.477105034722222e-07,False,False
histmatch,5,log_robust,0.1929575833860017,-0.2744798995370629,0.1373069281263863,-0.2969958521835233,-0.3242624017696788,-0.5987423013067418,-0.2383398088236093,-0.5353356610071327,256.0,0.0201899210611979,False,False
histmatch,5,normal_score,0.1929575833860017,-0.2744798995370629,0.1124078547016385,-0.2111459245192914,-0.3242624017696788,-0.5987423013067418,-0.1248005624309943,-0.3359464869502857,256.0,6.781684027777778e-05,False,False
histmatch,5,hist_eq,0.1929575833860017,-0.2744798995370629,0.1231064723567565,-0.2182447132015367,-0.3242624017696788,-0.5987423013067418,-0.168665085614661,-0.3869097988161977,256.0,0.0039223564995659,False,False
histmatch,5,log_local_norm_s12,0.1929575833860017,-0.2744798995370629,0.1134708699200934,-0.1018342136683849,-0.3242624017696788,-0.5987423013067418,-0.088772689130478,-0.1906069027988629,229.0,8.477105034722222e-07,False,False
histmatch,5,log_local_norm_s48,0.1929575833860017,-0.2744798995370629,0.0771333556171629,-0.1536565401509024,-0.3242624017696788,-0.5987423013067418,-0.1078286856610686,-0.2614852258119711,228.0,8.477105034722222e-07,False,False
histmatch,5,log_local_norm_s192,0.1929575833860017,-0.2744798995370629,0.0662404014037125,-0.174530870205832,-0.3242624017696788,-0.5987423013067418,-0.1137964285478043,-0.2883272987536363,225.0,8.477105034722222e-07,False,False
histmatch,5,log_dither,0.1929575833860017,-0.2744798995370629,0.0440191876337983,0.0198693170491455,-0.3242624017696788,-0.5987423013067418,0.0768844278116154,0.096753744860761,72.0,4.238552517361111e-07,False,False
histmatch,5,multichannel,0.1929575833860017,-0.2744798995370629,0.1103619145831613,-0.1883188164630952,-0.3242624017696788,-0.5987423013067418,-0.1332748775557848,-0.32159369401888,159.0,0.0,True,False
histmatch,5,robust_unit_0.1_99.9,0.1929575833860017,-0.2744798995370629,0.1663836284507271,-0.2020983176841127,-0.3242624017696788,-0.5987423013067418,-0.3006393271938787,-0.5027376448779914,256.0,0.0020243326822916,False,False
histmatch,5,robust_unit_5_95,0.1929575833860017,-0.2744798995370629,0.2569101945791801,-3.900121956018134,-0.3242624017696788,-0.5987423013067418,-0.2686769381845991,-4.168798894202733,256.0,0.1007334391276041,False,False
histmatch,5,hist_eq_dither,0.1929575833860017,-0.2744798995370629,0.1219022654717467,-0.2108244229157089,-0.3242624017696788,-0.5987423013067418,-0.1682753065495408,-0.3790997294652497,256.0,0.0041063096788194,False,False
histmatch,5,normal_score_dither,0.1929575833860017,-0.2744798995370629,0.108530675928619,-0.1944975201188094,-0.3242624017696788,-0.5987423013067418,-0.12413744559736,-0.3186349657161695,256.0,5.764431423611111e-05,False,False
histmatch,5,asinh_mad_a0.25,0.1929575833860017,-0.2744798995370629,0.1040728395004546,-0.2078237205830266,-0.3242624017696788,-0.5987423013067418,-0.1198953171847712,-0.3277190377677978,246.0,1.2715657552083333e-06,False,False
histmatch,5,asinh_mad_a1,0.1929575833860017,-0.2744798995370629,0.1142504375107142,-0.2039723984103166,-0.3242624017696788,-0.5987423013067418,-0.1345966451477814,-0.338569043558098,241.0,1.2715657552083333e-06,False,False
histmatch,5,asinh_mad_a4,0.1929575833860017,-0.2744798995370629,0.135859989039615,-0.1741732615769872,-0.3242624017696788,-0.5987423013067418,-0.2298420225650262,-0.4040152841420135,231.0,1.2715657552083333e-06,False,False
histmatch,5,signpow_0.3,0.1929575833860017,-0.2744798995370629,0.15138635448838,-0.2580291123630415,-0.3242624017696788,-0.5987423013067418,-0.207662175833723,-0.4656912881967646,228.0,1.2715657552083333e-06,False,False
histmatch,5,local_affine_s96,0.1929575833860017,-0.2744798995370629,0.1044580454936257,-0.199422318055267,-0.3242624017696788,-0.5987423013067418,-0.1557533727281813,-0.3551756907834484,234.0,8.477105034722222e-07,False,False
histmatch,5,bitsplit16,0.1929575833860017,-0.2744798995370629,0.1147111988345634,-0.2225681674293647,-0.3242624017696788,-0.5987423013067418,-0.1257089306403036,-0.3482770980696684,252.0,6.357828776041667e-05,False,False
histmatch,5,multiscale_rgb,0.1929575833860017,-0.2744798995370629,0.1124078547016385,-0.2111459245192914,-0.3242624017696788,-0.5987423013067418,-0.1248005624309943,-0.3359464869502857,231.0,0.0,False,False
histmatch,5,CTRL_identity_f32,0.1929575833860017,-0.2744798995370629,0.1929575833860017,-0.2744798995370629,-0.3242624017696788,-0.5987423013067418,-0.3242624017696788,-0.5987423013067418,,,False,True
histmatch,5,CTRL_minmax_noquant,0.1929575833860017,-0.2744798995370629,0.192957583398228,-0.2744798995982995,-0.3242624017696788,-0.5987423013067418,-0.3242624017908463,-0.5987423013891459,,,False,True
histmatch,5,CTRL_robust_1_99_noquant,0.1929575833860017,-0.2744798995370629,0.1426455236686141,-0.2957143123991381,-0.3242624017696788,-0.5987423013067418,-0.2431656600056298,-0.5388799724047679,,,False,True
histmatch,5,CTRL_normal_score_noquant,0.1929575833860017,-0.2744798995370629,0.1147116418629483,-0.2225751018883915,-0.3242624017696788,-0.5987423013067418,-0.1257100151085354,-0.348285116996927,,,False,True
null_samec2,5,robust_unit_1_99,0.0004062310107719,-0.0439339717583949,0.0640558353094598,-1.0822222825086294,-0.1007569460136431,-0.144690917772038,-0.1272058842334181,-1.2094281667420477,256.0,0.0215424431694878,False,False
null_samec2,5,minmax,0.0004062310107719,-0.0439339717583949,0.0161446977162604,-0.065925303956422,-0.1007569460136431,-0.144690917772038,0.0234916951059893,-0.0424336088504327,143.0,8.477105034722222e-07,False,False
null_samec2,5,log_minmax,0.0004062310107719,-0.0439339717583949,0.0473993795772407,-1.2750585568714197,-0.1007569460136431,-0.144690917772038,-12.022644712403272,-13.297703269274692,50.0,8.477105034722222e-07,False,False
null_samec2,5,log_robust,0.0004062310107719,-0.0439339717583949,0.0729283175278756,-1.4133516158945667,-0.1007569460136431,-0.144690917772038,-0.1144889412893234,-1.5278405571838902,256.0,0.0215331183539496,False,False
null_samec2,5,normal_score,0.0004062310107719,-0.0439339717583949,0.0213828687952895,-0.2951003579915395,-0.1007569460136431,-0.144690917772038,0.0205691508572,-0.2745312071343394,256.0,6.781684027777778e-05,False,False
null_samec2,5,hist_eq,0.0004062310107719,-0.0439339717583949,0.0331054587678674,-0.0193878371835386,-0.1007569460136431,-0.144690917772038,-0.1151024214488664,-0.1344902586324051,256.0,0.0039223564995659,False,False
null_samec2,5,log_local_norm_s12,0.0004062310107719,-0.0439339717583949,-0.0303774370804876,-0.0155942172485575,-0.1007569460136431,-0.144690917772038,-0.0655946582737455,-0.0811888755223031,213.0,8.477105034722222e-07,False,False
null_samec2,5,log_local_norm_s48,0.0004062310107719,-0.0439339717583949,-0.0252279892320894,-0.0006071798194954,-0.1007569460136431,-0.144690917772038,-0.0861627811938786,-0.086769961013374,211.0,8.477105034722222e-07,False,False
null_samec2,5,log_local_norm_s192,0.0004062310107719,-0.0439339717583949,0.0021397083182745,0.0424710113769058,-0.1007569460136431,-0.144690917772038,-0.1708942693576101,-0.1284232579807043,202.0,8.477105034722222e-07,False,False
null_samec2,5,log_dither,0.0004062310107719,-0.0439339717583949,-0.0557980717947749,-0.045452017424613,-0.1007569460136431,-0.144690917772038,0.2486816277370591,0.203229610312446,50.0,4.238552517361111e-07,False,False
null_samec2,5,multichannel,0.0004062310107719,-0.0439339717583949,0.0027809762557307,0.0100731446988295,-0.1007569460136431,-0.144690917772038,-0.0917167471610324,-0.0816436024622028,152.0,0.0,True,False
null_samec2,5,robust_unit_0.1_99.9,0.0004062310107719,-0.0439339717583949,0.0048608378466779,-0.0100661877283313,-0.1007569460136431,-0.144690917772038,-0.0806633558715675,-0.0907295435998989,256.0,0.0020980834960937,False,False
null_samec2,5,robust_unit_5_95,0.0004062310107719,-0.0439339717583949,0.9363194049859128,-24.33816836306953,-0.1007569460136431,-0.144690917772038,-0.3922307306832537,-24.730399093752787,256.0,0.1038966708713107,False,False
null_samec2,5,hist_eq_dither,0.0004062310107719,-0.0439339717583949,0.0335046710726065,-0.0223511357074743,-0.1007569460136431,-0.144690917772038,-0.0953350065755618,-0.1176861422830361,256.0,0.0040808783637152,False,False
null_samec2,5,normal_score_dither,0.0004062310107719,-0.0439339717583949,0.0288031740874314,-0.2979775462256949,-0.1007569460136431,-0.144690917772038,0.0574563747710344,-0.2405211714546604,256.0,5.594889322916666e-05,False,False
null_samec2,5,asinh_mad_a0.25,0.0004062310107719,-0.0439339717583949,0.0036522106398941,0.0782778106472855,-0.1007569460136431,-0.144690917772038,-0.1337397129743938,-0.0554619023271082,228.0,8.477105034722222e-07,False,False
null_samec2,5,asinh_mad_a1,0.0004062310107719,-0.0439339717583949,0.0058711420798656,0.0009218075252535,-0.1007569460136431,-0.144690917772038,-0.0650471864558942,-0.0641253789306406,202.0,8.477105034722222e-07,False,False
null_samec2,5,asinh_mad_a4,0.0004062310107719,-0.0439339717583949,0.0105518220080884,-0.0558136455295802,-0.1007569460136431,-0.144690917772038,-0.0017024848892088,-0.057516130418789,166.0,8.477105034722222e-07,False,False
null_samec2,5,signpow_0.3,0.0004062310107719,-0.0439339717583949,-0.0173954457754841,0.0583487323560936,-0.1007569460136431,-0.144690917772038,-0.1327584004456819,-0.0744096680895883,222.0,8.477105034722222e-07,False,False
null_samec2,5,local_affine_s96,0.0004062310107719,-0.0439339717583949,0.0062189058765054,0.0119065697443464,-0.1007569460136431,-0.144690917772038,-0.1300646993313064,-0.11815812958696,234.0,8.477105034722222e-07,False,False
null_samec2,5,bitsplit16,0.0004062310107719,-0.0439339717583949,0.0173870077572484,-0.2933923107345885,-0.1007569460136431,-0.144690917772038,-0.0250133742984987,-0.3184056850330873,252.0,6.357828776041667e-05,False,False
null_samec2,5,multiscale_rgb,0.0004062310107719,-0.0439339717583949,0.0213828687952895,-0.2951003579915395,-0.1007569460136431,-0.144690917772038,0.0205691508572,-0.2745312071343394,233.0,0.0,False,False
null_samec2,5,CTRL_identity_f32,0.0004062310107719,-0.0439339717583949,0.0004062310107719,-0.0439339717583949,-0.1007569460136431,-0.144690917772038,-0.1007569460136431,-0.144690917772038,,,False,True
null_samec2,5,CTRL_minmax_noquant,0.0004062310107719,-0.0439339717583949,0.0004062310091819,-0.0439339717553527,-0.1007569460136431,-0.144690917772038,-0.1007569460310885,-0.1446909177864412,,,False,True
null_samec2,5,CTRL_robust_1_99_noquant,0.0004062310107719,-0.0439339717583949,0.0492766823103094,-0.5127804551738271,-0.1007569460136431,-0.144690917772038,-0.138472612989413,-0.6512530681632401,,,False,True
null_samec2,5,CTRL_normal_score_noquant,0.0004062310107719,-0.0439339717583949,0.0173825825238096,-0.2933889192661983,-0.1007569460136431,-0.144690917772038,-0.0250190765523727,-0.3184079958185711,,,False,True
null_ampramp,5,robust_unit_1_99,0.3728552870900083,0.4142333690460348,-0.0411464675990473,1.0266088897995682,0.0201694393910529,0.4344028084370878,0.0578660057389699,1.0844748955385382,256.0,0.0234252081976996,False,False
null_ampramp,5,minmax,0.3728552870900083,0.4142333690460348,-0.1006869690263285,0.9837812707009432,0.0201694393910529,0.4344028084370878,0.1485661225530179,1.1323473932539612,238.0,1.0596381293402776e-05,False,False
null_ampramp,5,log_minmax,0.3728552870900083,0.4142333690460348,0.1192782241547287,4.217195785892731,0.0201694393910529,0.4344028084370878,-2.700388762451416,1.516807023441315,233.0,8.477105034722222e-07,False,False
null_ampramp,5,log_robust,0.3728552870900083,0.4142333690460348,0.2646466611419891,1.9869693573597087,0.0201694393910529,0.4344028084370878,-0.5610632668040906,1.425906090555618,256.0,0.0268296135796441,False,False
null_ampramp,5,normal_score,0.3728552870900083,0.4142333690460348,-0.1615390794980047,1.3004657146874048,0.0201694393910529,0.4344028084370878,0.138390211490608,1.4388559261780127,256.0,6.781684027777778e-05,False,False
null_ampramp,5,hist_eq,0.3728552870900083,0.4142333690460348,-0.0485030811610331,0.9975352708802344,0.0201694393910529,0.4344028084370878,0.1182756208565437,1.1158108917367782,256.0,0.0039223564995659,False,False
null_ampramp,5,log_local_norm_s12,0.3728552870900083,0.4142333690460348,0.099341139765934,-0.0083139125615452,0.0201694393910529,0.4344028084370878,-0.0997701572582722,-0.1080840698198175,236.0,8.477105034722222e-07,False,False
null_ampramp,5,log_local_norm_s48,0.3728552870900083,0.4142333690460348,0.3090182080680801,-0.0712931895473465,0.0201694393910529,0.4344028084370878,-0.1360489490277435,-0.20734213857509,247.0,8.477105034722222e-07,False,False
null_ampramp,5,log_local_norm_s192,0.3728552870900083,0.4142333690460348,0.4672528312053383,0.4177109112870689,0.0201694393910529,0.4344028084370878,-0.2181491710335282,0.1995617402535406,247.0,8.477105034722222e-07,False,False
null_ampramp,5,log_dither,0.3728552870900083,0.4142333690460348,0.3527709121287312,1.1518915140313966,0.0201694393910529,0.4344028084370878,0.4359921711453181,1.5878836851767146,233.0,8.477105034722222e-07,False,False
null_ampramp,5,multichannel,0.3728552870900083,0.4142333690460348,-0.0811348122393607,0.9350512577258764,0.0201694393910529,0.4344028084370878,0.217528756515287,1.1525800142411633,148.0,0.0,True,False
null_ampramp,5,robust_unit_0.1_99.9,0.3728552870900083,0.4142333690460348,-0.0452824460882963,0.9745394783052528,0.0201694393910529,0.4344028084370878,0.1228778693557676,1.0974173476610205,256.0,0.0042296515570746,False,False
null_ampramp,5,robust_unit_5_95,0.3728552870900083,0.4142333690460348,-0.93612115443804,25.311539194329104,0.0201694393910529,0.4344028084370878,-24.5005017036958,0.8110374906333071,256.0,0.1034410264756944,False,False
null_ampramp,5,hist_eq_dither,0.3728552870900083,0.4142333690460348,-0.0770848377550841,0.97684063507119,0.0201694393910529,0.4344028084370878,0.1567108360163588,1.1335514710875487,256.0,0.0041283501519097,False,False
null_ampramp,5,normal_score_dither,0.3728552870900083,0.4142333690460348,-0.2453423690572895,1.3303593697951053,0.0201694393910529,0.4344028084370878,0.2106011555807487,1.540960525375854,256.0,6.018744574652778e-05,False,False
null_ampramp,5,asinh_mad_a0.25,0.3728552870900083,0.4142333690460348,-0.1171253210145912,0.837629716479991,0.0201694393910529,0.4344028084370878,0.2489665634706929,1.086596279950684,254.0,0.0023735894097222,False,False
null_ampramp,5,asinh_mad_a1,0.3728552870900083,0.4142333690460348,-0.0903393701288139,0.9290865983874054,0.0201694393910529,0.4344028084370878,0.1698892222445505,1.098975820631956,249.0,0.0002297295464409,False,False
null_ampramp,5,asinh_mad_a4,0.3728552870900083,0.4142333690460348,-0.0976778827342874,0.9767663178447664,0.0201694393910529,0.4344028084370878,0.1496423511172739,1.1264086689620405,241.0,1.1867947048611111e-05,False,False
null_ampramp,5,signpow_0.3,0.3728552870900083,0.4142333690460348,-0.0679183914584997,0.5688200268389912,0.0201694393910529,0.4344028084370878,0.2846490088176799,0.8534690356566712,253.0,0.0040749443901909,False,False
null_ampramp,5,local_affine_s96,0.3728552870900083,0.4142333690460348,0.2368018481620948,-0.2379314550521983,0.0201694393910529,0.4344028084370878,-0.1871967602357349,-0.4251282152879332,229.0,8.477105034722222e-07,False,False
null_ampramp,5,bitsplit16,0.3728552870900083,0.4142333690460348,0.2911822558266095,1.0853241780248497,0.0201694393910529,0.4344028084370878,-0.0850989346950952,1.0002252433297545,252.0,6.357828776041667e-05,False,False
null_ampramp,5,multiscale_rgb,0.3728552870900083,0.4142333690460348,-0.1615390794980047,1.3004657146874048,0.0201694393910529,0.4344028084370878,0.138390211490608,1.4388559261780127,230.0,0.0,False,False
null_ampramp,5,CTRL_identity_f32,0.3728552870900083,0.4142333690460348,0.3728552870900083,0.4142333690460348,0.0201694393910529,0.4344028084370878,0.0201694393910529,0.4344028084370878,,,False,True
null_ampramp,5,CTRL_minmax_noquant,0.3728552870900083,0.4142333690460348,0.3728552874865294,0.414233367849475,0.0201694393910529,0.4344028084370878,0.0201694392861168,0.434402807135592,,,False,True
null_ampramp,5,CTRL_robust_1_99_noquant,0.3728552870900083,0.4142333690460348,0.3530063213545289,0.4602244714314874,0.0201694393910529,0.4344028084370878,-0.0009318628959647,0.4592926085355227,,,False,True
null_ampramp,5,CTRL_normal_score_noquant,0.3728552870900083,0.4142333690460348,0.2912678469028391,1.085114688265004,0.0201694393910529,0.4344028084370878,-0.0850964503783808,1.0000182378866231,,,False,True
