domain,family,complexity,seed,n,c1,c2,mean,std,gen_s,error
fluid,eddies,,0,512,2.061832,-0.112876,0.498746,0.186043,959.387159,
fluid,eddies,,3,512,2.079600,-0.121918,0.518995,0.184224,965.864740,
fluid,eddies,,6,512,2.074182,-0.106147,0.493492,0.194724,970.455352,
fluid,vorticity,,1,512,2.334061,-0.109798,0.500164,0.117993,998.943756,
fluid,eddies,,2,512,2.053452,-0.136224,0.513124,0.186222,1000.297780,
fluid,eddies,,5,512,2.058013,-0.129982,0.500181,0.199173,1016.716208,
cloud,billow,0.000,0,512,1.929208,-0.173268,0.500000,0.138729,22.722708,
fluid,vorticity,,2,512,2.383477,-0.094789,0.541567,0.118524,1023.925444,
fluid,eddies,,1,512,2.061880,-0.113128,0.510981,0.189566,1024.203377,
fluid,vorticity,,0,512,2.335968,-0.110826,0.548031,0.117243,1030.970628,
fluid,vorticity,,3,512,2.347298,-0.096413,0.528511,0.118520,1038.028852,
cloud,billow,0.000,1,512,1.838342,-0.148954,0.500000,0.121698,26.221944,
cloud,billow,0.000,3,512,1.973620,-0.120265,0.500001,0.112724,18.931718,
fluid,eddies,,7,512,2.062730,-0.112762,0.495097,0.192487,1045.605614,
cloud,billow,0.000,2,512,2.049400,-0.183030,0.500000,0.129940,23.278558,
fluid,eddies,,4,512,2.046278,-0.105114,0.494654,0.194652,1048.658106,
cloud,billow,0.000,4,512,1.981552,-0.142636,0.500000,0.128707,25.659612,
cloud,billow,0.000,5,512,1.994798,-0.119526,0.500000,0.121807,25.733980,
cloud,billow,0.000,8,512,1.920224,-0.144945,0.500000,0.111178,17.355157,
cloud,billow,0.000,7,512,1.914795,-0.142814,0.500000,0.135056,18.484741,
cloud,billow,0.000,6,512,1.977214,-0.129480,0.500000,0.151892,25.608492,
cloud,billow,0.000,9,512,2.000007,-0.161482,0.500001,0.118977,20.370147,
cloud,billow,0.000,10,512,1.935380,-0.126879,0.500000,0.144456,25.518283,
cloud,billow,0.000,11,512,1.976803,-0.130241,0.499999,0.122521,24.113394,
cloud,billow,0.100,4,512,2.020776,-0.155091,0.500000,0.125693,18.382302,
cloud,billow,0.100,0,512,1.945238,-0.191135,0.500000,0.135327,32.657043,
cloud,billow,0.100,3,512,1.962384,-0.125396,0.500000,0.107189,23.860486,
cloud,billow,0.100,2,512,2.019914,-0.207639,0.500000,0.121719,26.114657,
cloud,billow,0.100,5,512,1.998530,-0.162752,0.500000,0.117547,22.912141,
cloud,billow,0.100,1,512,1.843708,-0.161704,0.500000,0.119420,33.789628,
cloud,billow,0.100,7,512,1.975297,-0.135120,0.500000,0.132769,17.917359,
cloud,billow,0.100,6,512,1.957000,-0.200937,0.500001,0.140981,23.849674,
cloud,billow,0.100,9,512,1.980932,-0.193387,0.500000,0.113750,21.217279,
cloud,billow,0.100,8,512,1.905634,-0.163298,0.500001,0.111448,22.463919,
cloud,billow,0.100,10,512,1.925802,-0.167575,0.500001,0.139155,21.353840,
cloud,billow,0.100,11,512,1.978189,-0.176465,0.500000,0.119097,27.612028,
cloud,billow,0.200,1,512,1.812889,-0.204734,0.500000,0.115752,25.422233,
cloud,billow,0.200,2,512,2.037057,-0.217163,0.500000,0.120243,26.453978,
cloud,billow,0.200,0,512,1.966247,-0.209859,0.500000,0.132279,30.395082,
cloud,billow,0.200,3,512,1.973725,-0.159875,0.500000,0.106688,31.239343,
cloud,billow,0.200,5,512,2.025818,-0.162025,0.500000,0.112062,23.530078,
cloud,billow,0.200,4,512,2.016710,-0.166255,0.500001,0.122272,28.798551,
cloud,billow,0.200,6,512,2.004469,-0.224987,0.500001,0.136071,29.811996,
cloud,billow,0.200,7,512,1.924892,-0.188699,0.499999,0.127649,25.543027,
cloud,billow,0.200,9,512,1.988762,-0.205706,0.500000,0.108707,24.266752,
cloud,billow,0.200,8,512,1.933890,-0.178875,0.500000,0.112143,34.002986,
cloud,billow,0.200,10,512,1.971649,-0.184565,0.500000,0.134508,31.456237,
cloud,billow,0.300,0,512,1.961834,-0.217229,0.500001,0.123323,26.850643,
cloud,billow,0.200,11,512,1.949378,-0.230202,0.499999,0.114027,29.795935,
cloud,billow,0.300,2,512,2.008094,-0.232575,0.500000,0.114965,27.401447,
cloud,billow,0.300,1,512,1.811881,-0.215597,0.500000,0.118956,33.193943,
cloud,billow,0.300,4,512,2.011974,-0.170478,0.500000,0.120734,25.103161,
cloud,billow,0.300,3,512,1.965488,-0.198423,0.500001,0.102513,30.758389,
cloud,billow,0.300,5,512,2.022396,-0.189255,0.500000,0.108382,27.468342,
cloud,billow,0.300,8,512,1.885709,-0.193037,0.500000,0.108767,23.123126,
cloud,billow,0.300,6,512,2.025496,-0.255427,0.499999,0.133020,34.474742,
cloud,billow,0.300,7,512,1.926520,-0.205677,0.500000,0.125346,34.694414,
cloud,billow,0.300,11,512,1.939032,-0.258131,0.500000,0.111241,23.944955,
cloud,billow,0.300,10,512,1.961301,-0.196706,0.500000,0.136070,27.066927,
cloud,billow,0.400,0,512,2.020166,-0.247335,0.500001,0.122238,25.808039,
cloud,billow,0.300,9,512,1.997422,-0.243329,0.500001,0.104695,34.568464,
cloud,billow,0.400,1,512,1.812064,-0.235219,0.499999,0.112361,21.974538,
cloud,billow,0.400,2,512,2.029264,-0.251673,0.500000,0.111940,30.903825,
cloud,billow,0.400,4,512,2.014048,-0.221943,0.500000,0.121091,26.691485,
cloud,billow,0.400,3,512,1.958136,-0.253959,0.499999,0.096251,31.509790,
cloud,billow,0.400,6,512,2.047466,-0.284735,0.500000,0.125502,24.671287,
cloud,billow,0.400,5,512,2.037827,-0.236666,0.499999,0.106013,29.271398,
cloud,billow,0.400,9,512,2.066413,-0.250535,0.500000,0.099536,24.244135,
cloud,billow,0.400,7,512,1.960005,-0.219674,0.500001,0.121903,34.467969,
cloud,billow,0.400,8,512,1.907883,-0.235468,0.499999,0.109246,33.521787,
cloud,billow,0.400,10,512,1.983730,-0.232938,0.500000,0.148338,27.513316,
cloud,billow,0.500,1,512,1.804640,-0.247171,0.500000,0.112284,25.269690,
cloud,billow,0.500,0,512,1.993623,-0.261423,0.500000,0.120741,27.266798,
cloud,billow,0.400,11,512,1.972280,-0.262355,0.500001,0.108462,32.333112,
cloud,billow,0.500,3,512,1.948325,-0.271394,0.500000,0.100361,26.368554,
cloud,billow,0.500,2,512,2.008411,-0.267655,0.500000,0.107136,32.624829,
cloud,billow,0.500,4,512,2.034749,-0.259641,0.500000,0.118430,30.614473,
cloud,billow,0.500,5,512,2.010238,-0.234211,0.500001,0.104510,33.199388,
cloud,billow,0.500,7,512,1.960051,-0.249101,0.500000,0.118079,24.944962,
cloud,billow,0.500,6,512,2.051326,-0.313407,0.500000,0.124945,33.084512,
cloud,billow,0.500,8,512,1.900985,-0.281037,0.500000,0.111762,34.599324,
cloud,billow,0.500,10,512,1.968729,-0.254177,0.500000,0.140397,29.745386,
cloud,billow,0.500,9,512,2.008729,-0.286133,0.500000,0.097042,32.000778,
cloud,billow,0.500,11,512,1.920590,-0.288872,0.500000,0.113527,38.233396,
cloud,billow,0.600,2,512,2.020012,-0.300389,0.499999,0.111303,25.139429,
cloud,billow,0.600,1,512,1.810852,-0.256638,0.500000,0.110486,28.772450,
cloud,billow,0.600,0,512,2.024853,-0.266868,0.499999,0.114702,35.610322,
cloud,billow,0.600,3,512,1.989897,-0.278904,0.500000,0.095496,28.124824,
cloud,billow,0.600,5,512,2.062022,-0.238901,0.499999,0.101696,29.865788,
cloud,billow,0.600,4,512,1.999168,-0.260271,0.500000,0.114504,33.962228,
cloud,billow,0.600,6,512,2.004606,-0.340724,0.500000,0.133385,37.570180,
cloud,billow,0.600,8,512,1.917986,-0.272956,0.500000,0.106840,27.402723,
cloud,billow,0.600,7,512,1.958754,-0.285200,0.500000,0.116136,30.842530,
cloud,billow,0.600,10,512,1.935504,-0.283342,0.499999,0.126924,27.563659,
cloud,billow,0.600,11,512,1.932283,-0.267359,0.500000,0.104690,31.535712,
cloud,billow,0.600,9,512,2.012127,-0.278000,0.500000,0.093570,44.526440,
cloud,billow,0.700,0,512,2.017076,-0.324660,0.500001,0.113564,35.367048,
cloud,billow,0.700,4,512,2.030655,-0.267777,0.499999,0.114007,27.109005,
cloud,billow,0.700,1,512,1.797143,-0.262207,0.499999,0.109287,37.572087,
cloud,billow,0.700,3,512,2.025712,-0.281449,0.499999,0.092747,37.058670,
cloud,billow,0.700,5,512,2.097208,-0.254842,0.499999,0.108633,33.009503,
cloud,billow,0.700,6,512,2.034554,-0.380625,0.500000,0.124501,34.960894,
cloud,billow,0.700,8,512,1.917133,-0.314330,0.500000,0.108617,26.716516,
cloud,billow,0.700,2,512,2.071533,-0.330116,0.500001,0.107348,53.617212,
cloud,billow,0.700,7,512,1.928523,-0.297137,0.500001,0.116399,41.079419,
cloud,billow,0.700,9,512,2.005553,-0.326404,0.500000,0.091742,34.232953,
cloud,billow,0.800,0,512,2.038781,-0.346378,0.500001,0.115250,35.037316,
cloud,billow,0.700,11,512,1.934838,-0.308776,0.500001,0.107434,35.393080,
cloud,billow,0.700,10,512,1.914503,-0.321491,0.500000,0.126070,47.648301,
cloud,billow,0.800,1,512,1.785783,-0.266731,0.500000,0.106230,37.835058,
cloud,billow,0.800,3,512,2.037561,-0.324438,0.500000,0.096746,32.864106,
cloud,billow,0.800,4,512,2.004971,-0.295169,0.499999,0.111126,31.896769,
cloud,billow,0.800,2,512,2.023389,-0.368618,0.499999,0.098489,40.388600,
cloud,billow,0.800,5,512,2.087481,-0.300836,0.499999,0.098011,45.173195,
cloud,billow,0.800,7,512,1.967400,-0.314984,0.499999,0.111332,35.885633,
cloud,billow,0.800,8,512,1.946448,-0.303507,0.499999,0.098264,37.779566,
cloud,billow,0.800,10,512,1.926382,-0.331467,0.500001,0.111615,30.647607,
cloud,billow,0.800,9,512,2.021425,-0.322915,0.500001,0.087744,36.841371,
cloud,billow,0.800,6,512,2.032826,-0.397372,0.500000,0.116884,48.277152,
cloud,billow,0.900,0,512,2.049966,-0.341549,0.500000,0.113838,31.856287,
cloud,billow,0.800,11,512,1.944102,-0.315878,0.500000,0.107472,36.995290,
cloud,billow,0.900,2,512,2.023463,-0.340882,0.500001,0.096026,35.760464,
cloud,billow,0.900,1,512,1.798928,-0.307031,0.500001,0.096356,37.315581,
cloud,billow,0.900,3,512,2.036660,-0.372877,0.500000,0.088077,38.029359,
cloud,billow,0.900,4,512,1.961941,-0.297139,0.499999,0.110347,40.039350,
cloud,billow,0.900,5,512,2.058100,-0.328142,0.500000,0.095062,35.522136,
cloud,billow,0.900,6,512,2.048911,-0.424395,0.500000,0.117420,35.888171,
cloud,billow,0.900,8,512,1.909063,-0.279437,0.500001,0.091055,33.897936,
cloud,billow,0.900,7,512,1.930213,-0.331420,0.500001,0.107468,38.425673,
cloud,billow,0.900,9,512,2.032799,-0.342390,0.500001,0.085363,36.583892,
cloud,billow,0.900,10,512,1.957049,-0.358764,0.500001,0.122588,37.944369,
cloud,billow,0.900,11,512,1.984785,-0.344295,0.500001,0.108484,35.740158,
cloud,billow,1.000,2,512,2.028713,-0.366145,0.500000,0.093334,37.715013,
cloud,billow,1.000,4,512,1.988077,-0.341263,0.500001,0.109389,35.907790,
cloud,billow,1.000,1,512,1.824514,-0.293098,0.499999,0.104359,43.334194,
cloud,billow,1.000,0,512,2.042255,-0.378631,0.499999,0.112090,52.493640,
cloud,billow,1.000,3,512,2.063327,-0.382536,0.499999,0.086129,53.618330,
fluid,curl_weave,0.000,0,512,1.931710,-0.019831,0.514377,0.177480,5.795603,
cloud,billow,1.000,6,512,2.106703,-0.400639,0.499999,0.111211,38.525195,
cloud,billow,1.000,7,512,1.944820,-0.346960,0.500001,0.105971,34.453475,
fluid,curl_weave,0.000,1,512,1.941141,-0.016129,0.452013,0.252959,5.689365,
fluid,curl_weave,0.000,3,512,1.948746,-0.014516,0.493155,0.178597,5.932888,
fluid,curl_weave,0.000,2,512,1.999343,-0.004165,0.386438,0.187844,8.158882,
fluid,curl_weave,0.000,4,512,1.978720,-0.020203,0.598291,0.190868,6.636891,
cloud,billow,1.000,10,512,1.984871,-0.327964,0.500001,0.113707,36.362555,
fluid,curl_weave,0.000,6,512,1.946973,-0.027071,0.465261,0.192299,6.367505,
fluid,curl_weave,0.000,5,512,1.968896,-0.008919,0.580836,0.178220,6.551537,
cloud,billow,1.000,9,512,1.988598,-0.380080,0.499999,0.083229,38.549831,
cloud,billow,1.000,5,512,2.025765,-0.370464,0.500000,0.091607,57.032168,
fluid,curl_weave,0.000,10,512,1.948329,-0.008615,0.506360,0.210101,6.508207,
fluid,curl_weave,0.000,7,512,1.951064,-0.011396,0.526160,0.159866,8.929215,
fluid,curl_weave,0.000,11,512,1.959304,-0.010540,0.440165,0.189159,7.988333,
fluid,curl_weave,0.000,8,512,1.989818,-0.012305,0.457307,0.175392,10.265647,
cloud,billow,1.000,8,512,1.913696,-0.286366,0.499999,0.097178,51.851185,
fluid,curl_weave,0.000,9,512,1.952934,-0.029322,0.470581,0.203973,11.320770,
cloud,billow,1.000,11,512,1.902703,-0.360719,0.499999,0.104708,42.985604,
fluid,curl_weave,0.100,0,512,1.912453,-0.020967,0.512324,0.174104,15.744362,
fluid,curl_weave,0.100,1,512,1.945936,-0.033810,0.456851,0.249634,10.873048,
fluid,curl_weave,0.100,4,512,1.977164,-0.023291,0.597001,0.187307,8.669467,
fluid,curl_weave,0.100,5,512,1.973629,-0.026257,0.577932,0.178158,9.090015,
fluid,curl_weave,0.100,2,512,1.975718,-0.010384,0.381728,0.187259,12.322337,
fluid,curl_weave,0.100,7,512,1.930633,-0.029528,0.521629,0.158475,9.181863,
fluid,curl_weave,0.100,3,512,1.938800,-0.032008,0.497953,0.177051,15.784071,
fluid,curl_weave,0.100,11,512,1.957076,-0.027809,0.436262,0.188576,8.864837,
fluid,curl_weave,0.100,6,512,1.939210,-0.026661,0.471443,0.187938,16.624453,
fluid,curl_weave,0.100,8,512,1.960383,-0.019190,0.456553,0.173520,11.532334,
fluid,curl_weave,0.100,9,512,1.952486,-0.031168,0.469514,0.201369,13.293614,
fluid,curl_weave,0.100,10,512,1.922638,-0.030910,0.505761,0.208419,14.364958,
fluid,curl_weave,0.200,0,512,1.918464,-0.031611,0.520505,0.170415,14.910217,
fluid,curl_weave,0.200,1,512,1.961592,-0.027364,0.461024,0.245749,11.135334,
fluid,curl_weave,0.200,3,512,1.932259,-0.051573,0.494207,0.175045,11.275858,
fluid,curl_weave,0.200,2,512,1.969300,-0.018965,0.391886,0.181966,17.183729,
fluid,curl_weave,0.200,5,512,1.933484,-0.035957,0.574225,0.176864,15.425569,
fluid,curl_weave,0.200,4,512,1.959169,-0.032432,0.598406,0.184880,16.769797,
fluid,curl_weave,0.200,6,512,1.911072,-0.045902,0.477082,0.185045,14.908378,
fluid,curl_weave,0.200,9,512,1.928824,-0.044638,0.469183,0.199889,12.781074,
fluid,curl_weave,0.200,7,512,1.933127,-0.036247,0.516330,0.158495,17.489430,
fluid,curl_weave,0.200,10,512,1.951476,-0.031811,0.505565,0.206223,11.264955,
fluid,curl_weave,0.200,8,512,1.953609,-0.028497,0.458347,0.170422,19.401439,
fluid,curl_weave,0.200,11,512,1.929080,-0.039382,0.436218,0.186423,17.360819,
fluid,curl_weave,0.300,1,512,1.915022,-0.033980,0.463170,0.240910,17.305461,
fluid,curl_weave,0.300,3,512,1.876174,-0.051743,0.499784,0.174491,14.418633,
fluid,curl_weave,0.300,0,512,1.885455,-0.053853,0.526685,0.165988,18.602245,
fluid,curl_weave,0.300,2,512,1.930649,-0.034460,0.394888,0.181858,17.549199,
fluid,curl_weave,0.300,5,512,1.919491,-0.049001,0.564643,0.176997,14.646594,
fluid,curl_weave,0.300,4,512,1.902723,-0.069110,0.605266,0.184311,23.073296,
fluid,curl_weave,0.300,6,512,1.881529,-0.050085,0.480028,0.181919,20.748507,
fluid,curl_weave,0.300,7,512,1.912249,-0.038271,0.510541,0.158037,15.242124,
fluid,curl_weave,0.300,10,512,1.894157,-0.047368,0.507366,0.204454,14.300019,
fluid,curl_weave,0.300,9,512,1.899519,-0.033362,0.470086,0.198337,16.302050,
fluid,curl_weave,0.300,8,512,1.881716,-0.041180,0.452908,0.169713,17.457933,
fluid,curl_weave,0.400,0,512,1.810280,-0.051315,0.526699,0.165766,16.871318,
fluid,curl_weave,0.300,11,512,1.914469,-0.067557,0.436636,0.183767,24.268314,
fluid,curl_weave,0.400,3,512,1.866149,-0.062696,0.499190,0.173981,17.433099,
fluid,curl_weave,0.400,5,512,1.851486,-0.062376,0.561164,0.176848,17.893608,
fluid,curl_weave,0.400,4,512,1.870922,-0.057221,0.610608,0.181926,21.954194,
fluid,curl_weave,0.400,7,512,1.862694,-0.061066,0.506783,0.158680,18.082479,
fluid,curl_weave,0.400,2,512,1.894603,-0.062062,0.394423,0.179931,26.781455,
fluid,curl_weave,0.400,1,512,1.871891,-0.064755,0.462792,0.234990,28.342059,
fluid,curl_weave,0.400,6,512,1.860130,-0.072248,0.478175,0.180989,24.976484,
fluid,curl_weave,0.400,9,512,1.844458,-0.081719,0.462128,0.193360,17.622597,
fluid,curl_weave,0.400,8,512,1.846843,-0.055144,0.448129,0.168695,27.020684,
fluid,curl_weave,0.400,11,512,1.852839,-0.083793,0.433864,0.183109,20.321026,
fluid,curl_weave,0.500,2,512,1.868880,-0.082081,0.400135,0.176667,21.866617,
fluid,curl_weave,0.500,3,512,1.842436,-0.096475,0.505512,0.175511,20.501443,
fluid,curl_weave,0.400,10,512,1.825655,-0.062395,0.499618,0.203161,28.893808,
fluid,curl_weave,0.500,4,512,1.864831,-0.082662,0.606745,0.180968,18.241038,
fluid,curl_weave,0.500,0,512,1.795827,-0.072599,0.533499,0.162831,28.035285,
fluid,curl_weave,0.500,1,512,1.835353,-0.093360,0.457255,0.228952,31.612029,
fluid,curl_weave,0.500,5,512,1.869609,-0.078687,0.548459,0.175837,26.321214,
fluid,curl_weave,0.500,6,512,1.795293,-0.090778,0.484042,0.176676,24.226017,
fluid,curl_weave,0.500,9,512,1.808834,-0.082166,0.456524,0.193136,20.259001,
fluid,curl_weave,0.500,8,512,1.827441,-0.056155,0.439244,0.167763,24.539986,
fluid,curl_weave,0.500,10,512,1.810370,-0.077290,0.500946,0.202250,23.781760,
fluid,curl_weave,0.500,11,512,1.814404,-0.087633,0.433462,0.180805,23.206448,
fluid,curl_weave,0.500,7,512,1.800420,-0.073452,0.499728,0.159794,29.138627,
fluid,curl_weave,0.600,0,512,1.769956,-0.089584,0.530741,0.159832,24.466981,
fluid,curl_weave,0.600,3,512,1.798830,-0.097405,0.519781,0.175871,23.602368,
fluid,curl_weave,0.600,2,512,1.795455,-0.118403,0.410423,0.175729,29.326658,
fluid,curl_weave,0.600,6,512,1.762734,-0.095527,0.499826,0.175113,22.991020,
fluid,curl_weave,0.600,5,512,1.803960,-0.076801,0.540597,0.175355,24.403103,
fluid,curl_weave,0.600,1,512,1.810068,-0.108512,0.448639,0.229568,36.042058,
fluid,curl_weave,0.600,7,512,1.779440,-0.066556,0.486879,0.160280,25.799089,
fluid,curl_weave,0.600,4,512,1.810054,-0.106658,0.607070,0.179937,31.900972,
fluid,curl_weave,0.600,8,512,1.796686,-0.081289,0.434058,0.167181,33.517519,
fluid,curl_weave,0.600,9,512,1.786086,-0.103180,0.447146,0.192001,23.833077,
fluid,curl_weave,0.600,10,512,1.706894,-0.085772,0.475380,0.198266,24.547073,
fluid,curl_weave,0.600,11,512,1.766316,-0.112312,0.433245,0.177959,24.797882,
fluid,curl_weave,0.700,2,512,1.752497,-0.127043,0.411588,0.176371,26.284885,
fluid,curl_weave,0.700,1,512,1.704971,-0.131724,0.473370,0.221328,30.824266,
fluid,curl_weave,0.700,0,512,1.718794,-0.125088,0.537963,0.159070,32.311399,
fluid,curl_weave,0.700,6,512,1.708749,-0.106031,0.494523,0.173334,23.474262,
fluid,curl_weave,0.700,4,512,1.743147,-0.130395,0.609221,0.176991,31.308305,
fluid,curl_weave,0.700,3,512,1.748319,-0.096292,0.509541,0.174246,41.961468,
fluid,curl_weave,0.700,5,512,1.754326,-0.092849,0.531733,0.175805,30.507545,
fluid,curl_weave,0.700,8,512,1.707586,-0.102800,0.449629,0.167454,26.653417,
fluid,curl_weave,0.700,9,512,1.769005,-0.125699,0.450694,0.191377,26.414078,
fluid,curl_weave,0.700,7,512,1.762049,-0.077092,0.482974,0.159553,41.044507,
fluid,curl_weave,0.700,10,512,1.674129,-0.121907,0.469567,0.194607,42.296517,
fluid,curl_weave,0.700,11,512,1.723167,-0.150264,0.431372,0.177018,31.071957,
fluid,curl_weave,0.800,0,512,1.693487,-0.131206,0.527121,0.161425,36.552408,
fluid,curl_weave,0.800,2,512,1.693856,-0.140485,0.422301,0.174170,34.992378,
fluid,curl_weave,0.800,4,512,1.617783,-0.136973,0.602851,0.174136,30.456596,
fluid,curl_weave,0.800,1,512,1.684870,-0.141022,0.448471,0.219796,42.947867,
fluid,curl_weave,0.800,3,512,1.687303,-0.104105,0.538104,0.179201,39.701572,
fluid,curl_weave,0.800,5,512,1.695850,-0.101698,0.532111,0.175935,39.166794,
fluid,curl_weave,0.800,7,512,1.748926,-0.115362,0.479936,0.157684,28.496392,
fluid,curl_weave,0.800,8,512,1.664926,-0.151337,0.453081,0.169174,34.960492,
fluid,curl_weave,0.800,9,512,1.685382,-0.129305,0.454822,0.189270,35.680067,
fluid,curl_weave,0.800,10,512,1.623524,-0.131879,0.481036,0.193874,31.492419,
fluid,curl_weave,0.800,6,512,1.636964,-0.133634,0.502515,0.170742,46.247420,
fluid,curl_weave,0.800,11,512,1.690212,-0.153618,0.433087,0.174602,33.323076,
fluid,curl_weave,0.900,0,512,1.645923,-0.151223,0.510903,0.171905,34.292389,
fluid,curl_weave,0.900,1,512,1.638684,-0.131819,0.438531,0.214701,33.044543,
fluid,curl_weave,0.900,2,512,1.657769,-0.124423,0.421942,0.173728,33.312619,
fluid,curl_weave,0.900,4,512,1.631072,-0.128770,0.582647,0.171515,30.672713,
fluid,curl_weave,0.900,5,512,1.683966,-0.103593,0.532851,0.171519,31.856811,
fluid,curl_weave,0.900,3,512,1.675811,-0.124269,0.519558,0.179083,36.399595,
fluid,curl_weave,0.900,6,512,1.619621,-0.138117,0.502396,0.176595,38.230507,
fluid,curl_weave,0.900,7,512,1.686653,-0.138124,0.446214,0.163520,42.274309,
fluid,curl_weave,0.900,8,512,1.644417,-0.160566,0.436731,0.171194,36.818228,
fluid,curl_weave,0.900,10,512,1.642237,-0.150926,0.459538,0.190923,30.430443,
fluid,curl_weave,0.900,9,512,1.659523,-0.147969,0.446748,0.184027,32.722094,
fluid,curl_weave,1.000,0,512,1.597478,-0.157412,0.486281,0.165138,32.035429,
fluid,curl_weave,1.000,1,512,1.614756,-0.163990,0.469680,0.213441,44.745352,
fluid,curl_weave,1.000,2,512,1.622151,-0.135623,0.424614,0.173414,39.865892,
fluid,vorticity,,4,512,2.309517,-0.101618,0.460115,0.121707,972.196454,
fluid,curl_weave,1.000,5,512,1.649545,-0.117617,0.541867,0.169220,31.821410,
fluid,curl_weave,0.900,11,512,1.661994,-0.144919,0.436687,0.169324,51.323576,
fluid,curl_weave,1.000,4,512,1.613955,-0.150211,0.586189,0.175457,36.704513,
fluid,curl_weave,1.000,6,512,1.564047,-0.143459,0.506830,0.173348,38.999422,
fluid,dye_diffusion,0.000,0,512,4.206078,-1.486124,0.419999,0.268283,13.564436,
fluid,curl_weave,1.000,3,512,1.691947,-0.129117,0.522473,0.175918,47.988664,
fluid,dye_diffusion,0.000,2,512,4.137827,-1.222174,0.419999,0.244712,6.659912,
fluid,dye_diffusion,0.000,1,512,4.201184,-1.381116,0.420000,0.276068,13.326459,
fluid,dye_diffusion,0.000,5,512,4.223640,-1.757425,0.419999,0.266076,6.737786,
fluid,dye_diffusion,0.000,3,512,4.243895,-1.531008,0.420001,0.256091,8.150467,
fluid,curl_weave,1.000,7,512,1.627527,-0.158530,0.476408,0.171043,38.680091,
fluid,dye_diffusion,0.000,4,512,4.302842,-1.737081,0.420000,0.322538,10.788776,
fluid,dye_diffusion,0.000,6,512,4.132132,-1.467857,0.420001,0.265228,9.261146,
fluid,dye_diffusion,0.000,7,512,4.284309,-1.657336,0.420000,0.300641,6.837868,
fluid,dye_diffusion,0.000,8,512,4.208339,-1.498519,0.419999,0.245495,6.500568,
fluid,dye_diffusion,0.000,9,512,4.379830,-1.650273,0.420001,0.289285,8.299057,
fluid,dye_diffusion,0.000,10,512,4.190915,-1.603367,0.419999,0.272499,6.487577,
fluid,dye_diffusion,0.000,11,512,4.450362,-2.305145,0.420000,0.339591,6.310389,
fluid,curl_weave,1.000,9,512,1.653620,-0.134218,0.436928,0.187035,35.871136,
fluid,vorticity,,6,512,2.325046,-0.107676,0.509852,0.117889,996.828950,
fluid,curl_weave,1.000,8,512,1.593259,-0.154820,0.409588,0.160289,37.549507,
fluid,dye_diffusion,0.100,1,512,3.900432,-1.354986,0.420000,0.272774,9.410641,
fluid,dye_diffusion,0.100,0,512,3.990051,-1.264402,0.419999,0.254282,10.277394,
fluid,dye_diffusion,0.100,3,512,4.017238,-1.407657,0.420000,0.272633,10.061751,
fluid,curl_weave,1.000,11,512,1.611578,-0.160383,0.397648,0.172895,43.392570,
fluid,dye_diffusion,0.100,5,512,3.983028,-1.297147,0.419999,0.250016,9.494699,
fluid,dye_diffusion,0.100,4,512,4.064155,-1.250006,0.420001,0.328563,12.307514,
fluid,dye_diffusion,0.100,2,512,3.884990,-1.185234,0.419999,0.259262,14.085823,
fluid,curl_weave,1.000,10,512,1.615999,-0.157266,0.470552,0.184741,47.349259,
fluid,dye_diffusion,0.100,6,512,3.998226,-1.599537,0.420001,0.277146,12.482587,
fluid,dye_diffusion,0.100,9,512,3.948633,-1.248296,0.420001,0.239014,10.146973,
fluid,dye_diffusion,0.100,10,512,3.989957,-1.387367,0.419999,0.268379,8.462336,
fluid,dye_diffusion,0.100,7,512,4.113968,-2.064894,0.419999,0.299394,13.797018,
fluid,dye_diffusion,0.100,8,512,3.908133,-1.054468,0.420000,0.257856,14.872177,
fluid,dye_diffusion,0.200,0,512,3.717232,-1.196424,0.420001,0.268869,12.767425,
fluid,dye_diffusion,0.100,11,512,3.959938,-1.499310,0.420000,0.299705,14.343798,
fluid,dye_diffusion,0.200,3,512,3.872778,-1.416447,0.420000,0.267942,12.015094,
fluid,dye_diffusion,0.200,5,512,3.784563,-1.131171,0.419999,0.229310,11.792233,
fluid,dye_diffusion,0.200,2,512,3.769456,-1.041544,0.420000,0.286272,16.118390,
fluid,dye_diffusion,0.200,4,512,3.984706,-1.277451,0.419998,0.306355,14.856748,
fluid,dye_diffusion,0.200,7,512,3.728158,-1.146992,0.420000,0.246491,14.250822,
fluid,dye_diffusion,0.200,6,512,3.752032,-1.193711,0.420000,0.249364,15.110399,
fluid,dye_diffusion,0.200,1,512,3.729007,-0.988001,0.419999,0.210014,21.624219,
fluid,dye_diffusion,0.200,9,512,3.686386,-1.175860,0.420001,0.221191,12.353374,
fluid,dye_diffusion,0.200,8,512,3.662761,-1.077132,0.420000,0.281485,17.063829,
fluid,dye_diffusion,0.200,11,512,3.811230,-1.216646,0.419999,0.252003,12.090767,
fluid,dye_diffusion,0.200,10,512,3.799426,-1.253279,0.419999,0.261631,16.368213,
fluid,dye_diffusion,0.300,0,512,3.583766,-0.997748,0.420000,0.267250,14.157531,
fluid,dye_diffusion,0.300,2,512,3.578981,-1.063933,0.420000,0.225394,13.084400,
fluid,dye_diffusion,0.300,1,512,3.639163,-1.066882,0.420000,0.235284,15.173343,
fluid,dye_diffusion,0.300,3,512,3.626789,-1.065233,0.420001,0.222487,13.986045,
fluid,dye_diffusion,0.300,4,512,3.827195,-1.078451,0.420001,0.261327,17.533696,
fluid,dye_diffusion,0.300,9,512,3.580394,-1.035236,0.420001,0.222589,14.952776,
fluid,dye_diffusion,0.300,7,512,3.580397,-0.913209,0.420000,0.229499,19.840580,
fluid,dye_diffusion,0.300,11,512,3.676944,-1.083252,0.420000,0.242871,14.364259,
fluid,dye_diffusion,0.300,5,512,3.608383,-1.008524,0.420001,0.241650,25.252983,
fluid,dye_diffusion,0.300,6,512,3.689767,-1.140909,0.420000,0.254854,22.674759,
fluid,dye_diffusion,0.300,10,512,3.676478,-1.263343,0.420001,0.291667,17.368226,
fluid,dye_diffusion,0.300,8,512,3.575826,-1.005547,0.420000,0.261610,22.245799,
fluid,dye_diffusion,0.400,0,512,3.671938,-1.266252,0.420001,0.273428,17.725527,
fluid,dye_diffusion,0.400,2,512,3.457801,-0.950498,0.420000,0.203716,16.834101,
fluid,dye_diffusion,0.400,1,512,3.414126,-0.791894,0.420000,0.219374,26.060794,
fluid,dye_diffusion,0.400,3,512,3.428216,-0.825360,0.419999,0.201691,18.151034,
fluid,dye_diffusion,0.400,5,512,3.541137,-0.869288,0.420000,0.237291,19.062604,
fluid,dye_diffusion,0.400,7,512,3.547460,-0.858640,0.419999,0.214207,17.324257,
fluid,dye_diffusion,0.400,4,512,3.632907,-1.000430,0.419999,0.259590,20.621706,
fluid,dye_diffusion,0.400,10,512,3.555418,-1.218430,0.420000,0.261427,19.106765,
fluid,dye_diffusion,0.400,6,512,3.437300,-1.055256,0.420000,0.246786,27.586168,
fluid,dye_diffusion,0.400,9,512,3.465165,-0.939549,0.420001,0.226299,26.414973,
fluid,dye_diffusion,0.400,8,512,3.500578,-1.007272,0.420000,0.286252,28.273559,
fluid,dye_diffusion,0.400,11,512,3.474184,-1.038885,0.420001,0.247798,25.890920,
fluid,dye_diffusion,0.500,2,512,3.334942,-0.868476,0.420000,0.226126,18.751869,
fluid,dye_diffusion,0.500,4,512,3.371846,-0.939769,0.420001,0.228685,21.277027,
fluid,dye_diffusion,0.500,3,512,3.301016,-0.799518,0.419999,0.199553,24.294212,
fluid,dye_diffusion,0.500,0,512,3.311881,-1.213395,0.420000,0.233478,31.054093,
fluid,vorticity,,5,512,2.392138,-0.095485,0.449260,0.111983,1102.582999,
fluid,dye_diffusion,0.500,6,512,3.402741,-0.928883,0.420001,0.258162,22.906626,
fluid,dye_diffusion,0.500,1,512,3.291821,-0.805279,0.420001,0.217872,35.004212,
fluid,dye_diffusion,0.500,7,512,3.302793,-0.557868,0.419999,0.205054,23.210641,
fluid,dye_diffusion,0.500,5,512,3.230261,-0.788593,0.420001,0.220449,30.002984,
fluid,dye_diffusion,0.500,8,512,3.250828,-0.822859,0.419999,0.256647,26.057968,
fluid,dye_diffusion,0.500,10,512,3.350860,-1.168284,0.420000,0.268399,22.875818,
fluid,dye_diffusion,0.500,11,512,3.333150,-1.031504,0.420001,0.250915,20.712090,
fluid,dye_diffusion,0.600,2,512,3.228148,-0.906480,0.419999,0.231776,20.001828,
fluid,dye_diffusion,0.500,9,512,3.361793,-0.841340,0.419999,0.217362,32.660086,
fluid,dye_diffusion,0.600,5,512,3.285840,-0.783250,0.420001,0.225834,21.197090,
fluid,dye_diffusion,0.600,1,512,3.071642,-0.653287,0.420001,0.233938,31.460140,
fluid,dye_diffusion,0.600,0,512,3.306719,-1.020080,0.420001,0.253062,34.735784,
fluid,dye_diffusion,0.600,4,512,3.259509,-0.871029,0.419998,0.232407,27.024146,
fluid,dye_diffusion,0.600,3,512,3.138501,-0.723364,0.419999,0.216906,29.272307,
fluid,dye_diffusion,0.600,6,512,3.183546,-0.800704,0.420001,0.252413,28.629443,
fluid,vorticity,,7,512,2.337151,-0.115061,0.471472,0.116131,1107.852242,
fluid,dye_diffusion,0.600,8,512,3.243108,-0.862441,0.420000,0.253810,29.002912,
fluid,dye_diffusion,0.600,10,512,3.242507,-0.983007,0.420001,0.272553,25.489495,
fluid,dye_diffusion,0.600,9,512,3.159210,-0.906180,0.420002,0.224830,33.577146,
fluid,dye_diffusion,0.600,7,512,3.076281,-0.583880,0.420000,0.197169,39.724494,
fluid,dye_diffusion,0.700,0,512,2.975403,-0.969263,0.419999,0.266199,29.665353,
fluid,dye_diffusion,0.600,11,512,3.176806,-1.010831,0.419999,0.258464,37.681906,
fluid,dye_diffusion,0.700,1,512,2.972899,-0.748457,0.419999,0.229966,30.378402,
fluid,dye_diffusion,0.700,3,512,2.969552,-0.790697,0.420000,0.227465,28.923641,
fluid,dye_diffusion,0.700,5,512,3.003798,-0.773546,0.420001,0.239916,28.045655,
fluid,dye_diffusion,0.700,2,512,3.027109,-0.910838,0.420001,0.230664,32.049090,
fluid,dye_diffusion,0.700,4,512,3.062079,-1.047589,0.420001,0.237418,33.212189,
fluid,dye_diffusion,0.700,7,512,3.025425,-0.497271,0.420000,0.200227,33.002572,
fluid,dye_diffusion,0.700,9,512,2.967176,-0.872077,0.419999,0.239513,27.121398,
fluid,dye_diffusion,0.700,8,512,3.057635,-0.874614,0.419999,0.262399,32.038873,
fluid,dye_diffusion,0.700,11,512,3.045471,-0.945163,0.420001,0.260978,24.975785,
fluid,dye_diffusion,0.700,6,512,3.054206,-0.834519,0.420000,0.261437,44.696807,
fluid,dye_diffusion,0.700,10,512,3.070248,-1.231933,0.420001,0.270581,36.824761,
fluid,dye_diffusion,0.800,1,512,2.963605,-0.758804,0.420000,0.244915,27.675402,
fluid,dye_diffusion,0.800,3,512,2.804530,-0.711747,0.420002,0.223549,26.242502,
fluid,dye_diffusion,0.800,2,512,2.843738,-0.812284,0.420000,0.230995,28.211061,
fluid,dye_diffusion,0.800,4,512,2.789521,-0.756508,0.420002,0.213294,37.377063,
fluid,dye_diffusion,0.800,0,512,2.841589,-1.063242,0.420001,0.259939,43.688375,
fluid,dye_diffusion,0.800,8,512,2.784689,-0.807580,0.419998,0.258809,30.269155,
fluid,dye_diffusion,0.800,5,512,2.931210,-0.901460,0.420001,0.250793,39.895165,
fluid,dye_diffusion,0.800,9,512,2.837362,-0.911442,0.420001,0.233852,27.412228,
fluid,dye_diffusion,0.800,10,512,3.021329,-1.286553,0.420001,0.278569,28.235320,
fluid,dye_diffusion,0.800,6,512,2.783050,-0.768692,0.420000,0.266173,35.644401,
fluid,dye_diffusion,0.800,7,512,2.805919,-0.679128,0.420000,0.225841,36.997109,
fluid,dye_diffusion,0.900,0,512,2.762398,-1.046389,0.420001,0.274225,33.434713,
fluid,dye_diffusion,0.800,11,512,2.784998,-0.878505,0.420001,0.268423,44.614764,
fluid,dye_diffusion,0.900,3,512,2.648175,-0.754235,0.419999,0.238618,35.105446,
fluid,dye_diffusion,0.900,7,512,2.644186,-0.665802,0.419999,0.238548,26.871123,
fluid,dye_diffusion,0.900,2,512,2.544568,-0.675852,0.420001,0.237635,46.752918,
fluid,dye_diffusion,0.900,8,512,2.871958,-0.973232,0.420001,0.257107,28.866070,
fluid,dye_diffusion,0.900,1,512,2.776936,-0.766059,0.419999,0.257995,51.767207,
fluid,dye_diffusion,0.900,10,512,2.720799,-0.738506,0.420002,0.269957,27.983897,
fluid,dye_diffusion,0.900,5,512,2.708424,-0.764037,0.420000,0.264539,34.193370,
fluid,dye_diffusion,0.900,6,512,2.709057,-0.964257,0.420000,0.272418,38.886517,
fluid,dye_diffusion,0.900,4,512,2.772007,-0.814622,0.420002,0.229943,50.290383,
fluid,dye_diffusion,0.900,9,512,2.636959,-0.744843,0.420000,0.239864,43.788756,
fluid,dye_diffusion,1.000,0,512,2.604527,-0.686511,0.419998,0.257515,30.393109,
fluid,dye_diffusion,0.900,11,512,2.715536,-1.035416,0.420001,0.272071,40.667888,
fluid,dye_diffusion,1.000,2,512,2.413633,-0.654312,0.419998,0.230309,27.827787,
fluid,dye_diffusion,1.000,3,512,2.525880,-0.806390,0.419999,0.261881,29.438140,
fluid,dye_diffusion,1.000,7,512,2.489445,-0.661517,0.420001,0.260603,28.558851,
fluid,rheoscopic,0.000,1,512,1.769907,-0.111511,0.456271,0.156513,7.407896,
fluid,dye_diffusion,1.000,4,512,2.344067,-0.691866,0.420002,0.226153,32.039954,
fluid,rheoscopic,0.000,2,512,1.824617,-0.128478,0.457419,0.145993,9.965704,
fluid,dye_diffusion,1.000,1,512,2.420833,-0.844091,0.419998,0.255402,42.870410,
fluid,rheoscopic,0.000,0,512,1.818357,-0.123953,0.405486,0.126437,16.967427,
fluid,rheoscopic,0.000,4,512,1.762362,-0.103268,0.430404,0.141226,8.030435,
fluid,dye_diffusion,1.000,6,512,2.365169,-0.732722,0.420002,0.257396,40.385114,
fluid,rheoscopic,0.000,3,512,1.819835,-0.109130,0.420231,0.119915,14.588593,
fluid,rheoscopic,0.000,7,512,1.781271,-0.129330,0.430836,0.117083,8.773974,
fluid,rheoscopic,0.000,9,512,1.820184,-0.116309,0.435525,0.135197,8.796475,
fluid,rheoscopic,0.000,5,512,1.791009,-0.122303,0.395945,0.122305,17.109424,
fluid,dye_diffusion,1.000,11,512,2.454018,-1.063643,0.420002,0.272098,29.089875,
fluid,rheoscopic,0.000,10,512,1.786964,-0.103585,0.483287,0.138812,8.734506,
fluid,dye_diffusion,1.000,8,512,2.355009,-1.152035,0.419998,0.277670,45.562049,
fluid,rheoscopic,0.000,6,512,1.797765,-0.100139,0.497508,0.125450,16.417320,
fluid,dye_diffusion,1.000,9,512,2.500457,-0.623215,0.419999,0.240917,40.639605,
fluid,rheoscopic,0.000,8,512,1.853713,-0.147217,0.444519,0.141813,14.954645,
fluid,rheoscopic,0.100,1,512,1.754672,-0.100774,0.462851,0.142552,8.722360,
fluid,dye_diffusion,1.000,5,512,2.517414,-0.791047,0.419998,0.274971,55.864576,
fluid,rheoscopic,0.100,3,512,1.762602,-0.099225,0.418728,0.120696,6.908499,
fluid,rheoscopic,0.100,4,512,1.714593,-0.095355,0.418519,0.141408,6.933261,
fluid,rheoscopic,0.000,11,512,1.828615,-0.127383,0.469182,0.136120,13.376367,
fluid,rheoscopic,0.100,2,512,1.773689,-0.115529,0.447853,0.143339,9.748378,
fluid,rheoscopic,0.100,0,512,1.746369,-0.110667,0.397410,0.123786,12.161926,
fluid,rheoscopic,0.100,5,512,1.752223,-0.108069,0.396661,0.117320,8.965821,
fluid,rheoscopic,0.100,7,512,1.721505,-0.118363,0.416556,0.118474,7.359500,
fluid,rheoscopic,0.100,6,512,1.748680,-0.089933,0.488643,0.125969,10.935029,
fluid,rheoscopic,0.100,8,512,1.796431,-0.122583,0.424148,0.137667,9.671990,
fluid,rheoscopic,0.100,11,512,1.768311,-0.117031,0.457229,0.130482,7.042499,
fluid,dye_diffusion,1.000,10,512,2.470493,-0.874006,0.420000,0.264078,49.481870,
fluid,rheoscopic,0.200,1,512,1.691187,-0.090345,0.451605,0.143373,6.781691,
fluid,rheoscopic,0.200,2,512,1.719761,-0.105560,0.432924,0.141313,6.513400,
fluid,rheoscopic,0.200,3,512,1.695004,-0.085976,0.412306,0.121675,6.973035,
fluid,rheoscopic,0.200,4,512,1.685351,-0.086801,0.410014,0.134831,6.585723,
fluid,rheoscopic,0.200,5,512,1.674804,-0.083294,0.369587,0.121821,6.903830,
fluid,rheoscopic,0.100,10,512,1.726118,-0.094915,0.459606,0.135362,10.750232,
fluid,rheoscopic,0.200,0,512,1.686779,-0.092257,0.406115,0.121574,11.314935,
fluid,rheoscopic,0.100,9,512,1.767381,-0.101216,0.432816,0.131878,12.665475,
fluid,rheoscopic,0.200,6,512,1.701789,-0.080498,0.485374,0.124570,7.284940,
fluid,rheoscopic,0.200,7,512,1.672365,-0.099726,0.416634,0.117100,7.079164,
fluid,rheoscopic,0.200,8,512,1.735533,-0.103452,0.403535,0.131491,6.928034,
fluid,rheoscopic,0.200,11,512,1.704279,-0.102993,0.455519,0.129585,6.790111,
fluid,rheoscopic,0.300,0,512,1.582628,-0.072780,0.397316,0.130722,6.455860,
fluid,rheoscopic,0.300,1,512,1.612520,-0.072333,0.448961,0.127294,6.516949,
fluid,rheoscopic,0.300,2,512,1.612990,-0.069092,0.419046,0.139700,6.613793,
fluid,rheoscopic,0.200,9,512,1.704333,-0.093421,0.433179,0.134951,10.456302,
fluid,rheoscopic,0.300,6,512,1.615168,-0.078976,0.383840,0.103864,6.363659,
fluid,rheoscopic,0.300,7,512,1.713158,-0.045394,0.419501,0.112237,6.459468,
fluid,rheoscopic,0.300,8,512,1.620491,-0.085797,0.433420,0.137654,6.455980,
fluid,rheoscopic,0.300,9,512,1.570426,-0.072827,0.389528,0.132465,6.301330,
fluid,rheoscopic,0.200,10,512,1.667287,-0.086475,0.445572,0.136269,14.234840,
fluid,rheoscopic,0.300,3,512,1.689634,-0.064864,0.461817,0.126111,11.540073,
fluid,rheoscopic,0.300,10,512,1.643596,-0.072021,0.398243,0.117950,6.269713,
fluid,rheoscopic,0.400,0,512,1.529801,-0.058069,0.403110,0.124495,5.802812,
fluid,rheoscopic,0.300,11,512,1.699326,-0.081144,0.488533,0.118645,6.289444,
fluid,rheoscopic,0.300,5,512,1.648994,-0.087616,0.478281,0.138658,13.070814,
fluid,rheoscopic,0.300,4,512,1.618706,-0.087124,0.417492,0.127108,13.774976,
fluid,rheoscopic,0.400,3,512,1.616473,-0.043071,0.445564,0.123478,5.746305,
fluid,rheoscopic,0.400,2,512,1.545633,-0.050949,0.417909,0.130348,5.991743,
fluid,rheoscopic,0.400,4,512,1.546518,-0.062800,0.389426,0.113772,5.755411,
fluid,rheoscopic,0.400,5,512,1.588713,-0.070223,0.492412,0.139417,5.983699,
fluid,rheoscopic,0.400,1,512,1.549251,-0.056731,0.445150,0.127974,9.402826,
fluid,rheoscopic,0.400,7,512,1.617924,-0.029116,0.408479,0.110496,6.315954,
fluid,rheoscopic,0.400,9,512,1.547761,-0.057492,0.410903,0.121462,5.838169,
fluid,rheoscopic,0.400,10,512,1.561856,-0.054245,0.402659,0.116556,6.150982,
fluid,rheoscopic,0.400,8,512,1.552970,-0.063345,0.430946,0.133878,8.023109,
fluid,rheoscopic,0.400,11,512,1.573875,-0.054764,0.431447,0.120964,6.146450,
fluid,rheoscopic,0.500,1,512,1.467549,-0.042439,0.413006,0.123163,5.725981,
fluid,rheoscopic,0.500,2,512,1.451770,-0.030901,0.430088,0.127891,5.889210,
fluid,rheoscopic,0.500,3,512,1.536800,-0.024053,0.450278,0.120033,5.751656,
fluid,rheoscopic,0.500,0,512,1.451066,-0.045861,0.389821,0.122729,6.677695,
fluid,rheoscopic,0.500,4,512,1.469914,-0.039346,0.358133,0.100574,5.795290,
fluid,rheoscopic,0.400,6,512,1.543556,-0.060338,0.379745,0.105532,11.429751,
fluid,rheoscopic,0.500,6,512,1.472673,-0.042707,0.377859,0.102943,5.872476,
fluid,rheoscopic,0.500,7,512,1.522021,-0.014633,0.419950,0.112529,5.815385,
fluid,rheoscopic,0.500,8,512,1.494355,-0.051221,0.478020,0.127436,5.820566,
fluid,rheoscopic,0.600,0,512,1.373696,-0.029176,0.404709,0.112698,5.267926,
fluid,rheoscopic,0.500,10,512,1.472124,-0.035306,0.392331,0.113261,5.792999,
fluid,rheoscopic,0.600,1,512,1.362224,-0.030332,0.383455,0.115241,5.295414,
fluid,rheoscopic,0.600,3,512,1.437716,-0.010440,0.437086,0.112027,5.301788,
fluid,rheoscopic,0.500,5,512,1.518611,-0.053242,0.484144,0.134206,11.258679,
fluid,rheoscopic,0.600,2,512,1.340158,-0.016587,0.414538,0.123032,6.815705,
fluid,rheoscopic,0.600,4,512,1.370740,-0.019565,0.346475,0.094925,5.945439,
fluid,rheoscopic,0.600,5,512,1.435616,-0.033889,0.469890,0.131572,5.208022,
fluid,rheoscopic,0.600,6,512,1.381560,-0.030635,0.382705,0.105090,5.279783,
fluid,rheoscopic,0.600,7,512,1.394395,-0.015112,0.421805,0.115847,5.290278,
fluid,rheoscopic,0.500,9,512,1.424216,-0.039764,0.374439,0.122163,10.326500,
fluid,rheoscopic,0.500,11,512,1.502491,-0.031345,0.401738,0.106749,9.458467,
fluid,rheoscopic,0.600,10,512,1.371066,-0.020467,0.396303,0.110511,5.244053,
fluid,rheoscopic,0.600,9,512,1.313689,-0.031336,0.371064,0.122466,6.764466,
fluid,rheoscopic,0.700,2,512,1.241289,-0.009738,0.438850,0.120523,4.937943,
fluid,rheoscopic,0.700,3,512,1.333089,-0.006565,0.403196,0.101905,4.903812,
fluid,rheoscopic,0.700,0,512,1.284364,-0.020637,0.429492,0.110691,5.702727,
fluid,rheoscopic,0.600,8,512,1.374022,-0.032503,0.432267,0.133757,7.597511,
fluid,rheoscopic,0.700,4,512,1.258861,-0.006159,0.350266,0.095708,5.092033,
fluid,rheoscopic,0.700,5,512,1.337528,-0.018873,0.446497,0.122727,4.971283,
fluid,rheoscopic,0.700,6,512,1.279085,-0.020529,0.391660,0.107046,5.080630,
fluid,rheoscopic,0.700,1,512,1.268763,-0.023826,0.390538,0.107087,7.443064,
fluid,rheoscopic,0.600,11,512,1.397111,-0.027600,0.413606,0.109746,8.681911,
fluid,rheoscopic,0.700,8,512,1.282577,-0.024562,0.422301,0.128211,5.386806,
fluid,rheoscopic,0.700,10,512,1.278633,-0.011376,0.405000,0.105589,4.799546,
fluid,rheoscopic,0.800,3,512,1.182395,-0.005959,0.399683,0.110568,4.270515,
fluid,rheoscopic,0.800,2,512,1.123654,-0.007023,0.386350,0.109404,5.000859,
fluid,rheoscopic,0.800,4,512,1.139920,0.001827,0.410757,0.116218,4.502329,
fluid,rheoscopic,0.700,7,512,1.282142,-0.008103,0.405168,0.115494,9.260919,
fluid,rheoscopic,0.800,5,512,1.197805,-0.015311,0.409963,0.114725,4.212741,
fluid,rheoscopic,0.700,9,512,1.229989,-0.018809,0.386825,0.111095,7.008071,
fluid,rheoscopic,0.800,1,512,1.157123,-0.000189,0.403988,0.106609,7.824067,
fluid,rheoscopic,0.700,11,512,1.262366,-0.019271,0.416638,0.111797,8.529199,
fluid,rheoscopic,0.800,8,512,1.150245,-0.014244,0.431473,0.123235,4.092501,
fluid,rheoscopic,0.800,9,512,1.140348,-0.008117,0.354087,0.094938,4.100439,
fluid,rheoscopic,0.800,0,512,1.193016,-0.016913,0.475099,0.104539,9.838266,
fluid,rheoscopic,0.800,10,512,1.155101,0.001104,0.408933,0.106250,4.533868,
fluid,rheoscopic,0.800,7,512,1.186320,0.001749,0.377393,0.105264,6.524004,
fluid,rheoscopic,0.800,11,512,1.134977,-0.004087,0.386739,0.111418,4.312658,
fluid,rheoscopic,0.800,6,512,1.163829,-0.015056,0.401996,0.111246,7.838450,
fluid,rheoscopic,0.900,0,512,1.051451,-0.007116,0.445954,0.107937,4.531556,
fluid,rheoscopic,0.900,2,512,1.022840,-0.002820,0.401968,0.110758,5.796477,
fluid,rheoscopic,0.900,5,512,1.084255,-0.006176,0.385852,0.105839,3.862699,
fluid,rheoscopic,0.900,3,512,1.081376,-0.010354,0.417297,0.091353,4.430167,
fluid,rheoscopic,0.900,1,512,1.055585,0.000453,0.415057,0.108331,6.682101,
fluid,rheoscopic,0.900,6,512,1.045122,-0.001349,0.416508,0.104418,3.857906,
fluid,rheoscopic,1.000,0,512,0.908521,-0.011577,0.512239,0.093647,3.732247,
fluid,rheoscopic,0.900,8,512,1.039551,-0.003961,0.440379,0.103517,4.103225,
fluid,rheoscopic,0.900,4,512,1.021223,0.011600,0.417438,0.114174,6.789799,
fluid,rheoscopic,1.000,2,512,0.895295,-0.010540,0.440273,0.105070,3.334596,
fluid,rheoscopic,1.000,5,512,0.948416,-0.003418,0.450927,0.092480,3.366968,
fluid,rheoscopic,0.900,10,512,1.034891,-0.003486,0.446574,0.110320,6.332649,
fluid,rheoscopic,1.000,3,512,0.922686,-0.004908,0.414336,0.091036,4.325566,
fluid,rheoscopic,1.000,4,512,0.939878,-0.000829,0.468590,0.094734,4.804434,
fluid,rheoscopic,1.000,7,512,0.897264,0.003811,0.397612,0.108645,3.680496,
fluid,rheoscopic,1.000,6,512,0.901659,-0.000335,0.449355,0.095594,3.732773,
fluid,rheoscopic,0.900,11,512,1.030192,-0.000460,0.433583,0.111913,8.377443,
fluid,rheoscopic,0.900,7,512,1.058504,0.002054,0.405660,0.102398,8.722032,
fluid,rheoscopic,0.900,9,512,1.014519,-0.010407,0.364342,0.095791,8.789955,
rock,marble,0.000,2,512,2.287372,-0.018424,0.558241,0.192232,1.124239,
rock,marble,0.000,3,512,2.346702,-0.002706,0.550894,0.188892,1.149423,
fluid,rheoscopic,1.000,9,512,0.889097,-0.004321,0.429959,0.097210,3.351507,
rock,marble,0.000,1,512,2.290034,-0.011411,0.530067,0.199680,1.908241,
rock,marble,0.000,0,512,2.310208,-0.007300,0.543258,0.180866,2.716036,
fluid,rheoscopic,1.000,10,512,0.897117,-0.005611,0.429476,0.105384,3.374514,
rock,marble,0.000,7,512,2.352339,-0.003687,0.563927,0.192526,1.088781,
rock,marble,0.000,8,512,2.296273,-0.001945,0.634746,0.149004,1.117232,
rock,marble,0.000,9,512,2.311247,-0.007893,0.559768,0.192206,1.095657,
fluid,rheoscopic,1.000,1,512,0.931650,0.000675,0.405918,0.093537,8.027984,
rock,marble,0.100,0,512,2.024590,-0.105091,0.559775,0.163475,1.101759,
rock,marble,0.000,5,512,2.339475,-0.012744,0.614096,0.190105,2.397226,
rock,marble,0.100,1,512,1.997507,-0.099323,0.535490,0.179772,1.119164,
rock,marble,0.000,4,512,2.312257,-0.007267,0.522666,0.189974,2.644083,
rock,marble,0.100,2,512,2.036222,-0.112264,0.547201,0.172442,1.114664,
rock,marble,0.100,3,512,2.092616,-0.085193,0.544890,0.165413,1.081735,
rock,marble,0.000,6,512,2.333579,-0.015260,0.565051,0.178738,2.594140,
rock,marble,0.100,5,512,2.036564,-0.070687,0.583594,0.176119,1.180546,
rock,marble,0.000,11,512,2.330104,-0.009235,0.575166,0.179429,2.499671,
rock,marble,0.000,10,512,2.329384,-0.006231,0.623688,0.192554,2.607217,
rock,marble,0.100,6,512,2.066599,-0.108585,0.576654,0.161999,1.255398,
rock,marble,0.100,7,512,2.133419,-0.071812,0.594061,0.158919,1.191214,
rock,marble,0.100,9,512,2.024865,-0.101265,0.560810,0.174266,1.186756,
rock,marble,0.100,4,512,2.051704,-0.083773,0.513677,0.174970,1.986241,
rock,marble,0.100,10,512,2.095574,-0.064255,0.605483,0.169729,1.146688,
rock,marble,0.200,0,512,1.848331,-0.142538,0.564617,0.134929,1.247739,
fluid,rheoscopic,1.000,8,512,0.933237,-0.005958,0.480136,0.086555,8.053283,
rock,marble,0.200,4,512,1.910598,-0.118523,0.548805,0.128834,1.212060,
rock,marble,0.100,8,512,2.065277,-0.076313,0.617558,0.142907,2.362587,
rock,marble,0.200,3,512,1.890526,-0.117463,0.580723,0.128054,1.383478,
rock,marble,0.200,5,512,1.857819,-0.120432,0.589956,0.143099,1.207928,
rock,marble,0.200,7,512,1.956485,-0.117094,0.611919,0.123493,1.198842,
rock,marble,0.200,6,512,1.883526,-0.151681,0.580041,0.138464,1.362189,
rock,marble,0.100,11,512,2.084780,-0.057207,0.608143,0.160818,2.475171,
fluid,rheoscopic,1.000,11,512,0.888231,-0.003439,0.389254,0.098301,7.864242,
rock,marble,0.200,1,512,1.806523,-0.161784,0.519229,0.149416,2.441862,
rock,marble,0.200,2,512,1.861308,-0.154768,0.546777,0.144507,2.577555,
rock,marble,0.200,10,512,1.927140,-0.103240,0.614945,0.127281,1.227957,
rock,marble,0.300,1,512,1.716895,-0.199117,0.513374,0.109685,1.233481,
rock,marble,0.300,2,512,1.736906,-0.214647,0.522593,0.106343,1.170121,
rock,marble,0.300,0,512,1.794560,-0.197630,0.623827,0.095353,1.337498,
rock,marble,0.300,3,512,1.749033,-0.159639,0.589518,0.095344,1.401374,
rock,marble,0.200,8,512,1.902732,-0.092989,0.622961,0.117547,2.161576,
rock,marble,0.300,5,512,1.742042,-0.152353,0.573155,0.087174,1.218136,
rock,marble,0.200,9,512,1.862378,-0.145612,0.557514,0.129365,2.469579,
rock,marble,0.300,8,512,1.772737,-0.120978,0.650570,0.076060,1.236227,
rock,marble,0.300,10,512,1.784747,-0.165450,0.638766,0.083558,1.197617,
rock,marble,0.200,11,512,1.859686,-0.097939,0.647029,0.127149,2.519133,
rock,marble,0.300,9,512,1.761781,-0.165838,0.581131,0.089559,1.250042,
rock,marble,0.300,11,512,1.748285,-0.132784,0.662285,0.093540,1.303861,
rock,marble,0.400,0,512,1.725510,-0.222997,0.668474,0.063964,1.273886,
rock,marble,0.300,4,512,1.822829,-0.165210,0.612622,0.080799,2.576144,
rock,marble,0.400,2,512,1.653989,-0.255478,0.493666,0.075323,1.184190,
rock,marble,0.300,6,512,1.777152,-0.173273,0.575627,0.111156,2.489499,
rock,marble,0.300,7,512,1.827055,-0.154063,0.657766,0.082847,2.469455,
rock,marble,0.400,4,512,1.734963,-0.202615,0.652395,0.054854,1.222379,
rock,marble,0.400,7,512,1.708766,-0.204371,0.655289,0.060315,1.256992,
rock,marble,0.400,8,512,1.679474,-0.147426,0.726262,0.043859,1.252033,
rock,marble,0.400,5,512,1.665694,-0.189052,0.616078,0.044466,1.527819,
rock,marble,0.400,1,512,1.620106,-0.253409,0.525008,0.077449,2.290159,
rock,marble,0.400,11,512,1.654943,-0.159501,0.629348,0.061753,1.179327,
rock,marble,0.400,9,512,1.675331,-0.189924,0.605628,0.058016,1.583950,
rock,marble,0.400,10,512,1.689374,-0.204678,0.655461,0.056428,1.762846,
rock,marble,0.400,6,512,1.687400,-0.213283,0.578495,0.080298,2.271690,
rock,marble,0.400,3,512,1.644234,-0.205889,0.572908,0.065381,2.562786,
rock,marble,0.500,2,512,1.596478,-0.281174,0.514627,0.045849,1.208679,
rock,marble,0.500,3,512,1.597997,-0.270006,0.619333,0.039168,1.192163,
rock,marble,0.500,4,512,1.641216,-0.243941,0.690694,0.032056,1.180782,
rock,marble,0.500,5,512,1.565972,-0.252163,0.600750,0.026677,1.226780,
rock,marble,0.500,6,512,1.613183,-0.257536,0.632552,0.049831,1.257312,
rock,marble,0.500,7,512,1.668423,-0.237487,0.670101,0.037083,1.170361,
rock,marble,0.500,0,512,1.673888,-0.276308,0.705210,0.039958,2.438976,
rock,marble,0.500,9,512,1.636568,-0.248515,0.546124,0.034679,1.359524,
rock,marble,0.600,0,512,1.668738,-0.288401,0.725629,0.024577,1.201418,
rock,marble,0.500,10,512,1.629925,-0.243814,0.670492,0.038407,1.368790,
rock,marble,0.600,1,512,1.559939,-0.292664,0.576140,0.029909,1.205371,
rock,marble,0.500,1,512,1.577224,-0.279970,0.553284,0.049755,2.579100,
rock,marble,0.600,2,512,1.551733,-0.327679,0.526756,0.030534,1.194689,
rock,marble,0.600,3,512,1.551969,-0.323573,0.592249,0.024970,1.193790,
rock,marble,0.600,5,512,1.486484,-0.289730,0.593838,0.021820,1.173200,
rock,marble,0.600,4,512,1.566101,-0.297954,0.669991,0.020232,1.373231,
rock,marble,0.500,8,512,1.617993,-0.193258,0.676295,0.026633,2.605840,
rock,marble,0.600,8,512,1.559411,-0.220026,0.737985,0.019334,1.192397,
rock,marble,0.600,7,512,1.622206,-0.324687,0.706229,0.025518,1.312910,
rock,marble,0.600,10,512,1.595447,-0.289147,0.672158,0.025277,1.193910,
rock,marble,0.600,9,512,1.578340,-0.332459,0.550898,0.023818,1.295842,
rock,marble,0.500,11,512,1.539400,-0.207883,0.644580,0.039068,2.607661,
rock,marble,0.700,0,512,1.629549,-0.290367,0.782080,0.017269,1.185728,
rock,marble,0.700,2,512,1.507350,-0.405309,0.519133,0.018768,1.170429,
rock,marble,0.700,3,512,1.517153,-0.363308,0.546650,0.015696,1.272273,
rock,marble,0.700,1,512,1.522133,-0.351668,0.508443,0.027851,1.877073,
rock,marble,0.600,6,512,1.514016,-0.332104,0.655695,0.027857,2.680785,
rock,marble,0.700,7,512,1.589446,-0.410741,0.709943,0.012529,1.209782,
rock,marble,0.700,8,512,1.477526,-0.311082,0.778237,0.012046,1.218043,
rock,marble,0.700,10,512,1.545481,-0.332090,0.571986,0.019503,1.204457,
rock,marble,0.600,11,512,1.472812,-0.271948,0.703940,0.023189,2.642307,
rock,marble,0.700,6,512,1.482571,-0.390622,0.649735,0.019540,1.529025,
rock,marble,0.700,11,512,1.422667,-0.310483,0.820218,0.009145,1.142417,
rock,marble,0.700,9,512,1.536886,-0.421172,0.601545,0.013692,1.557789,
rock,marble,0.700,5,512,1.431679,-0.299249,0.302495,0.011093,2.014242,
rock,marble,0.800,1,512,1.458610,-0.426466,0.673233,0.013808,1.312224,
rock,marble,0.700,4,512,1.531699,-0.324801,0.778713,0.013626,2.613813,
rock,marble,0.800,3,512,1.474053,-0.440784,0.630309,0.011817,1.185230,
rock,marble,0.800,4,512,1.465539,-0.390956,0.791588,0.011483,1.206095,
rock,marble,0.800,5,512,1.364874,-0.359285,0.712185,0.005245,1.232165,
rock,marble,0.800,0,512,1.570111,-0.367904,0.842568,0.011512,1.904531,
rock,marble,0.800,8,512,1.440867,-0.361627,0.700138,0.008632,1.157303,
rock,marble,0.800,7,512,1.590876,-0.447313,0.791795,0.007549,1.340680,
rock,marble,0.800,9,512,1.545695,-0.478271,0.511415,0.010957,1.342315,
rock,marble,0.800,11,512,1.382769,-0.369203,0.744919,0.009061,1.240155,
rock,marble,0.900,1,512,1.436671,-0.547942,0.595443,0.012212,1.247211,
rock,marble,0.800,2,512,1.468899,-0.463089,0.470657,0.014673,2.557143,
rock,marble,0.900,2,512,1.422708,-0.500917,0.483807,0.009450,1.243851,
rock,marble,0.900,3,512,1.456083,-0.541621,0.576098,0.007086,1.242507,
rock,marble,0.900,5,512,1.410799,-0.312765,0.648732,0.003643,1.164004,
rock,marble,0.800,6,512,1.499668,-0.428885,0.593682,0.011878,2.637518,
rock,marble,0.900,7,512,1.523192,-0.480153,0.615531,0.006653,1.521253,
rock,marble,0.800,10,512,1.469758,-0.418625,0.561521,0.014038,2.676970,
rock,marble,0.900,8,512,1.469270,-0.331980,0.757593,0.008630,1.171421,
rock,marble,0.900,6,512,1.537511,-0.498238,0.589823,0.009517,1.849279,
rock,marble,0.900,9,512,1.544070,-0.501743,0.417199,0.008122,1.146857,
rock,marble,0.900,11,512,1.366718,-0.428361,0.831040,0.003961,1.138361,
rock,marble,1.000,0,512,1.551067,-0.550904,0.813612,0.007572,1.137024,
rock,marble,0.900,0,512,1.565925,-0.460129,0.846808,0.008360,2.678989,
rock,marble,1.000,1,512,1.438724,-0.548823,0.290367,0.004566,1.095588,
rock,marble,0.900,4,512,1.412749,-0.440725,0.791848,0.007721,2.730814,
rock,marble,1.000,5,512,1.401231,-0.293706,0.486756,0.003571,1.148750,
rock,marble,1.000,7,512,1.536151,-0.492708,0.704922,0.004751,1.190658,
rock,marble,1.000,8,512,1.429837,-0.462538,0.701796,0.006360,1.175852,
rock,marble,1.000,9,512,1.551540,-0.545056,0.556181,0.005991,1.176859,
rock,marble,1.000,11,512,1.363983,-0.486440,0.920261,0.002909,1.094493,
rock,marble,0.900,10,512,1.434903,-0.528795,0.531459,0.007184,2.833019,
rock,marble,1.000,2,512,1.455874,-0.547842,0.554612,0.008646,2.500257,
rock,marble,1.000,3,512,1.418070,-0.604139,0.617234,0.006719,2.763158,
rock,agate,0.000,1,512,1.939426,-0.002139,0.496813,0.166753,1.490744,
rock,marble,1.000,4,512,1.436252,-0.493050,0.813685,0.005660,2.823221,
rock,agate,0.000,2,512,1.920792,-0.007339,0.474880,0.177370,1.496329,
rock,marble,1.000,6,512,1.457797,-0.576206,0.609215,0.009309,2.816456,
rock,agate,0.000,3,512,1.971373,0.005263,0.486637,0.178422,1.514528,
rock,agate,0.000,4,512,1.932188,-0.001032,0.469524,0.162384,1.520935,
rock,marble,1.000,10,512,1.429529,-0.559705,0.502347,0.005380,2.721805,
rock,agate,0.000,7,512,1.974818,0.003905,0.510353,0.153683,1.496017,
rock,agate,0.000,5,512,1.950652,-0.001407,0.503193,0.168965,2.557088,
rock,agate,0.000,9,512,1.932020,0.004307,0.496665,0.154020,1.437967,
rock,agate,0.000,0,512,1.946965,0.002571,0.511419,0.168462,3.490268,
rock,agate,0.000,11,512,1.931356,-0.005544,0.555961,0.150064,1.456931,
rock,agate,0.100,1,512,1.852819,-0.040294,0.498398,0.150527,1.497227,
rock,agate,0.100,2,512,1.870994,-0.032545,0.465649,0.156905,1.512802,
rock,agate,0.000,8,512,1.908670,0.003603,0.576879,0.132684,2.095038,
rock,agate,0.100,4,512,1.878435,-0.020944,0.480434,0.137059,1.543094,
rock,agate,0.000,6,512,1.972675,0.000856,0.481102,0.155781,3.260383,
rock,agate,0.100,6,512,1.860692,-0.018498,0.497466,0.140419,1.593153,
rock,agate,0.000,10,512,1.944687,0.000506,0.524270,0.167210,3.049635,
rock,agate,0.100,8,512,1.860575,-0.028774,0.524384,0.117800,1.604157,
rock,agate,0.100,7,512,1.885542,-0.033457,0.558014,0.134433,1.804850,
rock,agate,0.100,0,512,1.852701,-0.011985,0.522591,0.149486,3.059168,
rock,agate,0.100,3,512,1.914818,-0.025328,0.488658,0.145491,2.969799,
rock,agate,0.100,9,512,1.842060,-0.039367,0.498224,0.137365,1.686939,
rock,agate,0.100,10,512,1.892662,-0.018261,0.522492,0.141508,1.700296,
rock,agate,0.100,11,512,1.844854,-0.023780,0.542360,0.129300,1.647283,
rock,agate,0.100,5,512,1.877323,-0.021986,0.523361,0.137231,2.662837,
rock,agate,0.200,0,512,1.725897,-0.062008,0.528982,0.116852,1.842805,
rock,agate,0.200,1,512,1.680923,-0.078449,0.484591,0.122588,2.041062,
rock,agate,0.200,2,512,1.733273,-0.079973,0.450138,0.123268,1.651489,
rock,agate,0.200,4,512,1.752524,-0.078215,0.522974,0.093748,1.628990,
rock,agate,0.200,5,512,1.706438,-0.062540,0.550652,0.101561,1.654809,
rock,agate,0.200,8,512,1.691205,-0.071546,0.520685,0.093702,1.618902,
rock,agate,0.200,10,512,1.729986,-0.070246,0.516081,0.109344,1.584389,
rock,agate,0.300,0,512,1.621114,-0.118383,0.595281,0.075584,1.553349,
rock,agate,0.200,9,512,1.680757,-0.071281,0.526889,0.096563,2.466802,
rock,agate,0.200,3,512,1.729909,-0.074665,0.511466,0.108204,2.881635,
rock,agate,0.300,1,512,1.576577,-0.128154,0.528321,0.091898,1.538481,
rock,agate,0.200,6,512,1.724795,-0.063224,0.546442,0.111269,2.881939,
rock,agate,0.300,2,512,1.603305,-0.098518,0.471544,0.084782,1.555736,
rock,agate,0.300,3,512,1.589267,-0.122286,0.553001,0.076086,1.497289,
rock,agate,0.300,4,512,1.637889,-0.101528,0.547784,0.061145,1.481407,
rock,agate,0.300,5,512,1.551562,-0.111149,0.585462,0.073032,1.372282,
rock,agate,0.200,7,512,1.714650,-0.078896,0.566827,0.102968,3.098204,
rock,agate,0.300,6,512,1.610868,-0.123613,0.561852,0.082742,1.469416,
rock,agate,0.200,11,512,1.694993,-0.062447,0.532802,0.105054,2.936469,
rock,agate,0.300,7,512,1.612679,-0.113365,0.583192,0.077356,1.498882,
rock,agate,0.300,10,512,1.606904,-0.102018,0.499442,0.075966,1.452108,
rock,agate,0.400,3,512,1.497412,-0.164936,0.407822,0.051524,1.369794,
rock,agate,0.400,1,512,1.502467,-0.167280,0.483613,0.068238,1.522960,
rock,agate,0.400,2,512,1.481974,-0.150588,0.501519,0.065987,1.503822,
rock,agate,0.300,11,512,1.558648,-0.073894,0.552670,0.078663,1.932450,
rock,agate,0.400,5,512,1.425384,-0.138958,0.410294,0.051755,1.522472,
rock,agate,0.400,0,512,1.543203,-0.117787,0.657196,0.050439,2.322455,
rock,agate,0.400,7,512,1.522271,-0.153666,0.572752,0.062383,1.606867,
rock,agate,0.400,8,512,1.478258,-0.139683,0.619726,0.056016,1.488019,
rock,agate,0.300,9,512,1.588550,-0.108821,0.548333,0.061636,3.182081,
rock,agate,0.300,8,512,1.578274,-0.114981,0.541846,0.067519,3.258041,
rock,agate,0.400,10,512,1.498292,-0.147270,0.483125,0.055371,1.563689,
rock,agate,0.400,11,512,1.431177,-0.132370,0.576021,0.061212,1.520797,
rock,agate,0.400,4,512,1.558876,-0.132893,0.565612,0.045364,3.154118,
rock,agate,0.500,1,512,1.395001,-0.186915,0.547380,0.052511,1.477230,
rock,agate,0.400,9,512,1.521490,-0.149399,0.489267,0.046448,1.986908,
rock,agate,0.400,6,512,1.513247,-0.163297,0.504319,0.054625,2.905782,
rock,agate,0.500,3,512,1.443110,-0.200569,0.515783,0.038781,1.407565,
rock,agate,0.500,0,512,1.468938,-0.162082,0.631762,0.033527,2.292331,
rock,agate,0.500,2,512,1.392325,-0.164619,0.504341,0.040937,1.918870,
rock,agate,0.500,4,512,1.423268,-0.163269,0.682901,0.027680,1.531685,
rock,agate,0.500,7,512,1.458739,-0.188630,0.594731,0.035900,1.492137,
rock,agate,0.500,8,512,1.445627,-0.151159,0.614968,0.028895,1.530195,
rock,agate,0.500,10,512,1.418628,-0.176403,0.512214,0.043256,1.489116,
rock,agate,0.500,11,512,1.390156,-0.162666,0.600992,0.036097,1.706229,
rock,agate,0.600,1,512,1.340583,-0.198394,0.513157,0.035909,1.427444,
rock,agate,0.600,4,512,1.352625,-0.211874,0.574413,0.023779,1.398866,
rock,agate,0.600,2,512,1.320088,-0.247052,0.540145,0.029179,1.799881,
rock,agate,0.600,3,512,1.367267,-0.273542,0.466287,0.023427,1.759528,
rock,agate,0.600,5,512,1.283584,-0.189492,0.678738,0.015084,1.438347,
rock,agate,0.600,6,512,1.355596,-0.224227,0.512243,0.023086,1.444798,
rock,agate,0.500,6,512,1.456188,-0.176335,0.515264,0.032508,3.179904,
rock,agate,0.500,5,512,1.363425,-0.175828,0.643202,0.022747,3.217010,
rock,agate,0.600,7,512,1.377887,-0.193867,0.543687,0.023458,1.464632,
rock,agate,0.500,9,512,1.478338,-0.187890,0.497642,0.032263,3.246117,
rock,agate,0.600,0,512,1.373783,-0.199699,0.626394,0.022701,3.178781,
rock,agate,0.600,8,512,1.327139,-0.249754,0.581555,0.020972,1.618430,
rock,agate,0.600,10,512,1.345916,-0.199653,0.577240,0.032142,1.379270,
rock,agate,0.600,9,512,1.352859,-0.235601,0.535804,0.024480,1.652648,
rock,agate,0.700,1,512,1.277683,-0.227248,0.356525,0.023295,1.392880,
rock,agate,0.600,11,512,1.308520,-0.223568,0.697292,0.028991,1.547050,
rock,agate,0.700,0,512,1.310525,-0.249879,0.616789,0.024043,1.660965,
rock,agate,0.700,2,512,1.305194,-0.271705,0.496044,0.014240,1.554417,
rock,agate,0.700,5,512,1.287222,-0.181129,0.778349,0.009986,1.515069,
rock,agate,0.700,3,512,1.286249,-0.274454,0.686475,0.019977,2.342768,
rock,agate,0.700,10,512,1.322874,-0.246221,0.593417,0.018866,1.630535,
rock,agate,0.700,9,512,1.274598,-0.264319,0.472422,0.018360,1.742454,
rock,agate,0.700,8,512,1.217755,-0.233907,0.577998,0.013561,2.107052,
rock,agate,0.700,11,512,1.271254,-0.251259,0.807769,0.006594,1.483008,
rock,agate,0.700,7,512,1.295166,-0.184566,0.604806,0.013204,2.286114,
rock,agate,0.800,0,512,1.257081,-0.318701,0.584449,0.015075,1.633302,
rock,agate,0.800,2,512,1.284919,-0.354628,0.536177,0.012644,1.506777,
rock,agate,0.700,4,512,1.285181,-0.187090,0.602690,0.018804,3.089691,
rock,agate,0.700,6,512,1.353336,-0.235873,0.449184,0.014823,2.943107,
rock,agate,0.800,3,512,1.261800,-0.308576,0.642798,0.011959,1.657972,
rock,agate,0.800,1,512,1.242397,-0.228737,0.133488,0.007640,1.991986,
rock,agate,0.800,5,512,1.162434,-0.200849,0.729702,0.006843,1.502203,
rock,agate,0.800,4,512,1.223777,-0.272400,0.457888,0.014871,1.949440,
rock,agate,0.800,6,512,1.290054,-0.295794,0.426683,0.014337,1.871924,
rock,agate,0.800,11,512,1.219683,-0.294424,0.460171,0.012223,1.466552,
rock,agate,0.800,9,512,1.275596,-0.222837,0.357971,0.012796,1.638918,
rock,agate,0.800,8,512,1.181878,-0.244902,0.623769,0.012800,1.732682,
rock,agate,0.800,10,512,1.247174,-0.263154,0.729217,0.012252,1.603209,
rock,agate,0.900,2,512,1.275394,-0.253828,0.473249,0.012523,1.622296,
rock,agate,0.900,0,512,1.176593,-0.334872,0.634952,0.013130,2.277145,
rock,agate,0.800,7,512,1.218293,-0.226965,0.529853,0.014045,2.660419,
rock,agate,0.900,4,512,1.174568,-0.292358,0.661772,0.008956,1.469184,
rock,agate,0.900,1,512,1.112127,-0.348230,0.422965,0.012942,2.368874,
rock,agate,0.900,7,512,1.217863,-0.218829,0.769064,0.005647,1.516253,
rock,agate,0.900,8,512,1.153847,-0.293091,0.533396,0.009618,1.558006,
rock,agate,0.900,10,512,1.152184,-0.326627,0.486851,0.012623,1.600154,
rock,agate,0.900,6,512,1.247480,-0.381048,0.690880,0.013366,1.875726,
rock,agate,0.900,3,512,1.261348,-0.354423,0.499496,0.008517,2.981468,
rock,agate,1.000,2,512,1.274188,-0.307250,0.570285,0.010055,1.612521,
rock,agate,0.900,5,512,1.142005,-0.243445,0.696485,0.005465,3.053242,
rock,agate,0.900,9,512,1.221556,-0.312828,0.424929,0.009131,2.852078,
rock,agate,1.000,0,512,1.191871,-0.360472,0.358391,0.011969,2.038406,
rock,agate,1.000,3,512,1.203425,-0.262860,0.766224,0.010356,1.712617,
rock,agate,1.000,1,512,1.062302,-0.280126,0.077749,0.003638,2.141692,
rock,agate,1.000,4,512,1.085802,-0.306199,0.601132,0.011172,1.581410,
rock,agate,1.000,6,512,1.186497,-0.405936,0.552220,0.013991,1.712482,
rock,agate,0.900,11,512,1.210924,-0.296753,0.777019,0.003466,3.002337,
rock,agate,1.000,5,512,1.174669,-0.150281,0.588327,0.004795,2.430946,
rock,agate,1.000,7,512,1.143247,-0.206796,0.402634,0.006729,2.269680,
rock,agate,1.000,9,512,1.179638,-0.436387,0.583108,0.010636,1.543372,
rock,weathered,0.000,0,512,2.006610,-0.003368,0.475626,0.170678,1.448742,
rock,weathered,0.000,1,512,2.011199,-0.004736,0.479706,0.140414,1.458990,
rock,weathered,0.000,3,512,2.034521,0.002689,0.442899,0.170660,1.326142,
rock,weathered,0.000,4,512,2.006964,-0.008562,0.368713,0.136315,1.416221,
rock,weathered,0.000,2,512,1.976606,-0.018722,0.371208,0.171765,2.089883,
rock,agate,1.000,8,512,1.135304,-0.300412,0.561202,0.008539,3.241185,
rock,weathered,0.000,8,512,1.974451,-0.005821,0.509521,0.144322,1.325154,
rock,weathered,0.000,9,512,1.994766,-0.009334,0.428740,0.143396,1.412880,
rock,weathered,0.000,11,512,2.003489,-0.014776,0.458582,0.160576,1.341948,
rock,weathered,0.000,7,512,2.045834,-0.004847,0.528410,0.144647,1.686063,
rock,weathered,0.000,10,512,2.010584,-0.006161,0.485318,0.146987,1.407428,
rock,agate,1.000,11,512,1.160499,-0.226074,0.445682,0.007614,3.159398,
rock,agate,1.000,10,512,1.121157,-0.396737,0.541294,0.008812,3.249101,
rock,weathered,0.100,0,512,1.876880,-0.042989,0.471237,0.147121,1.412148,
rock,weathered,0.000,5,512,2.028519,-0.004924,0.436784,0.146477,2.747139,
rock,weathered,0.100,1,512,1.889715,-0.037305,0.480842,0.127238,1.578110,
rock,weathered,0.100,3,512,1.924089,-0.040400,0.459996,0.144950,1.333739,
rock,weathered,0.000,6,512,2.037768,-0.004137,0.407356,0.164085,2.928504,
rock,weathered,0.100,5,512,1.909475,-0.030578,0.444715,0.119994,1.332752,
rock,weathered,0.100,4,512,1.879148,-0.050906,0.395155,0.117021,1.397449,
rock,weathered,0.100,7,512,1.927913,-0.038980,0.539082,0.126510,1.419752,
rock,weathered,0.100,10,512,1.922478,-0.038233,0.489049,0.124244,1.425172,
rock,weathered,0.100,9,512,1.864948,-0.055726,0.426603,0.123687,1.633729,
rock,weathered,0.100,2,512,1.878921,-0.030455,0.378100,0.157778,2.894779,
rock,weathered,0.200,1,512,1.720190,-0.080273,0.496384,0.105750,1.352251,
rock,weathered,0.100,6,512,1.898160,-0.033516,0.432141,0.155528,2.368909,
rock,weathered,0.200,0,512,1.724905,-0.075994,0.495015,0.114316,1.432280,
rock,weathered,0.200,3,512,1.769552,-0.078559,0.476767,0.117323,1.336302,
rock,weathered,0.200,4,512,1.769552,-0.079276,0.449217,0.097607,1.417315,
rock,weathered,0.200,5,512,1.784072,-0.071828,0.474687,0.099626,1.402988,
rock,weathered,0.200,7,512,1.785484,-0.083967,0.568195,0.115508,1.342857,
rock,weathered,0.100,8,512,1.867185,-0.039797,0.446814,0.126847,3.022723,
rock,weathered,0.100,11,512,1.912316,-0.037503,0.483207,0.148256,2.849733,
rock,weathered,0.200,9,512,1.735913,-0.100545,0.462874,0.104723,1.323987,
rock,weathered,0.200,11,512,1.740673,-0.077216,0.473254,0.125899,1.300180,
rock,weathered,0.200,10,512,1.793517,-0.063169,0.451541,0.092746,1.383783,
rock,weathered,0.200,2,512,1.735274,-0.067738,0.391900,0.135920,2.814689,
rock,weathered,0.300,0,512,1.654654,-0.119218,0.540073,0.094201,1.327069,
rock,weathered,0.300,1,512,1.618517,-0.107998,0.518027,0.087426,1.386111,
rock,weathered,0.300,2,512,1.596276,-0.136391,0.359404,0.103495,1.384828,
rock,weathered,0.200,6,512,1.731752,-0.070934,0.450380,0.131576,2.507162,
rock,weathered,0.300,3,512,1.639603,-0.111179,0.469862,0.100578,1.313102,
rock,weathered,0.300,7,512,1.655964,-0.122481,0.591472,0.109132,1.317949,
rock,weathered,0.300,6,512,1.633311,-0.098308,0.452219,0.108804,1.352093,
rock,weathered,0.200,8,512,1.747432,-0.061754,0.501295,0.107395,2.808425,
rock,weathered,0.300,8,512,1.648979,-0.093041,0.513053,0.092880,1.419805,
rock,weathered,0.300,10,512,1.656596,-0.133283,0.407338,0.075822,1.312794,
rock,weathered,0.300,11,512,1.634823,-0.124926,0.521763,0.114823,1.353490,
rock,weathered,0.400,0,512,1.591646,-0.152283,0.577640,0.084542,1.343404,
rock,weathered,0.400,2,512,1.519188,-0.171282,0.358242,0.085831,1.264408,
rock,weathered,0.300,4,512,1.693701,-0.122244,0.501391,0.089980,2.915824,
rock,weathered,0.300,5,512,1.683916,-0.114672,0.518719,0.094482,2.839063,
rock,weathered,0.400,3,512,1.542468,-0.165906,0.482285,0.092433,1.269129,
rock,weathered,0.400,4,512,1.619233,-0.159490,0.558657,0.091109,1.273646,
rock,weathered,0.400,6,512,1.558503,-0.149205,0.503507,0.097214,1.364822,
rock,weathered,0.300,9,512,1.653644,-0.131811,0.491775,0.092227,2.810897,
rock,weathered,0.400,8,512,1.580436,-0.133010,0.548923,0.085908,1.399658,
rock,weathered,0.400,9,512,1.574686,-0.167946,0.575397,0.095268,1.394930,
rock,weathered,0.400,5,512,1.621497,-0.153822,0.577907,0.092491,1.920945,
rock,weathered,0.400,1,512,1.522229,-0.172484,0.547772,0.079287,2.707031,
rock,weathered,0.400,10,512,1.561431,-0.181039,0.362833,0.064323,1.384982,
rock,weathered,0.500,1,512,1.466364,-0.223510,0.468898,0.067024,1.346406,
rock,weathered,0.400,7,512,1.571506,-0.184214,0.537826,0.098085,2.415449,
rock,weathered,0.500,2,512,1.498895,-0.219772,0.403292,0.076605,1.567089,
rock,weathered,0.500,3,512,1.493020,-0.211546,0.550269,0.096168,1.412217,
rock,weathered,0.500,5,512,1.599562,-0.176312,0.565643,0.088391,1.408086,
rock,weathered,0.500,6,512,1.487359,-0.199562,0.477340,0.087168,1.441989,
rock,weathered,0.500,7,512,1.563712,-0.211840,0.546475,0.098197,1.468742,
rock,weathered,0.500,9,512,1.550190,-0.218410,0.583639,0.095404,1.426233,
rock,weathered,0.400,11,512,1.541098,-0.164430,0.490724,0.097383,2.531146,
rock,weathered,0.500,0,512,1.572385,-0.201712,0.625990,0.081289,2.549229,
rock,weathered,0.500,10,512,1.497617,-0.219242,0.396278,0.064360,1.346848,
rock,weathered,0.500,4,512,1.551905,-0.196778,0.598924,0.093813,2.511596,
rock,weathered,0.600,1,512,1.420851,-0.273314,0.312808,0.043936,1.422300,
rock,weathered,0.600,0,512,1.580110,-0.243632,0.645707,0.080983,1.596752,
rock,weathered,0.500,8,512,1.536096,-0.162533,0.556871,0.083620,2.520143,
rock,weathered,0.600,2,512,1.460718,-0.276271,0.341846,0.061719,1.452827,
rock,weathered,0.600,3,512,1.467049,-0.246856,0.518828,0.088369,1.452811,
rock,weathered,0.600,5,512,1.607676,-0.209272,0.583227,0.090620,1.357459,
rock,weathered,0.600,4,512,1.492202,-0.239723,0.601303,0.093377,1.565514,
rock,weathered,0.500,11,512,1.485183,-0.209972,0.569124,0.101280,2.500883,
rock,weathered,0.600,8,512,1.546160,-0.205680,0.625588,0.090869,1.347488,
rock,weathered,0.600,10,512,1.491603,-0.268789,0.415563,0.065286,1.443561,
rock,weathered,0.600,11,512,1.469752,-0.250546,0.544678,0.094797,1.670470,
rock,weathered,0.600,6,512,1.424325,-0.263291,0.546210,0.091948,2.442383,
rock,weathered,0.600,7,512,1.622397,-0.248670,0.631449,0.112879,2.408192,
rock,weathered,0.700,1,512,1.428041,-0.318279,0.369881,0.052276,1.387609,
rock,weathered,0.700,2,512,1.430266,-0.334648,0.449750,0.079096,1.390192,
rock,weathered,0.700,3,512,1.440814,-0.298372,0.382420,0.064824,1.311736,
rock,weathered,0.700,6,512,1.421902,-0.321361,0.460969,0.076598,1.313772,
rock,weathered,0.700,4,512,1.489652,-0.256239,0.609942,0.094523,1.648029,
rock,weathered,0.600,9,512,1.512890,-0.287793,0.604825,0.097615,2.508565,
rock,weathered,0.700,0,512,1.615245,-0.246739,0.660619,0.081241,2.562006,
rock,weathered,0.700,7,512,1.756755,-0.230239,0.652026,0.116831,1.358608,
rock,weathered,0.700,11,512,1.724410,-0.187268,0.705049,0.120891,1.321637,
rock,weathered,0.800,1,512,1.413668,-0.392699,0.201972,0.029020,1.226750,
rock,weathered,0.800,0,512,1.605064,-0.289673,0.714932,0.086991,1.336348,
rock,weathered,0.700,8,512,1.565014,-0.261340,0.580339,0.083965,1.581650,
rock,weathered,0.700,5,512,1.637432,-0.222218,0.408593,0.063541,2.532137,
rock,weathered,0.800,2,512,1.493295,-0.371448,0.413002,0.070044,1.215457,
rock,weathered,0.800,3,512,1.509412,-0.352507,0.570054,0.095022,1.587441,
rock,weathered,0.800,6,512,1.478472,-0.351707,0.464192,0.075620,1.346322,
rock,weathered,0.700,10,512,1.463154,-0.321834,0.378026,0.059637,2.590442,
rock,weathered,0.800,8,512,1.563883,-0.303676,0.561779,0.081208,1.204875,
rock,weathered,0.800,7,512,1.891698,-0.167970,0.621702,0.111633,1.333981,
rock,weathered,0.700,9,512,1.470654,-0.341286,0.472574,0.076512,2.737178,
rock,weathered,0.800,9,512,1.598082,-0.333976,0.594164,0.095224,1.379290,
rock,weathered,0.900,0,512,1.615045,-0.314716,0.701054,0.085233,1.201984,
rock,weathered,0.800,5,512,1.856354,-0.146653,0.698985,0.108655,2.004443,
rock,weathered,0.800,4,512,1.565776,-0.265380,0.684096,0.105832,2.642398,
rock,weathered,0.900,1,512,1.460364,-0.429186,0.357392,0.051110,1.457783,
rock,weathered,0.900,2,512,1.489346,-0.374288,0.417054,0.070048,1.317220,
rock,weathered,0.900,4,512,1.462173,-0.381180,0.579587,0.090121,1.209065,
rock,weathered,0.800,10,512,1.496764,-0.366136,0.437452,0.067897,2.341611,
rock,weathered,0.900,5,512,1.934792,-0.110103,0.664268,0.103332,1.357243,
rock,weathered,0.900,8,512,1.629317,-0.317078,0.576445,0.083435,1.216748,
rock,weathered,0.900,7,512,1.854625,-0.224192,0.515292,0.092660,1.349081,
rock,weathered,0.800,11,512,1.587555,-0.265369,0.609246,0.104509,2.606535,
rock,weathered,0.900,9,512,1.552035,-0.388226,0.411265,0.065942,1.465193,
rock,weathered,1.000,1,512,1.587413,-0.407237,0.149722,0.021764,1.197551,
rock,weathered,1.000,0,512,1.622514,-0.379572,0.616190,0.074871,1.332126,
rock,weathered,0.900,11,512,1.824459,-0.190283,0.719579,0.123273,1.447338,
rock,weathered,0.900,3,512,1.590995,-0.368367,0.502470,0.083631,2.585613,
rock,weathered,0.900,6,512,1.559754,-0.374720,0.465482,0.075326,2.544747,
rock,weathered,1.000,4,512,1.733616,-0.253300,0.697960,0.108028,1.182392,
rock,weathered,1.000,5,512,1.952443,-0.114979,0.606212,0.094304,1.332271,
rock,weathered,0.900,10,512,1.403826,-0.448875,0.279666,0.043734,2.537154,
rock,weathered,1.000,7,512,2.022888,-0.084291,0.653071,0.117413,1.381420,
rock,weathered,1.000,3,512,1.673692,-0.328353,0.487250,0.080985,1.870529,
rock,granite,0.000,1,512,1.448436,-0.003460,0.531607,0.134911,0.759882,
rock,weathered,1.000,8,512,1.691799,-0.330957,0.582077,0.084206,1.179467,
rock,granite,0.000,0,512,1.455024,-0.000093,0.526876,0.130637,0.923213,
rock,weathered,1.000,9,512,1.654175,-0.338652,0.581695,0.093622,1.274474,
rock,granite,0.000,2,512,1.438034,-0.005596,0.475524,0.136985,0.838126,
rock,weathered,1.000,2,512,1.551316,-0.437054,0.366497,0.061400,2.454405,
rock,weathered,1.000,10,512,1.645242,-0.353278,0.408116,0.062864,1.392061,
rock,weathered,1.000,11,512,1.814293,-0.207477,0.614826,0.105352,1.292101,
rock,granite,0.000,4,512,1.434430,-0.000521,0.465223,0.126717,0.925668,
rock,granite,0.000,6,512,1.474711,0.005875,0.474101,0.126239,0.783183,
rock,weathered,1.000,6,512,1.544480,-0.441081,0.535577,0.086469,2.680120,
rock,granite,0.000,7,512,1.495186,0.003555,0.519931,0.127403,0.794516,
rock,granite,0.000,9,512,1.431530,0.003753,0.472344,0.122668,0.842712,
rock,granite,0.000,10,512,1.443640,-0.002835,0.544516,0.124500,0.837607,
rock,granite,0.100,0,512,1.385715,-0.013781,0.485106,0.098504,0.793947,
rock,granite,0.100,1,512,1.379019,-0.012742,0.557911,0.104786,0.836033,
rock,granite,0.100,2,512,1.367299,-0.019597,0.456288,0.106905,0.789757,
rock,granite,0.100,3,512,1.410491,-0.009033,0.507128,0.104716,0.793283,
rock,granite,0.000,3,512,1.480335,0.006960,0.519220,0.136744,1.862755,
rock,granite,0.000,8,512,1.419341,0.000274,0.523202,0.112788,1.497417,
rock,granite,0.100,5,512,1.379472,-0.016854,0.502837,0.089607,0.804454,
rock,granite,0.000,5,512,1.448956,-0.001568,0.487091,0.124893,1.899275,
rock,granite,0.100,6,512,1.407578,-0.007144,0.523299,0.094674,0.797224,
rock,granite,0.100,7,512,1.434811,-0.012918,0.576776,0.092585,0.810990,
rock,granite,0.100,8,512,1.363734,-0.015474,0.508804,0.089355,0.800427,
rock,granite,0.100,9,512,1.359888,-0.019561,0.531674,0.091024,0.812715,
rock,granite,0.000,11,512,1.431061,-0.004633,0.527008,0.114294,1.862177,
rock,granite,0.100,10,512,1.393677,-0.012516,0.533445,0.095302,0.780162,
rock,granite,0.100,11,512,1.377905,-0.020634,0.474355,0.091897,0.795189,
rock,granite,0.200,2,512,1.237910,-0.049265,0.457703,0.060191,0.812728,
rock,granite,0.200,4,512,1.251637,-0.048378,0.531655,0.054371,0.791610,
rock,granite,0.100,4,512,1.378559,-0.015101,0.492492,0.091834,1.876691,
rock,granite,0.200,5,512,1.257890,-0.047102,0.580538,0.050419,0.832981,
rock,granite,0.200,6,512,1.273059,-0.032611,0.550637,0.054913,0.801377,
rock,granite,0.200,7,512,1.297812,-0.043261,0.580702,0.056261,0.807636,
rock,granite,0.200,9,512,1.234481,-0.048612,0.517028,0.051029,0.814381,
rock,granite,0.200,10,512,1.282183,-0.039936,0.510076,0.058160,0.820127,
rock,granite,0.200,11,512,1.270280,-0.047660,0.548574,0.056639,0.840601,
rock,granite,0.200,0,512,1.259388,-0.045236,0.576055,0.051059,1.882315,
rock,granite,0.200,1,512,1.250266,-0.040104,0.553409,0.067164,1.862762,
rock,granite,0.300,0,512,1.148757,-0.074647,0.549331,0.036883,0.852802,
rock,granite,0.200,3,512,1.283262,-0.038192,0.508105,0.064630,1.828392,
rock,granite,0.300,3,512,1.161994,-0.074410,0.478002,0.041449,0.835679,
rock,granite,0.300,2,512,1.124278,-0.085871,0.520376,0.033462,0.869064,
rock,granite,0.300,4,512,1.124493,-0.088507,0.601794,0.028989,0.859218,
rock,granite,0.300,5,512,1.149961,-0.087041,0.651483,0.024852,0.865833,
rock,granite,0.300,6,512,1.160209,-0.069138,0.625723,0.027745,0.901308,
rock,granite,0.200,8,512,1.248812,-0.043953,0.556222,0.055494,1.960107,
rock,granite,0.300,7,512,1.174597,-0.078536,0.608971,0.029764,0.938918,
rock,granite,0.300,1,512,1.125707,-0.079053,0.479900,0.040624,1.717390,
rock,granite,0.300,10,512,1.175938,-0.077005,0.510223,0.032835,0.933522,
rock,granite,0.300,8,512,1.150636,-0.075131,0.571480,0.031050,0.986563,
rock,granite,0.400,0,512,1.059880,-0.115474,0.609374,0.022036,0.950876,
rock,granite,0.400,1,512,1.014948,-0.126327,0.308066,0.019561,0.945864,
rock,granite,0.400,2,512,1.037894,-0.127137,0.497471,0.017063,0.964641,
rock,granite,0.400,3,512,1.072043,-0.118368,0.538110,0.026722,0.943126,
rock,granite,0.400,4,512,1.033871,-0.130040,0.615732,0.018966,0.922417,
rock,granite,0.300,9,512,1.127717,-0.085095,0.514964,0.025803,1.703677,
rock,granite,0.400,6,512,1.074864,-0.109713,0.572564,0.023525,0.954711,
rock,granite,0.300,11,512,1.167373,-0.085100,0.694035,0.026684,1.735255,
rock,granite,0.400,7,512,1.079669,-0.121678,0.635370,0.017705,0.888905,
rock,granite,0.400,8,512,1.063192,-0.121497,0.588017,0.017010,0.934040,
rock,granite,0.400,10,512,1.085069,-0.126516,0.502475,0.021261,0.906466,
rock,granite,0.400,11,512,1.079386,-0.117511,0.777759,0.012047,0.959562,
rock,granite,0.500,0,512,0.993125,-0.159988,0.652263,0.011417,0.892949,
rock,granite,0.500,1,512,0.943338,-0.184216,0.197649,0.008082,0.928632,
rock,granite,0.400,5,512,1.077648,-0.120373,0.710286,0.013046,1.726031,
rock,granite,0.500,2,512,0.983657,-0.161648,0.454907,0.010906,0.916077,
rock,granite,0.500,4,512,0.966210,-0.173967,0.624236,0.014637,0.946768,
rock,granite,0.400,9,512,1.043844,-0.130486,0.444043,0.017523,1.757978,
rock,granite,0.500,6,512,1.011839,-0.171134,0.602535,0.014267,0.958859,
rock,granite,0.500,7,512,1.014005,-0.179926,0.576533,0.009974,0.921341,
rock,granite,0.500,8,512,0.999889,-0.180020,0.550056,0.010973,0.933914,
rock,granite,0.500,9,512,0.988843,-0.177483,0.514891,0.010619,0.959935,
rock,granite,0.500,10,512,1.024730,-0.177681,0.462165,0.012376,0.961440,
rock,granite,0.500,11,512,1.013905,-0.162712,0.846719,0.005639,0.931466,
rock,granite,0.600,1,512,0.917931,-0.237495,0.224230,0.006521,0.920327,
rock,granite,0.500,3,512,0.999416,-0.174771,0.480855,0.015365,1.708173,
rock,granite,0.500,5,512,1.035188,-0.148414,0.742119,0.007637,1.777236,
rock,granite,0.600,2,512,0.965362,-0.190668,0.627315,0.006162,0.939174,
rock,granite,0.600,4,512,0.933835,-0.227707,0.600861,0.009658,0.924123,
rock,granite,0.600,5,512,1.023169,-0.185735,0.762073,0.006104,0.932781,
rock,granite,0.600,6,512,0.973361,-0.222091,0.736795,0.008187,0.907899,
rock,granite,0.600,7,512,0.984138,-0.231651,0.755922,0.005811,0.925475,
rock,granite,0.600,8,512,0.972196,-0.228279,0.664261,0.005292,0.928937,
rock,granite,0.600,0,512,0.961782,-0.207550,0.518047,0.010249,1.754535,
rock,granite,0.600,9,512,0.992230,-0.223281,0.488948,0.007824,0.931258,
rock,granite,0.600,10,512,0.977339,-0.226276,0.517631,0.010171,0.957787,
rock,granite,0.600,3,512,0.956954,-0.220750,0.502331,0.011197,1.681419,
rock,granite,0.700,2,512,0.963018,-0.220766,0.534006,0.005124,0.881270,
rock,granite,0.700,1,512,0.941105,-0.260540,0.203066,0.003917,0.930409,
rock,granite,0.700,3,512,0.957298,-0.273398,0.598087,0.007555,0.913742,
rock,granite,0.700,4,512,0.929904,-0.274128,0.567241,0.006356,0.888056,
rock,granite,0.700,5,512,1.045130,-0.208609,0.756419,0.004684,0.955187,
rock,granite,0.700,6,512,0.973830,-0.260648,0.544536,0.010048,0.911124,
rock,granite,0.700,8,512,0.985443,-0.278130,0.593480,0.005140,0.894152,
rock,granite,0.600,11,512,0.981920,-0.208600,0.767749,0.004519,1.719605,
rock,granite,0.700,9,512,0.996232,-0.262165,0.491484,0.006892,0.953693,
rock,granite,0.700,0,512,0.981134,-0.252674,0.515292,0.005114,1.770094,
rock,granite,0.800,0,512,0.996444,-0.334552,0.602705,0.004811,0.918401,
rock,granite,0.700,11,512,0.983969,-0.254421,0.778247,0.003690,0.954146,
rock,granite,0.800,1,512,0.996540,-0.261752,0.146197,0.003186,0.927066,
rock,granite,0.800,2,512,1.021223,-0.270944,0.649874,0.003356,0.939502,
rock,granite,0.800,3,512,0.975951,-0.338181,0.569158,0.008340,0.939243,
rock,granite,0.800,4,512,0.954194,-0.359304,0.546389,0.006731,0.936197,
rock,granite,0.700,7,512,0.998573,-0.275236,0.502415,0.004329,1.764585,
rock,granite,0.800,5,512,1.097521,-0.250241,0.819269,0.003134,0.911506,
rock,granite,0.700,10,512,0.976097,-0.283298,0.465821,0.007890,1.672695,
rock,granite,0.800,7,512,1.042486,-0.344889,0.587693,0.004263,0.925103,
rock,granite,0.800,9,512,1.031434,-0.326500,0.477293,0.007337,0.941472,
rock,granite,0.800,11,512,1.024245,-0.283954,0.836693,0.002390,0.926753,
rock,granite,0.900,0,512,1.045816,-0.377899,0.660495,0.003540,0.939407,
rock,granite,0.900,1,512,1.064059,-0.299928,0.141475,0.002908,0.920985,
rock,granite,0.900,2,512,1.078659,-0.342496,0.481106,0.003440,0.923036,
rock,granite,0.800,6,512,1.020549,-0.316328,0.641265,0.005974,1.658531,
rock,granite,0.900,4,512,1.004168,-0.402270,0.733498,0.004436,0.910802,
rock,granite,0.800,8,512,1.013282,-0.318945,0.577049,0.004414,1.662988,
rock,granite,0.900,6,512,1.067339,-0.381248,0.581467,0.006260,0.906179,
rock,granite,0.800,10,512,1.014377,-0.319886,0.355082,0.005046,1.720273,
rock,granite,0.900,7,512,1.118029,-0.366033,0.756367,0.002619,0.906611,
rock,granite,0.900,9,512,1.074025,-0.375447,0.431717,0.005314,0.899643,
rock,granite,0.900,8,512,1.054744,-0.372597,0.487243,0.004401,1.035794,
rock,granite,0.900,3,512,1.041202,-0.410810,0.398950,0.004225,1.705672,
rock,granite,0.900,10,512,1.057704,-0.389478,0.394637,0.004416,0.925626,
rock,granite,0.900,11,512,1.106062,-0.242693,0.941131,0.002054,0.938315,
rock,granite,1.000,1,512,1.126819,-0.373221,0.115882,0.002128,0.900459,
rock,granite,0.900,5,512,1.173245,-0.320305,0.854613,0.002772,1.698343,
rock,granite,1.000,3,512,1.109318,-0.494238,0.488313,0.004410,0.908077,
rock,granite,1.000,0,512,1.144093,-0.444360,0.463630,0.003998,1.371603,
rock,granite,1.000,5,512,1.251567,-0.360508,0.883259,0.002940,0.914037,
rock,granite,1.000,6,512,1.122051,-0.466809,0.524066,0.005654,0.854389,
rock,granite,1.000,9,512,1.147032,-0.482590,0.601251,0.004277,0.904685,
rock,granite,1.000,10,512,1.122275,-0.446206,0.368126,0.003801,0.900971,
rock,granite,1.000,11,512,1.189764,-0.274558,0.953955,0.001949,0.861181,
rock,granite,1.000,2,512,1.147371,-0.362090,0.755221,0.002439,1.684845,
rock,granite,1.000,4,512,1.063157,-0.488394,0.571110,0.004439,1.714530,
rock,vesicular,0.000,1,512,1.393376,-0.043700,0.515337,0.124376,1.068336,
rock,granite,1.000,8,512,1.183371,-0.386386,0.712719,0.003258,1.527413,
rock,vesicular,0.000,3,512,1.460951,-0.005695,0.498837,0.122621,1.081358,
rock,vesicular,0.000,4,512,1.377937,-0.030919,0.436524,0.111805,1.076757,
rock,granite,1.000,7,512,1.185826,-0.425808,0.726709,0.002286,1.862686,
rock,vesicular,0.000,2,512,1.400834,-0.023246,0.475508,0.128013,1.317042,
rock,vesicular,0.000,6,512,1.460148,-0.001284,0.492114,0.114594,1.080951,
rock,vesicular,0.000,7,512,1.454671,-0.028165,0.555256,0.107001,1.051369,
rock,vesicular,0.000,0,512,1.418755,-0.021376,0.515187,0.113983,1.994259,
rock,vesicular,0.000,10,512,1.425757,-0.026506,0.527944,0.112436,1.028933,
rock,vesicular,0.000,11,512,1.368102,-0.036819,0.427061,0.107954,1.133793,
rock,vesicular,0.100,0,512,1.352486,-0.046104,0.545324,0.078955,1.042174,
rock,vesicular,0.100,1,512,1.325878,-0.056871,0.511104,0.091106,1.153844,
rock,vesicular,0.000,5,512,1.410246,-0.034331,0.518291,0.109610,2.024400,
rock,vesicular,0.100,4,512,1.316138,-0.055941,0.518457,0.084459,1.045923,
rock,vesicular,0.100,3,512,1.380011,-0.023703,0.521413,0.090226,1.363072,
rock,vesicular,0.100,5,512,1.327957,-0.061524,0.542096,0.083175,1.140872,
rock,vesicular,0.000,9,512,1.350840,-0.102414,0.245573,0.059808,1.872623,
rock,vesicular,0.000,8,512,1.358714,-0.058633,0.297315,0.084825,2.253540,
rock,vesicular,0.100,6,512,1.384299,-0.018873,0.532449,0.083891,1.287240,
rock,vesicular,0.100,7,512,1.390632,-0.047335,0.577462,0.073107,1.069925,
rock,vesicular,0.100,8,512,1.318099,-0.029947,0.394090,0.087175,1.211465,
rock,vesicular,0.100,9,512,1.291058,-0.107470,0.301995,0.060196,1.042343,
rock,vesicular,0.100,2,512,1.324226,-0.044191,0.468201,0.096626,2.094671,
rock,vesicular,0.100,10,512,1.368941,-0.039968,0.517695,0.085324,1.187809,
rock,vesicular,0.200,0,512,1.297334,-0.070093,0.570548,0.053910,1.043560,
rock,vesicular,0.200,2,512,1.254420,-0.070176,0.499063,0.065354,1.178431,
rock,vesicular,0.200,3,512,1.304290,-0.048989,0.500661,0.061881,1.301536,
rock,vesicular,0.200,1,512,1.261631,-0.077078,0.506971,0.067556,1.333201,
rock,vesicular,0.200,6,512,1.315665,-0.044895,0.531883,0.057389,1.035927,
rock,vesicular,0.200,8,512,1.289107,-0.036385,0.501257,0.081056,1.049187,
rock,vesicular,0.200,7,512,1.330749,-0.071009,0.590514,0.049744,1.133812,
rock,vesicular,0.200,5,512,1.255755,-0.110749,0.575546,0.055395,1.470863,
rock,vesicular,0.100,11,512,1.313137,-0.058643,0.481001,0.086823,2.145682,
rock,vesicular,0.200,11,512,1.259672,-0.092180,0.558380,0.063004,1.049807,
rock,vesicular,0.200,10,512,1.318705,-0.064290,0.500661,0.060793,1.130018,
rock,vesicular,0.200,4,512,1.261494,-0.086042,0.553302,0.057423,2.158462,
rock,vesicular,0.300,0,512,1.256865,-0.093508,0.593495,0.037006,1.158139,
rock,vesicular,0.300,3,512,1.236481,-0.079544,0.485560,0.042872,1.009815,
rock,vesicular,0.300,2,512,1.195588,-0.100849,0.529128,0.042622,1.287819,
rock,vesicular,0.300,4,512,1.213203,-0.115953,0.584228,0.039169,1.032953,
rock,vesicular,0.300,5,512,1.234746,-0.152241,0.589775,0.039861,1.127829,
rock,vesicular,0.300,6,512,1.254682,-0.076378,0.532427,0.040158,1.190189,
rock,vesicular,0.200,9,512,1.248614,-0.109881,0.365609,0.062438,2.333167,
rock,vesicular,0.300,8,512,1.270758,-0.076429,0.564662,0.063921,1.060590,
rock,vesicular,0.300,1,512,1.202910,-0.103287,0.486829,0.049452,1.783093,
rock,vesicular,0.300,9,512,1.226809,-0.106637,0.430078,0.065044,1.168753,
rock,vesicular,0.300,11,512,1.227637,-0.132214,0.617397,0.041031,1.164967,
rock,vesicular,0.400,0,512,1.230561,-0.118978,0.615369,0.025892,1.203120,
rock,vesicular,0.300,7,512,1.279669,-0.095453,0.603049,0.034507,1.765853,
rock,vesicular,0.400,2,512,1.145696,-0.135079,0.559322,0.028395,1.036207,
rock,vesicular,0.400,3,512,1.178284,-0.115619,0.474831,0.030284,1.078505,
rock,vesicular,0.400,6,512,1.201799,-0.113031,0.533684,0.028924,1.062720,
rock,vesicular,0.400,4,512,1.172612,-0.147468,0.608050,0.027010,1.356800,
rock,vesicular,0.400,8,512,1.257836,-0.126330,0.593843,0.046113,1.162132,
rock,vesicular,0.300,10,512,1.272164,-0.093927,0.490603,0.044018,2.177970,
rock,vesicular,0.400,9,512,1.217801,-0.100600,0.499445,0.067250,1.140480,
rock,vesicular,0.400,1,512,1.153180,-0.135493,0.462787,0.036745,2.128746,
rock,vesicular,0.500,0,512,1.210108,-0.142773,0.636253,0.018634,1.067959,
rock,vesicular,0.400,5,512,1.235638,-0.187912,0.601465,0.030357,1.865336,
rock,vesicular,0.500,1,512,1.110124,-0.170744,0.445548,0.027113,1.078238,
rock,vesicular,0.400,10,512,1.231333,-0.130334,0.494797,0.032078,1.588704,
rock,vesicular,0.400,7,512,1.236631,-0.123272,0.615303,0.024583,2.180358,
rock,vesicular,0.500,2,512,1.107594,-0.173029,0.589333,0.019472,1.311685,
rock,vesicular,0.500,4,512,1.139703,-0.182305,0.629391,0.019141,1.131463,
rock,vesicular,0.500,3,512,1.133565,-0.157792,0.464707,0.022074,1.272429,
rock,vesicular,0.500,6,512,1.159392,-0.153975,0.535387,0.021556,1.086082,
rock,vesicular,0.500,8,512,1.243164,-0.170256,0.605192,0.032675,1.090825,
rock,vesicular,0.400,11,512,1.204006,-0.161683,0.670973,0.027735,2.229196,
rock,vesicular,0.500,10,512,1.198342,-0.171829,0.480547,0.023276,1.080914,
rock,vesicular,0.500,7,512,1.202948,-0.154416,0.627341,0.018095,1.352483,
rock,vesicular,0.500,9,512,1.214077,-0.094009,0.492182,0.056148,1.486054,
rock,vesicular,0.500,11,512,1.196165,-0.183040,0.719117,0.019692,1.300385,
rock,vesicular,0.600,2,512,1.081996,-0.213293,0.618919,0.013841,1.079935,
rock,vesicular,0.500,5,512,1.233363,-0.231535,0.615869,0.022831,2.181837,
rock,vesicular,0.600,3,512,1.100265,-0.206621,0.454998,0.016666,1.216231,
rock,vesicular,0.600,4,512,1.118203,-0.222794,0.649153,0.014013,1.173816,
rock,vesicular,0.600,5,512,1.223935,-0.274363,0.629062,0.016889,1.128796,
rock,vesicular,0.600,8,512,1.234784,-0.206130,0.615194,0.023654,1.119001,
rock,vesicular,0.600,10,512,1.172258,-0.218435,0.456321,0.017101,1.118313,
rock,vesicular,0.600,7,512,1.180961,-0.191318,0.625579,0.012993,1.533513,
rock,vesicular,0.600,0,512,1.196242,-0.170433,0.656196,0.013888,2.463569,
rock,vesicular,0.600,11,512,1.199570,-0.199052,0.762000,0.014659,1.156520,
rock,vesicular,0.600,1,512,1.077518,-0.214323,0.381171,0.015367,2.458070,
rock,vesicular,0.700,1,512,1.059852,-0.257257,0.328660,0.009170,1.109526,
rock,vesicular,0.600,9,512,1.212606,-0.091875,0.479107,0.040248,1.558780,
rock,vesicular,0.700,2,512,1.073730,-0.254881,0.639280,0.010113,1.202329,
rock,vesicular,0.700,3,512,1.078533,-0.258447,0.445568,0.013069,1.164549,
rock,vesicular,0.600,6,512,1.128156,-0.198716,0.537367,0.016693,2.514779,
rock,vesicular,0.700,5,512,1.220007,-0.309407,0.635955,0.012748,1.117859,
rock,vesicular,0.700,4,512,1.104464,-0.265349,0.667880,0.010644,1.473353,
rock,vesicular,0.700,8,512,1.231046,-0.238017,0.624081,0.017595,1.139209,
rock,vesicular,0.700,0,512,1.188406,-0.202645,0.675232,0.010766,2.370888,
rock,vesicular,0.700,10,512,1.154912,-0.269670,0.432437,0.012991,1.137249,
rock,vesicular,0.800,1,512,1.056055,-0.298656,0.285665,0.005839,1.131201,
rock,vesicular,0.800,0,512,1.190338,-0.246429,0.693389,0.008696,1.210490,
rock,vesicular,0.700,6,512,1.109720,-0.247883,0.539522,0.013472,1.700646,
rock,vesicular,0.700,7,512,1.172964,-0.233127,0.646655,0.009041,1.991645,
rock,vesicular,0.700,9,512,1.213957,-0.107510,0.468498,0.027202,1.927470,
rock,vesicular,0.700,11,512,1.206998,-0.211334,0.799829,0.011267,1.905879,
rock,vesicular,0.800,3,512,1.071238,-0.312011,0.460747,0.010217,1.151804,
rock,vesicular,0.800,5,512,1.221986,-0.338742,0.644571,0.009878,1.171092,
rock,vesicular,0.800,2,512,1.080280,-0.297386,0.647601,0.007608,1.736251,
rock,vesicular,0.800,7,512,1.180257,-0.276410,0.667241,0.006668,1.132552,
rock,vesicular,0.800,8,512,1.234985,-0.273400,0.632176,0.013470,1.176800,
rock,vesicular,0.800,9,512,1.211962,-0.146838,0.459885,0.017988,1.220514,
rock,vesicular,0.800,4,512,1.095692,-0.305551,0.685861,0.008442,1.862340,
rock,vesicular,0.800,6,512,1.102774,-0.299954,0.536570,0.011232,1.832720,
rock,vesicular,0.900,2,512,1.095262,-0.339979,0.652529,0.005982,1.167243,
rock,vesicular,0.800,10,512,1.146230,-0.326009,0.408985,0.010201,1.738796,
rock,vesicular,0.900,1,512,1.065090,-0.340939,0.250329,0.004030,1.379053,
rock,vesicular,0.900,3,512,1.078421,-0.363140,0.480868,0.008096,1.156975,
rock,vesicular,0.900,5,512,1.233195,-0.361925,0.664201,0.007895,1.130321,
rock,vesicular,0.900,0,512,1.199673,-0.296518,0.710693,0.007300,1.573298,
rock,vesicular,0.900,7,512,1.197776,-0.318523,0.687292,0.005197,1.148824,
rock,vesicular,0.900,6,512,1.107798,-0.354765,0.543314,0.008959,1.204577,
rock,vesicular,0.800,11,512,1.216416,-0.227567,0.832851,0.008787,1.979822,
rock,vesicular,0.900,4,512,1.097068,-0.348658,0.703239,0.007011,1.969703,
rock,vesicular,0.900,10,512,1.149433,-0.386022,0.386043,0.008266,1.183452,
rock,vesicular,1.000,0,512,1.215736,-0.350580,0.727167,0.006335,1.158740,
rock,vesicular,1.000,1,512,1.086701,-0.383259,0.221154,0.003052,1.175325,
rock,vesicular,0.900,9,512,1.206287,-0.208082,0.452339,0.012052,1.552912,
rock,vesicular,1.000,2,512,1.121571,-0.382649,0.653096,0.004895,1.193469,
rock,vesicular,0.900,11,512,1.228112,-0.242224,0.855001,0.006867,1.399219,
rock,vesicular,1.000,3,512,1.097713,-0.414126,0.472479,0.006319,1.196163,
rock,vesicular,0.900,8,512,1.249273,-0.318812,0.639726,0.010598,2.074689,
rock,vesicular,1.000,4,512,1.110589,-0.395006,0.720073,0.006062,1.220348,
rock,vesicular,1.000,5,512,1.252777,-0.384196,0.691023,0.006570,1.268460,
rock,vesicular,1.000,8,512,1.270917,-0.367997,0.646898,0.008561,1.179150,
rock,vesicular,1.000,9,512,1.203539,-0.288288,0.445249,0.008404,1.142756,
rock,vesicular,1.000,7,512,1.224086,-0.363431,0.706758,0.004233,1.382988,
rock,vesicular,1.000,11,512,1.247590,-0.256020,0.872658,0.005433,1.162389,
rock,vesicular,1.000,10,512,1.161926,-0.449165,0.369301,0.006847,1.165389,
rock,vesicular,1.000,6,512,1.126497,-0.412674,0.551455,0.007397,1.958672,
rock,turbulent,0.000,2,512,1.311515,-0.006464,0.473040,0.122222,1.678394,
rock,turbulent,0.000,0,512,1.326383,-0.002757,0.508419,0.112460,1.969551,
rock,turbulent,0.000,4,512,1.307654,-0.001752,0.448094,0.109970,1.700325,
rock,turbulent,0.000,5,512,1.319362,-0.002884,0.490174,0.110061,1.880917,
rock,turbulent,0.000,6,512,1.347013,0.005266,0.522829,0.109855,1.618889,
rock,turbulent,0.000,7,512,1.372269,0.002780,0.520359,0.114077,1.622705,
rock,turbulent,0.000,1,512,1.322090,-0.005001,0.536622,0.112886,2.649348,
rock,turbulent,0.000,10,512,1.316545,-0.005019,0.547850,0.109902,1.622476,
rock,turbulent,0.000,9,512,1.302558,0.000118,0.483572,0.109403,1.626475,
rock,turbulent,0.000,3,512,1.351890,0.006336,0.506611,0.122205,2.683893,
rock,turbulent,0.000,8,512,1.295256,-0.002435,0.496920,0.102493,1.901037,
rock,turbulent,0.100,0,512,1.369858,-0.009796,0.509967,0.102312,1.681770,
rock,turbulent,0.100,1,512,1.365122,-0.019209,0.552019,0.096894,1.777174,
rock,turbulent,0.100,2,512,1.367592,-0.020509,0.470604,0.096362,1.731484,
rock,turbulent,0.000,11,512,1.303520,-0.005923,0.493170,0.101871,2.691963,
rock,turbulent,0.100,3,512,1.411225,-0.014109,0.510645,0.098797,1.789973,
rock,turbulent,0.100,4,512,1.365711,-0.021945,0.487960,0.090251,1.668195,
rock,turbulent,0.100,5,512,1.369185,-0.017629,0.499025,0.084064,1.649685,
rock,turbulent,0.100,8,512,1.352155,-0.023328,0.530288,0.080696,1.628280,
rock,turbulent,0.100,7,512,1.404839,-0.014674,0.563063,0.090623,2.241965,
rock,turbulent,0.100,6,512,1.377632,-0.010999,0.506227,0.088527,2.281479,
rock,turbulent,0.100,9,512,1.347840,-0.021364,0.548511,0.086976,2.154122,
rock,turbulent,0.100,11,512,1.384559,-0.026435,0.441072,0.091316,1.604440,
rock,turbulent,0.200,0,512,1.287179,-0.029189,0.556979,0.070094,1.629220,
rock,turbulent,0.100,10,512,1.394351,-0.014992,0.492915,0.086663,2.539439,
rock,turbulent,0.200,2,512,1.294821,-0.048137,0.497612,0.061660,1.797171,
rock,turbulent,0.200,3,512,1.332887,-0.043165,0.441677,0.063206,1.642733,
rock,turbulent,0.200,4,512,1.303588,-0.037638,0.582454,0.054348,1.619444,
rock,turbulent,0.200,6,512,1.283813,-0.037495,0.514279,0.062264,1.604078,
rock,turbulent,0.200,5,512,1.314461,-0.041344,0.544699,0.055163,1.813627,
rock,turbulent,0.200,8,512,1.281763,-0.041613,0.532290,0.064781,1.675671,
rock,turbulent,0.200,10,512,1.332504,-0.037011,0.484725,0.061336,1.646966,
rock,turbulent,0.200,1,512,1.293183,-0.052147,0.520817,0.068154,2.884666,
rock,turbulent,0.200,11,512,1.292811,-0.050959,0.480570,0.062326,1.652433,
rock,turbulent,0.200,7,512,1.322688,-0.048110,0.619458,0.060609,2.185740,
rock,turbulent,0.300,2,512,1.200004,-0.092167,0.528310,0.041705,1.611564,
rock,turbulent,0.300,3,512,1.246105,-0.084288,0.418735,0.038452,1.628086,
rock,turbulent,0.300,1,512,1.234912,-0.078066,0.472395,0.047342,1.759895,
rock,turbulent,0.300,4,512,1.271211,-0.077747,0.526015,0.042184,1.593519,
rock,turbulent,0.200,9,512,1.283135,-0.054646,0.552289,0.054878,2.972576,
rock,turbulent,0.300,6,512,1.204200,-0.068492,0.532940,0.042131,1.583545,
rock,turbulent,0.300,7,512,1.246630,-0.086272,0.575279,0.046255,1.614152,
rock,turbulent,0.300,0,512,1.228872,-0.068306,0.477891,0.042638,2.949918,
rock,turbulent,0.300,9,512,1.231805,-0.074171,0.524476,0.043566,1.614076,
rock,turbulent,0.300,10,512,1.251974,-0.088649,0.524834,0.039537,1.713893,
rock,turbulent,0.300,5,512,1.276823,-0.062198,0.546946,0.032272,2.874841,
rock,turbulent,0.300,11,512,1.226154,-0.082697,0.615963,0.035390,1.595046,
rock,turbulent,0.400,0,512,1.204441,-0.108744,0.539106,0.037893,1.605522,
rock,turbulent,0.400,2,512,1.164233,-0.128061,0.511834,0.024612,1.585622,
rock,turbulent,0.400,1,512,1.168373,-0.122379,0.421657,0.034336,1.719354,
rock,turbulent,0.300,8,512,1.232831,-0.076118,0.612696,0.043861,2.971942,
rock,turbulent,0.400,4,512,1.222335,-0.123499,0.617308,0.031454,1.590115,
rock,turbulent,0.400,5,512,1.250982,-0.103928,0.684135,0.020466,1.615903,
rock,turbulent,0.400,7,512,1.164595,-0.142490,0.564685,0.036960,1.670318,
rock,turbulent,0.400,10,512,1.209744,-0.134489,0.468105,0.027487,1.562850,
rock,turbulent,0.400,8,512,1.193988,-0.128096,0.481883,0.028189,1.746417,
rock,turbulent,0.400,3,512,1.179963,-0.126929,0.480060,0.029773,2.713643,
rock,turbulent,0.500,0,512,1.156822,-0.145509,0.536712,0.027205,1.601796,
rock,turbulent,0.400,11,512,1.171475,-0.127579,0.564399,0.028253,1.700604,
rock,turbulent,0.500,1,512,1.153391,-0.159908,0.258256,0.017015,1.788567,
rock,turbulent,0.400,6,512,1.157399,-0.120051,0.618271,0.025688,2.755326,
rock,turbulent,0.500,3,512,1.159013,-0.175658,0.439551,0.020448,1.599846,
rock,turbulent,0.500,4,512,1.197783,-0.163783,0.642924,0.018745,1.622080,
rock,turbulent,0.400,9,512,1.181942,-0.118390,0.567571,0.028146,2.672816,
rock,turbulent,0.500,5,512,1.186619,-0.160216,0.684757,0.016027,1.602766,
rock,turbulent,0.500,2,512,1.140391,-0.190877,0.438995,0.020725,2.430015,
rock,turbulent,0.500,6,512,1.170134,-0.144740,0.553197,0.020845,1.662295,
rock,turbulent,0.500,9,512,1.190978,-0.162045,0.617148,0.016185,1.621783,
rock,turbulent,0.500,10,512,1.184301,-0.168508,0.502922,0.021839,1.638361,
rock,turbulent,0.500,7,512,1.179948,-0.183769,0.720509,0.015167,1.810107,
rock,turbulent,0.500,8,512,1.205294,-0.180851,0.524681,0.017238,1.740015,
rock,turbulent,0.600,1,512,1.155161,-0.207242,0.196054,0.012320,1.666148,
rock,turbulent,0.600,2,512,1.154472,-0.224892,0.557004,0.010481,1.657976,
rock,turbulent,0.500,11,512,1.178264,-0.172704,0.515459,0.019986,2.313396,
rock,turbulent,0.600,4,512,1.155860,-0.210857,0.755748,0.010038,1.629258,
rock,turbulent,0.600,0,512,1.181745,-0.225811,0.570965,0.018013,2.343501,
rock,turbulent,0.600,6,512,1.161750,-0.195983,0.534888,0.019269,1.652672,
rock,turbulent,0.600,5,512,1.188874,-0.194072,0.786041,0.006915,1.763754,
rock,turbulent,0.600,7,512,1.219027,-0.199201,0.769339,0.010482,1.655701,
rock,turbulent,0.600,8,512,1.192038,-0.201574,0.455754,0.013109,1.664298,
rock,turbulent,0.600,3,512,1.169896,-0.227845,0.484905,0.016935,2.462559,
rock,turbulent,0.600,9,512,1.212194,-0.203919,0.591724,0.013637,1.783465,
rock,turbulent,0.600,10,512,1.169584,-0.227720,0.540233,0.015748,1.798430,
rock,turbulent,0.600,11,512,1.195274,-0.207322,0.392548,0.013784,1.621824,
rock,turbulent,0.700,0,512,1.225814,-0.247241,0.593667,0.015510,1.629788,
rock,turbulent,0.700,2,512,1.159023,-0.275048,0.433893,0.011664,1.629519,
rock,turbulent,0.700,1,512,1.145985,-0.285625,0.257573,0.008976,2.263332,
rock,turbulent,0.700,4,512,1.151712,-0.279868,0.586286,0.015112,1.656914,
rock,turbulent,0.700,6,512,1.136771,-0.283435,0.581268,0.014508,1.637881,
rock,turbulent,0.700,5,512,1.180104,-0.237406,0.790160,0.007101,1.742071,
rock,turbulent,0.700,3,512,1.180298,-0.283792,0.438420,0.012010,2.215588,
rock,turbulent,0.700,7,512,1.208228,-0.323740,0.473629,0.011947,1.726682,
rock,turbulent,0.700,9,512,1.232115,-0.262954,0.563774,0.012359,1.714431,
rock,turbulent,0.700,10,512,1.184918,-0.295064,0.678197,0.012425,1.694463,
rock,turbulent,0.700,8,512,1.189915,-0.202071,0.399603,0.010810,2.034830,
rock,turbulent,0.700,11,512,1.152261,-0.238655,0.685978,0.009204,1.686991,
rock,turbulent,0.800,0,512,1.205394,-0.288697,0.839902,0.007036,1.637072,
rock,turbulent,0.800,1,512,1.205701,-0.340568,0.349106,0.007957,1.686543,
rock,turbulent,0.800,3,512,1.230871,-0.325053,0.355520,0.010098,1.653922,
rock,turbulent,0.800,4,512,1.169839,-0.287032,0.673272,0.010154,1.607240,
rock,turbulent,0.800,5,512,1.155628,-0.305887,0.593668,0.006881,1.683309,
rock,turbulent,0.800,2,512,1.197090,-0.318826,0.381570,0.008379,1.979569,
rock,turbulent,0.800,9,512,1.257913,-0.326671,0.485480,0.011481,1.604930,
rock,turbulent,0.800,7,512,1.285471,-0.329239,0.580207,0.007384,1.811978,
rock,turbulent,0.800,6,512,1.198647,-0.319761,0.516803,0.012803,1.843982,
rock,turbulent,0.800,8,512,1.157743,-0.328820,0.330717,0.009917,1.854096,
rock,turbulent,0.800,10,512,1.199260,-0.350740,0.498228,0.012207,1.798770,
rock,turbulent,0.800,11,512,1.123436,-0.272629,0.800554,0.004293,1.644195,
rock,turbulent,0.900,0,512,1.259322,-0.350255,0.590797,0.010376,1.642194,
rock,turbulent,0.900,1,512,1.264378,-0.381790,0.126036,0.004670,1.632959,
rock,turbulent,0.900,2,512,1.230585,-0.348594,0.574538,0.005205,1.632769,
rock,turbulent,0.900,3,512,1.210004,-0.382682,0.667715,0.010736,1.632498,
rock,turbulent,0.900,4,512,1.168638,-0.356484,0.652212,0.007923,1.611144,
rock,turbulent,0.900,9,512,1.332528,-0.371778,0.575599,0.009067,1.753504,
rock,turbulent,0.900,5,512,1.174022,-0.374831,0.854566,0.003961,2.017488,
rock,turbulent,0.900,6,512,1.291340,-0.379269,0.543876,0.009843,2.018523,
rock,turbulent,0.900,7,512,1.342450,-0.344960,0.697645,0.004699,2.017018,
rock,turbulent,0.900,11,512,1.151725,-0.324104,0.563226,0.011482,1.602289,
rock,turbulent,0.900,8,512,1.155246,-0.362827,0.687965,0.005176,2.068749,
rock,turbulent,1.000,0,512,1.264385,-0.444364,0.352790,0.007279,1.588981,
rock,turbulent,1.000,1,512,1.298890,-0.479229,0.178979,0.004746,1.576174,
rock,turbulent,0.900,10,512,1.185872,-0.406781,0.449174,0.009523,2.251386,
rock,turbulent,1.000,2,512,1.282262,-0.372447,0.307357,0.005324,1.561271,
rock,turbulent,1.000,3,512,1.322537,-0.415227,0.607738,0.007453,1.594473,
rock,turbulent,1.000,4,512,1.192437,-0.388677,0.830416,0.005853,1.602623,
rock,turbulent,1.000,5,512,1.273284,-0.396051,0.890941,0.003852,1.550085,
rock,schist,0.000,0,512,1.490782,0.002951,0.518926,0.129525,1.072155,
rock,turbulent,1.000,9,512,1.348178,-0.325509,0.281720,0.005518,1.590486,
rock,schist,0.000,1,512,1.476512,-0.010166,0.506096,0.139326,1.220412,
rock,schist,0.000,2,512,1.484924,-0.011877,0.464977,0.146911,1.083060,
rock,schist,0.000,3,512,1.492840,-0.001010,0.423531,0.121960,1.089182,
rock,schist,0.000,4,512,1.497323,-0.011514,0.469858,0.130744,1.098469,
rock,turbulent,1.000,6,512,1.362685,-0.421342,0.486129,0.008032,2.161110,
rock,turbulent,1.000,7,512,1.404587,-0.290599,0.605144,0.005498,2.190688,
rock,turbulent,1.000,11,512,1.231621,-0.400752,0.648575,0.003668,2.060741,
rock,turbulent,1.000,8,512,1.292655,-0.388736,0.367473,0.005400,2.226325,
rock,turbulent,1.000,10,512,1.265608,-0.443405,0.578241,0.006429,2.144592,
rock,schist,0.000,5,512,1.479784,0.000859,0.502890,0.124253,1.102516,
rock,schist,0.000,6,512,1.503322,-0.005560,0.430840,0.119779,1.118390,
rock,schist,0.000,7,512,1.477689,-0.010411,0.537224,0.117165,1.104320,
rock,schist,0.000,8,512,1.464821,-0.010067,0.516409,0.108530,1.086993,
rock,schist,0.000,9,512,1.493987,-0.014520,0.477591,0.124514,1.138665,
rock,schist,0.000,10,512,1.490662,-0.008712,0.542900,0.123163,1.127219,
rock,schist,0.000,11,512,1.469727,-0.009974,0.489289,0.109975,1.101489,
rock,schist,0.100,0,512,1.404645,-0.019115,0.540541,0.098335,1.263883,
rock,schist,0.100,4,512,1.427194,-0.022193,0.478888,0.098835,1.255176,
rock,schist,0.100,2,512,1.397671,-0.034381,0.450989,0.107026,1.357016,
rock,schist,0.100,1,512,1.397506,-0.025523,0.516398,0.109344,1.434974,
rock,schist,0.100,3,512,1.413769,-0.025109,0.453787,0.093793,1.352265,
rock,schist,0.100,5,512,1.414235,-0.020960,0.524011,0.090569,1.072156,
rock,schist,0.100,6,512,1.422595,-0.020624,0.391437,0.082943,1.105841,
rock,schist,0.100,7,512,1.407796,-0.028881,0.552283,0.091663,1.096310,
rock,schist,0.100,8,512,1.400126,-0.011259,0.509980,0.084509,1.098481,
rock,schist,0.100,10,512,1.416490,-0.023502,0.519244,0.095954,1.159978,
rock,schist,0.100,11,512,1.395075,-0.018859,0.501798,0.092378,1.106667,
rock,schist,0.100,9,512,1.410860,-0.033569,0.551306,0.094526,1.442479,
rock,schist,0.200,1,512,1.317340,-0.049287,0.525112,0.079704,1.122682,
rock,schist,0.200,0,512,1.325864,-0.058301,0.483351,0.066542,1.322608,
rock,schist,0.200,5,512,1.353786,-0.050360,0.513729,0.059825,1.105761,
rock,schist,0.200,6,512,1.350651,-0.048669,0.397584,0.060326,1.128640,
rock,schist,0.200,7,512,1.342430,-0.055262,0.565575,0.071361,1.091277,
rock,schist,0.200,2,512,1.319566,-0.063481,0.452707,0.077983,1.398855,
rock,schist,0.200,4,512,1.361398,-0.043765,0.510098,0.060802,1.383491,
rock,schist,0.200,3,512,1.340410,-0.055069,0.434414,0.062775,1.419901,
rock,schist,0.200,8,512,1.333426,-0.026085,0.535854,0.058277,1.132723,
rock,schist,0.200,9,512,1.332294,-0.062342,0.502570,0.058507,1.126392,
rock,schist,0.200,10,512,1.338237,-0.043556,0.457178,0.066604,1.141415,
rock,schist,0.300,0,512,1.262517,-0.105688,0.477813,0.044658,1.134631,
rock,schist,0.300,2,512,1.253109,-0.103884,0.464624,0.058911,1.100225,
rock,schist,0.200,11,512,1.325489,-0.042782,0.495974,0.075478,1.425559,
rock,schist,0.300,3,512,1.268068,-0.093685,0.461671,0.044491,1.135275,
rock,schist,0.300,4,512,1.298539,-0.077163,0.535237,0.035845,1.129756,
rock,schist,0.300,1,512,1.240111,-0.086081,0.483426,0.059690,1.388717,
rock,schist,0.300,5,512,1.300796,-0.081632,0.520222,0.035545,1.300425,
rock,schist,0.300,8,512,1.280182,-0.051921,0.525487,0.044900,1.105799,
rock,schist,0.300,6,512,1.281484,-0.103420,0.460747,0.042946,1.391489,
rock,schist,0.300,7,512,1.274868,-0.085990,0.543796,0.050424,1.464446,
rock,schist,0.300,9,512,1.268280,-0.090506,0.523626,0.044846,1.125859,
rock,schist,0.300,10,512,1.270323,-0.076788,0.452176,0.046983,1.123975,
rock,schist,0.300,11,512,1.256629,-0.072744,0.514456,0.042406,1.158866,
rock,schist,0.400,0,512,1.233754,-0.130595,0.497889,0.031149,1.104553,
rock,schist,0.400,3,512,1.216306,-0.123888,0.465908,0.032888,1.109556,
rock,schist,0.400,2,512,1.210545,-0.151653,0.448123,0.044781,1.129073,
rock,schist,0.400,1,512,1.177353,-0.131903,0.479785,0.046083,1.320259,
rock,schist,0.400,6,512,1.228108,-0.153001,0.441914,0.034362,1.140450,
rock,schist,0.400,4,512,1.243721,-0.104943,0.530958,0.029214,1.357164,
rock,schist,0.400,5,512,1.273252,-0.104453,0.521571,0.024424,1.378554,
rock,schist,0.400,7,512,1.221637,-0.131687,0.524367,0.033504,1.257786,
rock,schist,0.400,9,512,1.247066,-0.123385,0.488615,0.025169,1.140075,
rock,schist,0.400,10,512,1.209119,-0.106685,0.465921,0.035147,1.148309,
rock,schist,0.400,8,512,1.247346,-0.086435,0.539595,0.028896,1.430107,
rock,schist,0.400,11,512,1.197975,-0.110097,0.528819,0.032277,1.114873,
rock,schist,0.500,0,512,1.226372,-0.169161,0.525706,0.023972,1.120319,
rock,schist,0.500,1,512,1.163430,-0.200282,0.486806,0.034361,1.110689,
rock,schist,0.500,2,512,1.201012,-0.206312,0.479367,0.032052,1.110171,
rock,schist,0.500,4,512,1.213446,-0.115856,0.558444,0.018780,1.120241,
rock,schist,0.500,3,512,1.192705,-0.145978,0.470817,0.026768,1.460788,
rock,schist,0.500,8,512,1.230657,-0.105972,0.511339,0.024074,1.097107,
rock,schist,0.500,9,512,1.227688,-0.153087,0.495022,0.021867,1.125619,
rock,schist,0.500,7,512,1.207227,-0.205377,0.528642,0.021776,1.278512,
rock,schist,0.500,5,512,1.252444,-0.115809,0.520951,0.018983,1.543629,
rock,schist,0.500,6,512,1.227124,-0.188048,0.450432,0.027724,1.518592,
rock,schist,0.500,11,512,1.167317,-0.145696,0.508762,0.023217,1.133040,
rock,schist,0.600,0,512,1.255423,-0.195812,0.554071,0.020331,1.102426,
rock,schist,0.600,1,512,1.204808,-0.262748,0.371455,0.025748,1.116732,
rock,schist,0.600,2,512,1.211106,-0.238648,0.484303,0.029301,1.130770,
rock,schist,0.500,10,512,1.179662,-0.135991,0.431288,0.027466,1.553369,
rock,schist,0.600,3,512,1.152873,-0.183073,0.514212,0.025421,1.117953,
rock,schist,0.600,5,512,1.238882,-0.114831,0.537924,0.017857,1.120704,
rock,schist,0.600,6,512,1.237403,-0.215456,0.422587,0.028348,1.123699,
rock,schist,0.600,7,512,1.207034,-0.254525,0.509015,0.019555,1.296953,
rock,schist,0.600,4,512,1.216193,-0.119959,0.533183,0.017164,1.540901,
rock,schist,0.600,11,512,1.159020,-0.167410,0.512501,0.017149,1.119835,
rock,schist,0.700,1,512,1.266283,-0.319231,0.319949,0.026005,1.011682,
rock,schist,0.700,0,512,1.308407,-0.216832,0.461164,0.022523,1.066298,
rock,schist,0.600,8,512,1.236296,-0.116985,0.525484,0.017807,1.588587,
rock,schist,0.600,10,512,1.171606,-0.162550,0.455948,0.018997,1.421159,
rock,schist,0.700,3,512,1.170668,-0.215303,0.450180,0.026195,1.068514,
rock,schist,0.600,9,512,1.237638,-0.177882,0.461523,0.022603,1.575115,
rock,schist,0.700,4,512,1.171709,-0.167685,0.548974,0.020988,0.975685,
rock,schist,0.700,5,512,1.255666,-0.119260,0.541029,0.019439,0.969027,
rock,schist,0.700,2,512,1.297945,-0.265687,0.432006,0.030829,1.732997,
rock,schist,0.700,8,512,1.250404,-0.125074,0.558081,0.016383,1.060071,
rock,schist,0.700,9,512,1.251173,-0.237844,0.522939,0.020330,1.011789,
rock,schist,0.700,10,512,1.169037,-0.224232,0.462874,0.016833,1.063062,
rock,schist,0.800,1,512,1.390374,-0.468625,0.395350,0.029808,1.077994,
rock,schist,0.800,3,512,1.301317,-0.329428,0.440318,0.028573,0.985641,
rock,schist,0.800,4,512,1.241952,-0.209235,0.547478,0.020471,0.954509,
rock,schist,0.700,6,512,1.276815,-0.238419,0.448749,0.027882,1.749181,
rock,schist,0.700,7,512,1.236032,-0.295162,0.513502,0.016029,1.887706,
rock,schist,0.700,11,512,1.174405,-0.183804,0.540787,0.012762,1.658228,
rock,schist,0.800,2,512,1.423307,-0.390650,0.492198,0.031422,1.553348,
rock,schist,0.800,6,512,1.375736,-0.293914,0.476182,0.030523,1.020065,
rock,schist,0.800,7,512,1.389093,-0.314317,0.577647,0.014809,0.990870,
rock,schist,0.800,0,512,1.371703,-0.269115,0.513814,0.022771,1.889363,
rock,schist,0.800,8,512,1.217578,-0.193761,0.485346,0.023392,1.041002,
rock,schist,0.800,11,512,1.251823,-0.201639,0.562562,0.010336,0.984594,
rock,schist,0.800,5,512,1.343790,-0.074621,0.565771,0.020602,1.929753,
rock,schist,0.900,2,512,1.436409,-0.499666,0.496249,0.036678,1.043619,
rock,schist,0.800,10,512,1.222108,-0.280643,0.441117,0.017881,1.497410,
rock,schist,0.900,3,512,1.387183,-0.466327,0.449883,0.033032,1.066818,
rock,schist,0.900,4,512,1.426723,-0.325969,0.569706,0.021904,1.006306,
rock,schist,0.900,5,512,1.512822,-0.042426,0.562917,0.024046,0.976968,
rock,schist,0.900,7,512,1.499069,-0.394218,0.579324,0.017617,1.028955,
rock,schist,0.800,9,512,1.347760,-0.279032,0.508341,0.021852,1.885798,
rock,schist,0.900,8,512,1.254117,-0.242321,0.534729,0.024085,0.944289,
rock,schist,0.900,0,512,1.441252,-0.335144,0.498833,0.030009,1.907399,
rock,schist,0.900,1,512,1.624510,-0.881492,0.198187,0.035870,1.849010,
rock,schist,0.900,11,512,1.432357,-0.238503,0.593228,0.010549,0.964289,
rock,schist,0.900,10,512,1.285656,-0.310197,0.405903,0.020330,1.057250,
rock,schist,1.000,0,512,1.535420,-0.516944,0.519965,0.032565,1.023280,
rock,schist,0.900,6,512,1.478867,-0.374626,0.507326,0.033286,1.886091,
rock,schist,1.000,2,512,1.693710,-1.026649,0.540649,0.039584,0.962177,
rock,schist,1.000,1,512,1.584098,-1.005021,0.319811,0.044954,1.047623,
rock,schist,1.000,3,512,1.441692,-0.654794,0.546715,0.032630,1.034986,
rock,schist,1.000,5,512,1.690392,-0.180003,0.550925,0.029168,0.960636,
rock,schist,0.900,9,512,1.449443,-0.365789,0.463126,0.026508,1.878784,
rock,schist,1.000,8,512,1.448227,-0.387186,0.564896,0.026920,0.973946,
rock,schist,1.000,9,512,1.565047,-0.572711,0.535690,0.026906,1.009442,
rock,schist,1.000,10,512,1.329565,-0.446346,0.451432,0.022915,1.018479,
rock,schist,1.000,4,512,1.572879,-0.519536,0.585207,0.024890,1.852104,
rock,schist,1.000,6,512,1.521263,-0.456154,0.456351,0.042675,1.825738,
rock,schist,1.000,7,512,1.705434,-0.634201,0.572542,0.021657,1.917564,
rock,serpentinite,0.000,0,512,1.586498,-0.006181,0.508646,0.132573,1.636500,
rock,schist,1.000,11,512,1.665553,-0.316346,0.612355,0.011835,1.719403,
rock,serpentinite,0.000,1,512,1.565415,-0.028100,0.491898,0.138909,1.758167,
rock,serpentinite,0.000,2,512,1.344937,-0.149049,0.416414,0.157345,1.756165,
rock,serpentinite,0.000,3,512,1.550599,-0.045882,0.485932,0.126594,1.704519,
rock,serpentinite,0.000,6,512,1.363135,-0.150635,0.481529,0.135319,1.781052,
rock,serpentinite,0.000,5,512,1.518018,-0.050719,0.519452,0.120173,1.896740,
rock,serpentinite,0.000,7,512,1.572983,-0.019484,0.531933,0.115857,1.802357,
rock,serpentinite,0.000,11,512,1.296838,-0.138469,0.508788,0.148042,1.775271,
rock,serpentinite,0.000,4,512,1.623833,-0.017211,0.477438,0.119956,2.913574,
rock,serpentinite,0.100,1,512,1.486322,-0.053690,0.504533,0.102502,1.805395,
rock,serpentinite,0.100,0,512,1.497000,-0.041034,0.514147,0.098475,2.017554,
rock,serpentinite,0.100,3,512,1.444767,-0.089134,0.516928,0.093150,1.740664,
rock,serpentinite,0.100,2,512,1.282567,-0.132859,0.389653,0.134660,1.821245,
rock,serpentinite,0.000,8,512,1.262374,-0.141813,0.466599,0.124966,3.022849,
rock,serpentinite,0.000,9,512,1.559171,-0.031203,0.528037,0.120867,2.950333,
rock,serpentinite,0.000,10,512,1.531556,-0.024877,0.528045,0.122448,2.875974,
rock,serpentinite,0.100,4,512,1.536182,-0.041094,0.490824,0.083661,1.749014,
rock,serpentinite,0.100,6,512,1.296436,-0.168798,0.487518,0.119272,1.773733,
rock,serpentinite,0.100,5,512,1.411823,-0.079631,0.518682,0.093242,1.941747,
rock,serpentinite,0.100,7,512,1.500165,-0.052211,0.564684,0.090007,1.847889,
rock,serpentinite,0.100,10,512,1.448541,-0.047519,0.497097,0.090587,1.918440,
rock,serpentinite,0.100,11,512,1.237869,-0.139505,0.494774,0.132235,1.848762,
rock,serpentinite,0.100,8,512,1.225627,-0.139665,0.453100,0.112937,2.487750,
rock,serpentinite,0.100,9,512,1.457067,-0.071065,0.556000,0.084228,2.454551,
rock,serpentinite,0.200,2,512,1.251250,-0.158821,0.354956,0.107492,1.846027,
rock,serpentinite,0.200,0,512,1.425242,-0.080824,0.522997,0.067489,2.524343,
rock,serpentinite,0.200,4,512,1.451447,-0.089097,0.544550,0.053636,1.885602,
rock,serpentinite,0.200,5,512,1.289630,-0.164713,0.564687,0.062877,1.840354,
rock,serpentinite,0.200,3,512,1.353755,-0.135760,0.538984,0.072982,2.059863,
rock,serpentinite,0.200,6,512,1.241789,-0.199544,0.497715,0.103290,1.867364,
rock,serpentinite,0.200,1,512,1.412998,-0.087141,0.458420,0.077321,2.488501,
rock,serpentinite,0.200,7,512,1.431890,-0.086365,0.611909,0.060059,1.843905,
rock,serpentinite,0.200,9,512,1.359907,-0.119939,0.569610,0.060784,1.887880,
rock,serpentinite,0.300,0,512,1.377816,-0.125489,0.552804,0.043955,1.837309,
rock,serpentinite,0.200,8,512,1.206142,-0.148127,0.459271,0.111198,2.335412,
rock,serpentinite,0.200,10,512,1.358464,-0.094992,0.528278,0.067090,2.205630,
rock,serpentinite,0.300,2,512,1.223172,-0.164805,0.340354,0.098525,1.865906,
rock,serpentinite,0.300,3,512,1.289074,-0.172020,0.435505,0.048719,1.862202,
rock,serpentinite,0.200,11,512,1.198385,-0.152057,0.464837,0.116644,2.305235,
rock,serpentinite,0.300,5,512,1.213590,-0.280202,0.558020,0.042295,1.837039,
rock,serpentinite,0.300,4,512,1.365418,-0.137464,0.648302,0.034111,2.109437,
rock,serpentinite,0.300,6,512,1.235744,-0.259673,0.538315,0.102136,2.098692,
rock,serpentinite,0.300,1,512,1.362312,-0.127115,0.453458,0.057003,2.490896,
rock,serpentinite,0.300,7,512,1.387157,-0.120901,0.599644,0.045774,1.916172,
rock,serpentinite,0.300,8,512,1.225689,-0.197229,0.523354,0.124951,1.850702,
rock,serpentinite,0.300,9,512,1.303045,-0.170973,0.464051,0.036028,1.801975,
rock,serpentinite,0.400,0,512,1.341101,-0.176560,0.615117,0.031586,1.793763,
rock,serpentinite,0.400,1,512,1.321979,-0.180183,0.448124,0.042057,1.796974,
rock,serpentinite,0.400,4,512,1.304823,-0.193087,0.581513,0.023882,1.567183,
rock,serpentinite,0.400,3,512,1.246005,-0.270371,0.438024,0.036644,1.724801,
rock,serpentinite,0.400,7,512,1.345710,-0.165978,0.616396,0.033722,1.775276,
rock,serpentinite,0.300,10,512,1.293107,-0.146650,0.493434,0.050553,2.837356,
rock,serpentinite,0.300,11,512,1.202591,-0.186697,0.497510,0.120780,2.714956,
rock,serpentinite,0.400,8,512,1.262923,-0.309173,0.582195,0.139311,1.824557,
rock,serpentinite,0.400,2,512,1.227104,-0.263081,0.444824,0.111787,2.882153,
rock,serpentinite,0.400,5,512,1.233511,-0.389562,0.576500,0.037669,2.710086,
rock,serpentinite,0.400,9,512,1.259059,-0.227141,0.523872,0.030587,1.827877,
rock,serpentinite,0.400,6,512,1.230537,-0.285326,0.501800,0.096757,2.815934,
rock,serpentinite,0.400,10,512,1.254454,-0.198996,0.466231,0.040193,1.844886,
rock,serpentinite,0.400,11,512,1.228757,-0.239971,0.454160,0.109708,1.840991,
rock,serpentinite,0.500,1,512,1.290130,-0.224007,0.493513,0.038735,1.866058,
rock,serpentinite,0.500,0,512,1.323156,-0.212001,0.581719,0.022781,2.101038,
rock,serpentinite,0.500,2,512,1.232518,-0.297933,0.374714,0.088985,1.912068,
rock,serpentinite,0.500,3,512,1.278927,-0.384205,0.545569,0.035896,2.064473,
rock,serpentinite,0.500,4,512,1.274198,-0.258352,0.673130,0.019367,2.087156,
rock,serpentinite,0.500,5,512,1.285376,-0.525485,0.580125,0.038503,1.912029,
rock,serpentinite,0.500,8,512,1.250557,-0.291242,0.530078,0.128979,1.897609,
rock,serpentinite,0.500,6,512,1.248104,-0.321802,0.478879,0.095989,2.325814,
rock,serpentinite,0.500,7,512,1.325927,-0.201048,0.558222,0.021316,2.153670,
rock,serpentinite,0.500,10,512,1.224833,-0.286342,0.489397,0.032971,1.914953,
rock,serpentinite,0.500,11,512,1.240810,-0.275549,0.507681,0.123222,1.882629,
rock,serpentinite,0.600,0,512,1.309028,-0.251397,0.708356,0.013478,1.891230,
rock,serpentinite,0.500,9,512,1.230922,-0.331896,0.464149,0.019202,2.347184,
rock,serpentinite,0.600,1,512,1.271167,-0.278466,0.522808,0.021437,2.364924,
rock,serpentinite,0.600,2,512,1.241403,-0.364278,0.427011,0.094726,1.884443,
rock,serpentinite,0.600,3,512,1.305970,-0.459463,0.503291,0.033243,2.100788,
rock,serpentinite,0.600,5,512,1.308302,-0.569965,0.425176,0.031370,1.914365,
rock,serpentinite,0.600,4,512,1.285034,-0.321135,0.727045,0.014108,2.130644,
rock,serpentinite,0.600,6,512,1.270138,-0.395627,0.448039,0.092907,1.856986,
rock,serpentinite,0.600,8,512,1.256717,-0.388501,0.555982,0.135087,2.054940,
rock,serpentinite,0.600,9,512,1.213807,-0.421592,0.501586,0.018795,1.904664,
rock,serpentinite,0.600,10,512,1.227497,-0.369069,0.461833,0.029614,1.909665,
rock,serpentinite,0.600,11,512,1.269213,-0.341418,0.483644,0.117800,1.852524,
rock,serpentinite,0.600,7,512,1.299716,-0.235499,0.668312,0.012068,2.328778,
rock,serpentinite,0.700,0,512,1.319974,-0.281073,0.744525,0.013786,2.248522,
rock,serpentinite,0.700,2,512,1.285549,-0.608047,0.455920,0.092885,1.933710,
rock,serpentinite,0.700,1,512,1.257117,-0.340300,0.482699,0.014872,2.329654,
rock,serpentinite,0.700,4,512,1.313469,-0.379642,0.691234,0.012051,1.861361,
rock,serpentinite,0.700,3,512,1.349452,-0.553595,0.492871,0.033875,2.206967,
rock,serpentinite,0.700,5,512,1.484442,-1.036916,0.555322,0.044124,2.261855,
rock,serpentinite,0.700,6,512,1.295390,-0.433748,0.431076,0.093290,2.129556,
rock,serpentinite,0.700,7,512,1.296329,-0.289100,0.684995,0.009940,1.861919,
rock,serpentinite,0.700,8,512,1.288428,-0.517300,0.589816,0.142185,1.862818,
rock,serpentinite,0.700,9,512,1.208839,-0.432426,0.319401,0.012924,1.876342,
rock,serpentinite,0.700,10,512,1.271986,-0.483196,0.503258,0.031515,1.897406,
rock,serpentinite,0.700,11,512,1.266653,-0.427563,0.530130,0.128777,2.157516,
rock,serpentinite,0.800,1,512,1.257875,-0.379450,0.377389,0.008880,1.870906,
rock,serpentinite,0.800,0,512,1.336793,-0.348507,0.623447,0.011342,2.148784,
rock,serpentinite,0.800,3,512,1.456413,-0.743850,0.516402,0.036274,1.795352,
rock,serpentinite,0.800,2,512,1.342379,-0.916792,0.422909,0.079976,2.103447,
rock,serpentinite,0.800,8,512,1.297447,-0.503957,0.508066,0.121094,1.803326,
rock,serpentinite,0.800,9,512,1.241929,-0.660024,0.418493,0.012958,1.845679,
rock,serpentinite,0.800,7,512,1.287007,-0.332510,0.611598,0.007470,1.901208,
rock,serpentinite,0.800,10,512,1.331161,-0.594189,0.414322,0.027570,1.821255,
rock,serpentinite,0.800,4,512,1.299540,-0.437283,0.583505,0.013148,2.472974,
rock,serpentinite,0.800,5,512,1.544633,-1.220018,0.641025,0.056754,2.536641,
rock,serpentinite,0.800,6,512,1.331879,-0.531184,0.479113,0.107615,2.492030,
rock,serpentinite,0.900,0,512,1.381228,-0.447622,0.716724,0.010639,1.687332,
rock,serpentinite,0.800,11,512,1.265513,-0.529488,0.601600,0.144291,2.089288,
rock,serpentinite,0.900,2,512,1.332137,-0.836328,0.384012,0.067771,1.685452,
rock,serpentinite,0.900,1,512,1.239298,-0.479931,0.322594,0.006400,2.012937,
rock,serpentinite,0.900,3,512,1.569372,-0.968319,0.505699,0.037650,2.080764,
rock,serpentinite,0.900,4,512,1.340754,-0.504007,0.666747,0.014070,1.789130,
rock,serpentinite,0.900,6,512,1.349475,-0.615799,0.364590,0.085041,1.762037,
rock,serpentinite,0.900,5,512,1.639752,-1.646006,0.533964,0.052899,1.788038,
rock,serpentinite,0.900,7,512,1.303228,-0.357174,0.643401,0.005316,1.769226,
rock,serpentinite,0.900,11,512,1.255889,-0.631838,0.619063,0.145083,1.653708,
rock,serpentinite,1.000,1,512,1.261635,-0.538962,0.227843,0.003071,1.668727,
rock,serpentinite,0.900,8,512,1.298770,-0.548386,0.538614,0.126041,2.477308,
rock,serpentinite,1.000,0,512,1.398796,-0.507171,0.616810,0.008633,2.068460,
rock,serpentinite,0.900,10,512,1.418824,-0.754468,0.511019,0.037495,2.373891,
rock,serpentinite,1.000,2,512,1.392608,-1.146029,0.374003,0.060970,2.003011,
rock,serpentinite,0.900,9,512,1.261846,-0.760608,0.477605,0.015168,2.642187,
rock,serpentinite,1.000,4,512,1.386669,-0.550782,0.711117,0.013454,1.783460,
rock,serpentinite,1.000,7,512,1.319191,-0.409060,0.720186,0.004043,1.772096,
rock,serpentinite,1.000,6,512,1.313255,-0.555829,0.409473,0.098504,1.835690,
rock,serpentinite,1.000,5,512,1.669084,-1.815431,0.562892,0.062580,1.883797,
rock,serpentinite,1.000,8,512,1.320110,-0.797784,0.638879,0.145111,1.677202,
rock,serpentinite,1.000,3,512,1.656587,-1.190446,0.500002,0.039694,2.570438,
rock,serpentinite,1.000,9,512,1.316997,-0.924405,0.520101,0.016766,1.695033,
rock,flow_banded,0.000,0,512,1.669595,-0.003603,0.521864,0.144556,1.755244,
rock,serpentinite,1.000,11,512,1.227163,-0.728929,0.622323,0.139945,1.970143,
rock,flow_banded,0.000,2,512,1.667855,-0.032444,0.469180,0.162472,1.624005,
rock,flow_banded,0.000,1,512,1.635805,-0.022920,0.485689,0.154679,1.929017,
rock,flow_banded,0.000,3,512,1.662868,-0.021735,0.486077,0.151709,1.599211,
rock,flow_banded,0.000,4,512,1.667033,-0.022265,0.471082,0.145073,1.576370,
rock,flow_banded,0.000,5,512,1.627695,-0.015083,0.501634,0.140802,1.572771,
rock,serpentinite,1.000,10,512,1.464308,-0.858438,0.508093,0.041366,2.671728,
rock,flow_banded,0.000,9,512,1.647209,-0.018014,0.476414,0.134649,1.447014,
rock,flow_banded,0.000,7,512,1.666046,-0.026346,0.542183,0.134416,1.859173,
rock,flow_banded,0.000,6,512,1.630959,-0.021995,0.477866,0.138349,2.254966,
rock,flow_banded,0.000,10,512,1.629291,-0.036773,0.529466,0.145571,1.726683,
rock,flow_banded,0.100,2,512,1.552653,-0.052545,0.457179,0.126779,1.505667,
rock,flow_banded,0.100,3,512,1.561944,-0.053856,0.510541,0.115094,1.469783,
rock,flow_banded,0.100,4,512,1.560093,-0.058581,0.503514,0.107219,1.482733,
rock,flow_banded,0.100,0,512,1.540491,-0.026056,0.518421,0.116855,2.035893,
rock,flow_banded,0.000,8,512,1.592113,-0.032397,0.538267,0.115403,2.625182,
rock,flow_banded,0.100,1,512,1.552267,-0.055326,0.486076,0.123122,2.173583,
rock,flow_banded,0.100,6,512,1.528908,-0.046194,0.490212,0.118805,1.405558,
rock,flow_banded,0.000,11,512,1.620834,-0.018568,0.536314,0.140259,2.446561,
rock,flow_banded,0.100,8,512,1.518426,-0.048227,0.490260,0.096232,1.506033,
rock,flow_banded,0.100,7,512,1.583647,-0.036955,0.551915,0.108188,2.127542,
rock,flow_banded,0.100,9,512,1.527679,-0.055179,0.526938,0.102852,1.630524,
rock,flow_banded,0.100,5,512,1.532689,-0.043609,0.503897,0.115713,2.667892,
rock,flow_banded,0.100,11,512,1.529536,-0.040695,0.516504,0.107038,1.541234,
rock,flow_banded,0.100,10,512,1.530390,-0.050997,0.537560,0.117004,1.573668,
rock,flow_banded,0.200,0,512,1.480819,-0.064546,0.567124,0.080474,1.546504,
rock,flow_banded,0.200,4,512,1.488667,-0.078679,0.552174,0.073946,1.435164,
rock,flow_banded,0.200,3,512,1.479510,-0.089537,0.528150,0.080072,1.623519,
rock,flow_banded,0.200,6,512,1.407571,-0.076290,0.474539,0.093939,1.556834,
rock,flow_banded,0.200,1,512,1.479027,-0.089471,0.476005,0.095141,2.432336,
rock,flow_banded,0.200,2,512,1.460797,-0.084274,0.459246,0.095143,2.511143,
rock,flow_banded,0.200,7,512,1.472087,-0.072186,0.570686,0.074814,1.474202,
rock,flow_banded,0.200,5,512,1.459128,-0.077840,0.501463,0.078615,2.450703,
rock,flow_banded,0.200,10,512,1.419838,-0.081117,0.514915,0.092064,1.527868,
rock,flow_banded,0.200,11,512,1.465595,-0.055441,0.511530,0.085675,1.537896,
rock,flow_banded,0.300,0,512,1.445814,-0.096078,0.622692,0.057458,1.505858,
rock,flow_banded,0.200,8,512,1.453190,-0.060834,0.556110,0.076043,1.900267,
rock,flow_banded,0.300,2,512,1.408363,-0.124890,0.401178,0.063377,1.417648,
rock,flow_banded,0.300,3,512,1.388337,-0.120625,0.462474,0.065708,1.504269,
rock,flow_banded,0.300,6,512,1.394564,-0.110087,0.449073,0.070097,1.404793,
rock,flow_banded,0.200,9,512,1.432085,-0.087991,0.563503,0.066517,2.866840,
rock,flow_banded,0.300,8,512,1.395713,-0.104791,0.550452,0.056906,1.535483,
rock,flow_banded,0.300,10,512,1.355422,-0.113938,0.423316,0.064077,1.542576,
rock,flow_banded,0.300,7,512,1.426961,-0.110263,0.595132,0.065160,1.628424,
rock,flow_banded,0.400,0,512,1.440046,-0.147050,0.613854,0.037971,1.322710,
rock,flow_banded,0.300,9,512,1.370711,-0.114683,0.589319,0.045584,1.954007,
rock,flow_banded,0.300,4,512,1.412705,-0.120748,0.570857,0.053343,2.885935,
rock,flow_banded,0.300,11,512,1.366402,-0.088422,0.547633,0.059268,2.307459,
rock,flow_banded,0.400,4,512,1.360786,-0.162847,0.624772,0.035048,1.219160,
rock,flow_banded,0.400,6,512,1.381264,-0.129183,0.555392,0.048727,1.188899,
rock,flow_banded,0.400,5,512,1.378091,-0.135541,0.618125,0.035599,1.417628,
rock,flow_banded,0.300,5,512,1.376443,-0.105078,0.469431,0.059317,3.333483,
rock,flow_banded,0.400,1,512,1.379321,-0.142034,0.458123,0.053744,2.288036,
rock,flow_banded,0.300,1,512,1.423602,-0.105925,0.486314,0.073973,4.225413,
rock,flow_banded,0.400,11,512,1.317375,-0.126521,0.571285,0.047651,1.200174,
rock,flow_banded,0.500,0,512,1.419365,-0.199117,0.663401,0.035422,1.188521,
rock,flow_banded,0.400,10,512,1.350149,-0.127655,0.457172,0.051273,1.518401,
rock,flow_banded,0.500,1,512,1.360737,-0.184761,0.522781,0.044739,1.455310,
rock,flow_banded,0.400,9,512,1.314337,-0.142426,0.459023,0.040271,2.373611,
rock,flow_banded,0.500,5,512,1.324859,-0.171903,0.537128,0.019877,1.222335,
rock,flow_banded,0.500,6,512,1.301720,-0.176221,0.526589,0.034700,1.220887,
rock,flow_banded,0.500,7,512,1.373742,-0.162721,0.480468,0.033169,1.412779,
rock,flow_banded,0.500,2,512,1.326370,-0.197582,0.518271,0.035795,2.533272,
rock,flow_banded,0.500,3,512,1.257194,-0.192028,0.617772,0.036656,2.546381,
rock,flow_banded,0.400,2,512,1.368578,-0.168681,0.493498,0.056504,4.672455,
rock,flow_banded,0.500,8,512,1.305800,-0.166326,0.526334,0.033930,1.446052,
rock,flow_banded,0.400,8,512,1.337119,-0.124431,0.590284,0.046839,4.114483,
rock,flow_banded,0.400,3,512,1.303021,-0.162867,0.535131,0.046304,4.972187,
rock,flow_banded,0.500,11,512,1.279381,-0.156097,0.604927,0.025287,1.260935,
rock,flow_banded,0.500,10,512,1.281127,-0.171719,0.445847,0.035559,1.273049,
rock,flow_banded,0.500,9,512,1.297333,-0.168349,0.497628,0.035209,1.721652,
rock,flow_banded,0.500,4,512,1.321645,-0.245714,0.564345,0.035606,3.517642,
rock,flow_banded,0.600,0,512,1.429128,-0.262694,0.647013,0.021833,1.359265,
rock,flow_banded,0.400,7,512,1.384117,-0.137757,0.576528,0.045619,5.152929,
rock,flow_banded,0.600,2,512,1.298903,-0.222070,0.532903,0.031965,1.379090,
rock,flow_banded,0.600,3,512,1.267238,-0.240186,0.467713,0.019531,1.830459,
rock,flow_banded,0.600,8,512,1.277911,-0.193297,0.472415,0.025323,1.276351,
rock,flow_banded,0.600,7,512,1.352921,-0.171182,0.737504,0.023082,1.287965,
rock,flow_banded,0.600,9,512,1.300523,-0.202375,0.594265,0.023398,1.298839,
rock,flow_banded,0.600,10,512,1.243850,-0.202087,0.396147,0.027854,1.250266,
rock,flow_banded,0.600,11,512,1.241381,-0.205592,0.745479,0.014316,1.303640,
rock,flow_banded,0.700,1,512,1.291890,-0.212323,0.577903,0.022278,1.305799,
rock,flow_banded,0.700,0,512,1.378086,-0.274502,0.703071,0.016158,1.679785,
rock,flow_banded,0.600,4,512,1.313230,-0.254775,0.675721,0.020636,3.074657,
rock,flow_banded,0.700,4,512,1.307157,-0.286449,0.656199,0.017828,1.313519,
rock,flow_banded,0.700,5,512,1.213393,-0.203156,0.498690,0.010341,1.323313,
rock,flow_banded,0.700,6,512,1.248735,-0.247388,0.578788,0.025561,1.323119,
rock,flow_banded,0.700,2,512,1.266290,-0.242253,0.521418,0.021705,1.668224,
rock,flow_banded,0.600,1,512,1.359014,-0.212268,0.584190,0.031588,3.843390,
rock,flow_banded,0.600,5,512,1.315320,-0.146303,0.670920,0.010429,3.434540,
rock,flow_banded,0.700,7,512,1.273736,-0.237443,0.617760,0.021283,1.437852,
rock,flow_banded,0.700,8,512,1.240470,-0.237915,0.412354,0.019497,1.512740,
rock,flow_banded,0.700,10,512,1.247757,-0.208873,0.550909,0.023675,1.446894,
rock,flow_banded,0.700,9,512,1.263353,-0.232036,0.609991,0.023629,1.841486,
rock,flow_banded,0.700,11,512,1.174276,-0.219657,0.578155,0.026577,1.408836,
rock,flow_banded,0.800,0,512,1.390994,-0.271748,0.628091,0.010650,1.357834,
rock,flow_banded,0.800,1,512,1.273565,-0.272799,0.272764,0.011783,1.520981,
rock,flow_banded,0.700,3,512,1.225123,-0.261827,0.641382,0.016811,3.372092,
rock,flow_banded,0.800,5,512,1.175526,-0.209123,0.364185,0.007969,1.611014,
rock,flow_banded,0.800,2,512,1.219625,-0.317264,0.627050,0.018532,1.830090,
rock,flow_banded,0.600,6,512,1.272283,-0.216133,0.596043,0.030235,5.110911,
rock,flow_banded,0.800,6,512,1.196187,-0.317310,0.476148,0.017588,1.666345,
rock,flow_banded,0.800,7,512,1.287690,-0.272192,0.351689,0.012544,1.380244,
rock,flow_banded,0.800,9,512,1.256510,-0.260627,0.502174,0.026579,1.381478,
rock,flow_banded,0.800,10,512,1.255136,-0.200717,0.490971,0.013390,1.365649,
rock,flow_banded,0.800,8,512,1.206465,-0.232229,0.435463,0.014740,1.758850,
rock,flow_banded,0.800,11,512,1.178965,-0.281201,0.552516,0.011991,1.536205,
rock,flow_banded,0.900,1,512,1.264621,-0.362386,0.314007,0.010562,1.522452,
rock,flow_banded,0.900,0,512,1.385745,-0.290612,0.649716,0.014522,1.783380,
rock,flow_banded,0.800,3,512,1.225014,-0.328837,0.602744,0.023494,3.548097,
rock,flow_banded,0.900,6,512,1.209138,-0.354694,0.529693,0.015638,1.737045,
rock,flow_banded,0.900,2,512,1.210936,-0.364162,0.736662,0.010157,2.459677,
rock,flow_banded,0.900,8,512,1.171479,-0.305138,0.592462,0.014922,1.451097,
rock,flow_banded,0.900,9,512,1.304576,-0.382082,0.604125,0.010897,1.456240,
rock,flow_banded,0.900,10,512,1.244988,-0.277704,0.442897,0.012685,1.384970,
rock,flow_banded,0.900,11,512,1.135442,-0.331965,0.607261,0.009789,1.377916,
rock,flow_banded,1.000,0,512,1.339255,-0.389155,0.721902,0.012757,1.429572,
rock,flow_banded,0.800,4,512,1.232401,-0.263655,0.818556,0.009312,5.328037,
rock,flow_banded,0.900,7,512,1.298730,-0.364841,0.440528,0.009901,3.071188,
rock,flow_banded,0.900,5,512,1.159338,-0.207358,0.301140,0.006017,3.300442,
rock,flow_banded,1.000,3,512,1.213034,-0.402571,0.509385,0.008371,1.473318,
rock,flow_banded,1.000,4,512,1.230852,-0.284390,0.768376,0.008616,1.489641,
rock,flow_banded,0.900,3,512,1.189384,-0.368412,0.510186,0.012866,4.082129,
rock,flow_banded,1.000,1,512,1.249168,-0.377252,0.283535,0.006474,1.858703,
rock,flow_banded,1.000,5,512,1.152397,-0.308143,0.406098,0.006694,1.393267,
rock,flow_banded,1.000,6,512,1.125506,-0.353340,0.314315,0.008128,1.425686,
rock,flow_banded,1.000,7,512,1.275964,-0.399140,0.545472,0.008610,1.488844,
rock,flow_banded,0.900,4,512,1.220248,-0.262992,0.818355,0.009899,4.596285,
rock,flow_banded,1.000,11,512,1.104465,-0.361962,0.437499,0.009622,1.538466,
rock,flow_banded,1.000,9,512,1.259287,-0.404949,0.498722,0.009369,1.919216,
rock,convoluted,0.000,0,512,1.735844,-0.007161,0.520834,0.146735,2.208850,
rock,convoluted,0.000,3,512,1.773646,0.000158,0.493845,0.151887,2.064663,
rock,flow_banded,1.000,2,512,1.292669,-0.311266,0.777088,0.011129,4.029679,
rock,convoluted,0.000,4,512,1.741990,-0.008684,0.465689,0.142435,2.031589,
rock,convoluted,0.000,2,512,1.718692,-0.016121,0.477309,0.158311,2.532067,
rock,convoluted,0.000,7,512,1.794171,-0.001925,0.535506,0.137550,2.171795,
rock,flow_banded,1.000,8,512,1.186157,-0.346050,0.594684,0.016078,4.227559,
rock,flow_banded,1.000,10,512,1.230580,-0.327583,0.507020,0.012412,4.106907,
rock,convoluted,0.000,8,512,1.718153,-0.001277,0.554483,0.114340,2.441277,
rock,convoluted,0.000,10,512,1.754383,-0.005010,0.534290,0.141941,2.027845,
rock,convoluted,0.000,9,512,1.731550,-0.004785,0.489318,0.139668,2.146707,
rock,convoluted,0.100,0,512,1.743002,-0.040296,0.518543,0.129388,2.050014,
rock,convoluted,0.000,5,512,1.745782,-0.008812,0.503822,0.142282,4.115469,
rock,convoluted,0.100,1,512,1.746957,-0.060558,0.494883,0.127726,2.153851,
rock,convoluted,0.100,2,512,1.761983,-0.061121,0.457423,0.134457,2.188533,
rock,convoluted,0.100,5,512,1.768113,-0.040350,0.528818,0.119281,2.174306,
rock,convoluted,0.100,6,512,1.758790,-0.037526,0.498260,0.125373,2.010100,
rock,convoluted,0.000,1,512,1.738519,-0.008916,0.514723,0.144996,6.222539,
rock,convoluted,0.100,7,512,1.786989,-0.053119,0.551133,0.115318,2.190510,
rock,convoluted,0.100,8,512,1.761724,-0.042023,0.506634,0.106391,2.024028,
rock,convoluted,0.100,10,512,1.781381,-0.032061,0.519140,0.120704,2.147674,
rock,convoluted,0.000,6,512,1.772130,-0.002842,0.476196,0.138938,6.511780,
rock,convoluted,0.000,11,512,1.736510,-0.010347,0.546518,0.131530,4.982534,
rock,convoluted,0.100,11,512,1.735933,-0.041680,0.522444,0.110969,1.950195,
rock,convoluted,0.200,3,512,1.662161,-0.084291,0.492028,0.099826,1.841299,
rock,convoluted,0.200,0,512,1.653421,-0.079754,0.553448,0.105060,2.230065,
rock,convoluted,0.100,3,512,1.804486,-0.048256,0.509909,0.124321,4.795001,
rock,convoluted,0.200,5,512,1.625545,-0.086239,0.542090,0.095050,1.667293,
rock,convoluted,0.200,8,512,1.639276,-0.081728,0.490195,0.082320,1.634107,
rock,convoluted,0.200,7,512,1.679644,-0.093143,0.577763,0.096776,2.005570,
rock,convoluted,0.200,1,512,1.629000,-0.086087,0.489284,0.102815,3.185899,
rock,convoluted,0.200,9,512,1.616658,-0.082290,0.514328,0.086182,1.827347,
rock,convoluted,0.200,11,512,1.639541,-0.072822,0.517040,0.094863,1.672030,
rock,convoluted,0.300,0,512,1.614749,-0.113829,0.635956,0.069794,1.677400,
rock,convoluted,0.100,4,512,1.795402,-0.037159,0.487471,0.116375,6.791975,
rock,convoluted,0.300,1,512,1.572186,-0.110089,0.524483,0.083020,1.749081,
rock,convoluted,0.300,2,512,1.571427,-0.107532,0.492420,0.084171,1.931113,
rock,convoluted,0.300,3,512,1.577265,-0.129450,0.509838,0.074076,1.999846,
rock,convoluted,0.100,9,512,1.752553,-0.049420,0.516819,0.115879,7.167324,
rock,convoluted,0.300,4,512,1.612416,-0.101913,0.610645,0.061342,1.787600,
rock,convoluted,0.300,5,512,1.535603,-0.118436,0.542355,0.076580,1.753008,
rock,convoluted,0.300,6,512,1.572366,-0.126803,0.595166,0.073689,1.684477,
rock,convoluted,0.200,4,512,1.684041,-0.081714,0.496301,0.082521,6.069538,
rock,convoluted,0.300,8,512,1.563294,-0.106688,0.545954,0.072354,1.600108,
rock,convoluted,0.200,2,512,1.668600,-0.093564,0.449895,0.101554,7.176929,
rock,convoluted,0.400,2,512,1.470599,-0.135731,0.526806,0.071561,1.646530,
rock,convoluted,0.400,0,512,1.552236,-0.136994,0.598388,0.049856,1.702219,
rock,convoluted,0.400,1,512,1.481290,-0.142508,0.480536,0.066494,1.722213,
rock,convoluted,0.300,10,512,1.571860,-0.107062,0.528640,0.088881,2.863616,
rock,convoluted,0.200,6,512,1.669690,-0.085421,0.568323,0.099430,7.057234,
rock,convoluted,0.400,3,512,1.515846,-0.146848,0.444112,0.062919,1.769012,
rock,convoluted,0.400,4,512,1.509906,-0.111550,0.570335,0.047273,1.711805,
rock,convoluted,0.200,10,512,1.666827,-0.081843,0.527296,0.102128,6.909215,
rock,convoluted,0.400,6,512,1.513002,-0.152151,0.538297,0.057576,1.798637,
rock,convoluted,0.400,7,512,1.514793,-0.145052,0.556337,0.063909,2.062579,
rock,convoluted,0.400,8,512,1.500044,-0.118784,0.572690,0.061391,2.050812,
rock,convoluted,0.300,9,512,1.553992,-0.124149,0.497022,0.063630,4.923373,
rock,convoluted,0.500,0,512,1.479820,-0.151890,0.528822,0.043765,1.932945,
rock,convoluted,0.400,11,512,1.508627,-0.100502,0.539700,0.066313,2.246221,
rock,convoluted,0.400,5,512,1.449576,-0.134883,0.585588,0.051405,3.391684,
rock,convoluted,0.400,9,512,1.522287,-0.132351,0.527671,0.046227,2.822964,
rock,convoluted,0.300,7,512,1.598900,-0.109880,0.561905,0.074823,6.680559,
rock,convoluted,0.500,2,512,1.449321,-0.173251,0.532091,0.043792,2.038101,
rock,convoluted,0.500,3,512,1.451831,-0.186727,0.494145,0.052048,2.123756,
rock,convoluted,0.300,11,512,1.561837,-0.092427,0.585107,0.075463,6.117981,
rock,convoluted,0.500,4,512,1.451857,-0.163899,0.602320,0.039778,2.175529,
rock,convoluted,0.500,6,512,1.458977,-0.166258,0.523161,0.039028,2.076838,
rock,convoluted,0.500,5,512,1.359574,-0.141138,0.548678,0.041337,2.213023,
rock,convoluted,0.500,7,512,1.456399,-0.131453,0.611233,0.040802,2.491425,
rock,convoluted,0.400,10,512,1.494920,-0.130768,0.472810,0.054187,4.785224,
rock,convoluted,0.500,11,512,1.413294,-0.155367,0.629406,0.046015,2.066927,
rock,convoluted,0.500,1,512,1.476447,-0.144250,0.472637,0.050979,4.384397,
rock,convoluted,0.500,8,512,1.426832,-0.166891,0.522535,0.051802,2.823754,
rock,convoluted,0.600,0,512,1.407029,-0.154722,0.546299,0.036759,2.296368,
rock,convoluted,0.600,2,512,1.379543,-0.208179,0.405159,0.033849,2.305650,
rock,convoluted,0.500,9,512,1.422293,-0.165910,0.495663,0.039744,3.143188,
rock,convoluted,0.600,4,512,1.391129,-0.123119,0.682395,0.027332,2.014466,
rock,convoluted,0.500,10,512,1.436773,-0.148771,0.477564,0.056762,3.783903,
rock,convoluted,0.600,5,512,1.362646,-0.155778,0.604968,0.020731,2.344374,
rock,convoluted,0.600,10,512,1.398002,-0.160489,0.564961,0.038202,2.031011,
rock,convoluted,0.600,1,512,1.386342,-0.162494,0.444321,0.052282,4.279730,
rock,convoluted,0.600,7,512,1.371115,-0.133388,0.664910,0.026000,2.740119,
rock,convoluted,0.600,6,512,1.456693,-0.168088,0.544658,0.028718,3.243894,
rock,convoluted,0.600,11,512,1.399724,-0.164452,0.546958,0.038081,2.179281,
rock,convoluted,0.700,1,512,1.344863,-0.162430,0.474847,0.041065,2.031249,
rock,convoluted,0.600,3,512,1.393185,-0.194231,0.633494,0.036091,4.263988,
rock,convoluted,0.600,8,512,1.316255,-0.154890,0.644934,0.027354,3.634790,
rock,convoluted,0.700,2,512,1.320680,-0.224283,0.493134,0.027514,2.209423,
rock,convoluted,0.700,3,512,1.338405,-0.208237,0.647586,0.025752,2.195560,
rock,convoluted,0.600,9,512,1.393910,-0.152729,0.545506,0.030256,4.463119,
rock,convoluted,0.700,4,512,1.313935,-0.211360,0.438393,0.033474,2.203263,
rock,convoluted,0.700,7,512,1.332287,-0.158320,0.551376,0.032557,2.221603,
rock,convoluted,0.700,9,512,1.308973,-0.169042,0.421249,0.027286,2.148648,
rock,convoluted,0.700,8,512,1.262900,-0.175005,0.647567,0.021853,2.202931,
rock,convoluted,0.700,0,512,1.334334,-0.193074,0.507445,0.037855,4.495418,
rock,convoluted,0.800,0,512,1.289881,-0.221142,0.435450,0.026063,2.207266,
rock,convoluted,0.800,1,512,1.268087,-0.192892,0.467239,0.037347,2.224978,
rock,convoluted,0.700,6,512,1.376472,-0.201830,0.583409,0.030270,3.719214,
rock,convoluted,0.700,5,512,1.278834,-0.152955,0.744478,0.024467,4.334924,
rock,convoluted,0.800,5,512,1.309231,-0.137609,0.727514,0.009030,2.060183,
rock,convoluted,0.800,4,512,1.241486,-0.217248,0.777225,0.018452,2.137818,
rock,convoluted,0.800,6,512,1.300549,-0.244768,0.513445,0.023839,2.142711,
rock,convoluted,0.700,10,512,1.324715,-0.197501,0.520228,0.040170,4.137452,
rock,convoluted,0.800,3,512,1.292391,-0.216813,0.688161,0.027994,2.819178,
rock,convoluted,0.700,11,512,1.324440,-0.205990,0.731819,0.022579,4.210806,
rock,convoluted,0.800,2,512,1.307244,-0.181860,0.504338,0.019370,3.418473,
rock,convoluted,0.800,9,512,1.283612,-0.189938,0.424868,0.025370,2.187096,
rock,convoluted,0.800,7,512,1.237328,-0.201515,0.421510,0.029527,3.460442,
rock,convoluted,0.900,0,512,1.240178,-0.200197,0.543830,0.028527,2.037938,
rock,convoluted,0.800,8,512,1.237575,-0.194737,0.704765,0.020930,3.065693,
rock,convoluted,0.900,1,512,1.212868,-0.186250,0.428689,0.030689,2.052261,
rock,convoluted,0.900,2,512,1.246949,-0.187399,0.626033,0.012744,2.220981,
rock,convoluted,0.800,10,512,1.246572,-0.213334,0.662448,0.030719,3.605296,
rock,convoluted,0.900,6,512,1.235296,-0.245995,0.676245,0.019356,2.153637,
rock,convoluted,0.900,3,512,1.307052,-0.210514,0.589960,0.019114,3.231765,
rock,convoluted,0.800,11,512,1.347564,-0.141344,0.484182,0.021656,3.561239,
rock,convoluted,0.900,7,512,1.181018,-0.204808,0.601842,0.021922,2.198900,
rock,convoluted,0.900,9,512,1.219682,-0.247134,0.617125,0.022253,2.192963,
rock,convoluted,0.900,4,512,1.214270,-0.212889,0.651844,0.032742,3.711825,
rock,convoluted,0.900,11,512,1.174011,-0.155250,0.537275,0.026137,2.162792,
rock,convoluted,1.000,0,512,1.207675,-0.230814,0.550148,0.021996,2.211807,
rock,convoluted,0.900,5,512,1.221565,-0.185395,0.502556,0.007020,3.803438,
rock,convoluted,0.900,8,512,1.214827,-0.217461,0.586413,0.016560,3.359898,
rock,convoluted,1.000,5,512,1.200910,-0.125774,0.749823,0.007954,2.009211,
rock,convoluted,1.000,3,512,1.208589,-0.191271,0.728726,0.014506,2.249817,
rock,convoluted,0.900,10,512,1.156657,-0.176115,0.561751,0.029384,3.765469,
rock,convoluted,1.000,2,512,1.239424,-0.227644,0.525746,0.010624,2.866271,
rock,convoluted,1.000,4,512,1.140618,-0.104082,0.769801,0.023082,2.719409,
rock,convoluted,1.000,6,512,1.248969,-0.250600,0.583279,0.014905,2.086722,
rock,gneiss,0.000,0,512,1.926887,-0.061719,0.502231,0.293510,0.768790,
rock,convoluted,1.000,8,512,1.167796,-0.211791,0.687915,0.016408,2.149071,
rock,convoluted,1.000,9,512,1.232258,-0.272519,0.662289,0.015625,2.153246,
rock,convoluted,1.000,1,512,1.195252,-0.186801,0.355971,0.020055,3.946251,
rock,gneiss,0.000,4,512,1.950753,-0.046054,0.496544,0.282682,0.856017,
rock,gneiss,0.000,1,512,2.014321,-0.056070,0.493541,0.289527,1.529698,
rock,gneiss,0.000,6,512,2.074170,-0.046676,0.493242,0.290622,0.875210,
rock,gneiss,0.000,5,512,1.932958,-0.048739,0.503425,0.289430,0.952198,
rock,gneiss,0.000,2,512,1.994582,-0.051154,0.500271,0.276628,1.523050,
rock,gneiss,0.000,7,512,2.031310,-0.004933,0.523062,0.286638,0.951256,
rock,gneiss,0.000,3,512,2.018821,-0.054649,0.476027,0.287634,1.482633,
rock,gneiss,0.000,8,512,1.945726,-0.048600,0.525097,0.282667,0.983570,
rock,convoluted,1.000,11,512,1.091253,-0.127447,0.695105,0.017820,2.809719,
rock,gneiss,0.000,10,512,1.887434,-0.029852,0.514306,0.275929,0.930420,
rock,gneiss,0.100,0,512,1.925160,-0.044767,0.504948,0.282294,0.901155,
rock,convoluted,1.000,10,512,1.165699,-0.155775,0.772827,0.012453,3.602985,
rock,gneiss,0.100,1,512,2.004316,-0.029094,0.514518,0.287102,1.027755,
rock,gneiss,0.100,3,512,2.032324,-0.072837,0.490699,0.289845,1.004767,
rock,gneiss,0.100,4,512,1.934630,-0.039176,0.482925,0.280713,1.126308,
rock,convoluted,1.000,7,512,1.200565,-0.231686,0.493984,0.018097,4.322206,
rock,gneiss,0.100,5,512,1.897943,-0.056900,0.485027,0.296642,0.975562,
rock,gneiss,0.100,7,512,2.072787,-0.021025,0.493088,0.287971,0.852831,
rock,gneiss,0.100,6,512,2.097010,-0.071797,0.504930,0.287689,1.072499,
rock,gneiss,0.000,9,512,2.012920,-0.043432,0.491977,0.295001,2.058861,
rock,gneiss,0.100,8,512,1.878756,-0.024978,0.515262,0.292356,0.849313,
rock,gneiss,0.100,2,512,1.957241,-0.032562,0.486926,0.285169,1.767601,
rock,gneiss,0.100,10,512,1.895241,-0.033529,0.537227,0.300712,0.945374,
rock,gneiss,0.100,11,512,1.932431,-0.050156,0.515478,0.290644,0.935055,
rock,gneiss,0.200,2,512,1.882474,-0.023429,0.520658,0.288841,0.870549,
rock,gneiss,0.200,3,512,2.058467,-0.065917,0.497786,0.292215,0.802167,
rock,gneiss,0.200,0,512,1.832475,-0.036114,0.517148,0.298731,1.128733,
rock,gneiss,0.200,6,512,2.048368,-0.048345,0.524256,0.294336,0.796582,
rock,gneiss,0.000,11,512,1.959582,-0.052640,0.539639,0.283280,2.752412,
rock,gneiss,0.200,4,512,1.885964,-0.046002,0.488856,0.291316,1.086780,
rock,gneiss,0.200,8,512,1.833911,-0.038550,0.518587,0.293497,0.813849,
rock,gneiss,0.200,9,512,1.981856,-0.046355,0.538746,0.287063,0.833072,
rock,gneiss,0.200,7,512,2.029579,-0.034765,0.495945,0.295600,1.108271,
rock,gneiss,0.200,11,512,1.911954,-0.045026,0.529767,0.289203,0.945367,
rock,gneiss,0.300,0,512,1.692677,-0.036334,0.513030,0.292804,0.944732,
rock,gneiss,0.200,10,512,1.830315,-0.040660,0.500405,0.295056,1.119849,
rock,gneiss,0.300,1,512,1.879806,-0.034885,0.499462,0.283957,0.930379,
rock,gneiss,0.100,9,512,2.026914,-0.047815,0.522784,0.288896,2.485210,
rock,gneiss,0.300,3,512,1.962460,-0.044755,0.504801,0.285431,1.012364,
rock,gneiss,0.200,5,512,1.883326,-0.047180,0.522254,0.288715,1.957674,
rock,gneiss,0.200,1,512,1.961723,-0.030474,0.513151,0.293949,2.406112,
rock,gneiss,0.300,2,512,1.813661,-0.036284,0.506898,0.292611,1.107630,
rock,gneiss,0.300,4,512,1.787567,-0.026267,0.534575,0.280626,0.975705,
rock,gneiss,0.300,5,512,1.778814,-0.041057,0.544659,0.280130,0.971350,
rock,gneiss,0.300,6,512,1.999586,-0.032519,0.506728,0.281061,1.247054,
rock,gneiss,0.300,7,512,2.002817,-0.012064,0.500085,0.298576,0.959542,
rock,gneiss,0.300,8,512,1.749579,-0.029534,0.512840,0.305826,0.976671,
rock,gneiss,0.300,10,512,1.721713,-0.033987,0.523334,0.297741,0.970199,
rock,gneiss,0.400,0,512,1.558271,-0.021193,0.516038,0.303221,0.943286,
rock,gneiss,0.400,1,512,1.808604,-0.010974,0.529969,0.295450,0.946376,
rock,gneiss,0.400,4,512,1.694660,-0.022985,0.504744,0.300480,0.995656,
rock,gneiss,0.400,7,512,1.908810,-0.005825,0.521781,0.310088,0.892166,
rock,gneiss,0.400,3,512,1.931347,-0.034705,0.525852,0.296760,1.418489,
rock,gneiss,0.400,8,512,1.602110,-0.024264,0.516383,0.302279,0.984206,
rock,gneiss,0.400,9,512,1.784426,-0.005939,0.532457,0.296861,0.925159,
rock,gneiss,0.400,6,512,1.948770,-0.031307,0.528942,0.291737,1.184719,
rock,gneiss,0.400,11,512,1.765640,-0.009531,0.548326,0.295936,0.825536,
rock,gneiss,0.400,10,512,1.600214,-0.020510,0.511940,0.293246,0.902538,
rock,gneiss,0.500,0,512,1.407754,-0.028017,0.545027,0.303591,0.823136,
rock,gneiss,0.400,5,512,1.650153,-0.018258,0.512035,0.294373,1.966555,
rock,gneiss,0.500,1,512,1.699837,-0.014428,0.505226,0.297560,0.904915,
rock,gneiss,0.500,2,512,1.568695,-0.021029,0.496994,0.304463,1.103077,
rock,gneiss,0.500,6,512,1.839318,-0.024510,0.540576,0.296496,0.840957,
rock,gneiss,0.500,4,512,1.549853,-0.020486,0.514061,0.308601,0.954913,
rock,gneiss,0.500,3,512,1.823412,-0.023767,0.518820,0.299788,0.998157,
rock,gneiss,0.300,9,512,1.893241,-0.013823,0.498854,0.310349,2.961630,
rock,gneiss,0.500,7,512,1.798481,-0.012364,0.537545,0.314321,0.962816,
rock,gneiss,0.500,8,512,1.468776,-0.031702,0.510021,0.317549,0.873657,
rock,gneiss,0.500,5,512,1.519449,-0.017570,0.511999,0.316797,1.148825,
rock,gneiss,0.300,11,512,1.864859,-0.037849,0.520406,0.300192,3.185129,
rock,gneiss,0.400,2,512,1.695270,-0.024008,0.499767,0.294265,3.085289,
rock,gneiss,0.500,10,512,1.464573,-0.020354,0.522964,0.299288,0.949154,
rock,gneiss,0.600,0,512,1.282781,-0.031988,0.522112,0.306972,0.890131,
rock,gneiss,0.600,1,512,1.563174,-0.030050,0.530798,0.292594,0.942100,
rock,gneiss,0.600,2,512,1.441146,-0.016241,0.514248,0.308239,0.948845,
rock,gneiss,0.600,5,512,1.400851,-0.030768,0.460431,0.311590,0.869045,
rock,gneiss,0.600,4,512,1.387387,-0.027646,0.516490,0.324683,1.000252,
rock,gneiss,0.500,9,512,1.660098,-0.016897,0.523967,0.314584,1.863135,
rock,gneiss,0.600,6,512,1.722898,-0.020323,0.511792,0.304975,1.365666,
rock,gneiss,0.600,9,512,1.529242,-0.014972,0.493862,0.325297,0.937415,
rock,gneiss,0.500,11,512,1.654825,-0.012107,0.521214,0.315877,1.689377,
rock,gneiss,0.600,3,512,1.705874,-0.022337,0.529702,0.292774,1.799242,
rock,gneiss,0.600,7,512,1.703170,-0.016143,0.512004,0.305795,1.491220,
rock,gneiss,0.600,11,512,1.518062,-0.018289,0.532850,0.305994,0.998083,
rock,gneiss,0.600,8,512,1.351744,-0.028150,0.518194,0.311293,1.466491,
rock,gneiss,0.700,0,512,1.127256,-0.029765,0.522105,0.316620,1.030891,
rock,gneiss,0.700,1,512,1.420559,-0.024829,0.518551,0.303862,0.973980,
rock,gneiss,0.700,2,512,1.297265,-0.029006,0.492576,0.307586,1.021644,
rock,gneiss,0.600,10,512,1.259680,-0.028065,0.501663,0.300127,1.382630,
rock,gneiss,0.700,3,512,1.595498,-0.026645,0.493918,0.316033,1.263964,
rock,gneiss,0.700,5,512,1.246907,-0.033153,0.525419,0.309467,1.096741,
rock,gneiss,0.700,4,512,1.253859,-0.029665,0.509260,0.318401,1.197022,
rock,gneiss,0.700,9,512,1.393520,-0.029353,0.468131,0.301227,0.940223,
rock,gneiss,0.700,8,512,1.187795,-0.030295,0.529524,0.301324,1.011911,
rock,gneiss,0.800,0,512,0.965581,-0.024555,0.493650,0.321824,0.934713,
rock,gneiss,0.700,11,512,1.377061,-0.025088,0.517330,0.317429,1.020055,
rock,gneiss,0.700,7,512,1.563057,-0.040219,0.509399,0.315804,1.261105,
rock,gneiss,0.700,10,512,1.125079,-0.022568,0.512614,0.319841,1.169210,
rock,gneiss,0.800,1,512,1.290686,-0.024634,0.502198,0.308878,0.956487,
rock,gneiss,0.700,6,512,1.576742,-0.026662,0.549025,0.299155,1.612998,
rock,gneiss,0.800,4,512,1.122717,-0.029215,0.529383,0.317541,0.985172,
rock,gneiss,0.800,6,512,1.453668,-0.030305,0.454105,0.303562,0.879125,
rock,gneiss,0.800,2,512,1.151539,-0.024943,0.515011,0.323946,1.528162,
rock,gneiss,0.800,8,512,1.013016,-0.030523,0.503654,0.335467,0.902654,
rock,gneiss,0.800,7,512,1.446931,-0.037499,0.510438,0.300009,0.977795,
rock,gneiss,0.800,9,512,1.251817,-0.033815,0.519893,0.300652,0.976719,
rock,gneiss,0.900,0,512,0.812024,-0.029052,0.510422,0.318125,0.957518,
rock,gneiss,0.800,3,512,1.444334,-0.031507,0.508469,0.310522,1.611250,
rock,gneiss,0.800,5,512,1.091762,-0.032324,0.468719,0.313830,1.724823,
rock,gneiss,0.800,10,512,0.980753,-0.031026,0.513882,0.295774,1.495955,
rock,gneiss,0.900,3,512,1.331927,-0.031397,0.513079,0.325532,0.875258,
rock,gneiss,0.900,2,512,1.017816,-0.032599,0.516218,0.319563,0.929420,
rock,gneiss,0.800,11,512,1.226998,-0.025049,0.530573,0.317719,1.531019,
rock,gneiss,0.900,5,512,0.985666,-0.029525,0.504479,0.323867,0.854578,
rock,gneiss,0.900,6,512,1.330814,-0.036011,0.512658,0.307684,0.939966,
rock,gneiss,0.900,1,512,1.174253,-0.026453,0.495689,0.320792,1.613461,
rock,gneiss,0.900,7,512,1.312125,-0.038734,0.518290,0.319787,0.962294,
rock,gneiss,0.900,8,512,0.857244,-0.027433,0.491205,0.326877,0.955699,
rock,gneiss,0.900,4,512,0.974372,-0.027993,0.484718,0.327102,1.364478,
rock,gneiss,1.000,0,512,0.691726,-0.025055,0.499815,0.314040,0.953112,
rock,gneiss,1.000,1,512,1.016984,-0.031226,0.492239,0.326953,0.965083,
rock,gneiss,1.000,3,512,1.186471,-0.030862,0.494025,0.309485,0.963747,
rock,gneiss,0.900,10,512,0.849266,-0.028626,0.497319,0.305938,1.234953,
rock,gneiss,0.900,9,512,1.125156,-0.032670,0.494715,0.325252,1.547645,
rock,gneiss,0.900,11,512,1.108892,-0.029805,0.501472,0.331230,1.233060,
rock,gneiss,1.000,6,512,1.200095,-0.029274,0.483325,0.302468,0.946360,
rock,gneiss,1.000,4,512,0.829834,-0.029621,0.498301,0.321450,1.103978,
rock,gneiss,1.000,2,512,0.900542,-0.027646,0.502905,0.329016,1.336607,
rock,gneiss,1.000,7,512,1.196656,-0.039585,0.479352,0.329974,0.982892,
rock,gneiss,1.000,5,512,0.843577,-0.029825,0.493348,0.302146,1.314077,
rock,gneiss,1.000,8,512,0.748196,-0.025556,0.549808,0.309671,1.113107,
rock,gneiss,1.000,9,512,0.986990,-0.035435,0.492163,0.332698,0.830370,
rock,gneiss,1.000,10,512,0.699360,-0.025177,0.510047,0.323093,0.827369,
cloud,cascade_lognormal,0.000,0,512,1.946680,-0.038236,0.500000,0.158818,0.686490,
rock,gneiss,1.000,11,512,0.956929,-0.028247,0.553946,0.310097,0.834654,
cloud,cascade_lognormal,0.000,3,512,1.995760,-0.029988,0.500000,0.152216,0.702739,
cloud,cascade_lognormal,0.000,2,512,1.992302,-0.053814,0.500000,0.168156,0.834624,
cloud,cascade_lognormal,0.000,6,512,1.953952,-0.045067,0.500000,0.188113,0.663710,
cloud,cascade_lognormal,0.000,7,512,1.961582,-0.033238,0.500000,0.157126,0.775866,
cloud,cascade_lognormal,0.000,1,512,1.960960,-0.028461,0.500000,0.149309,1.171842,
cloud,cascade_lognormal,0.000,8,512,1.979089,-0.038296,0.500000,0.148482,0.780861,
cloud,cascade_lognormal,0.000,4,512,2.020269,-0.033605,0.500000,0.151880,1.143986,
cloud,cascade_lognormal,0.000,9,512,1.989726,-0.040751,0.500000,0.170436,0.662289,
cloud,cascade_lognormal,0.000,10,512,1.934861,-0.030683,0.500000,0.171664,0.691313,
cloud,cascade_lognormal,0.000,11,512,2.002913,-0.041252,0.500000,0.151164,0.681316,
cloud,cascade_lognormal,0.100,0,512,1.922398,-0.055676,0.500000,0.151488,0.670026,
cloud,cascade_lognormal,0.000,5,512,1.938995,-0.027962,0.500000,0.157760,1.179511,
cloud,cascade_lognormal,0.100,1,512,1.936272,-0.042541,0.500000,0.135983,0.639997,
cloud,cascade_lognormal,0.100,3,512,1.972167,-0.045663,0.500000,0.136988,0.619494,
cloud,cascade_lognormal,0.100,2,512,1.970152,-0.078136,0.500000,0.154943,0.699174,
cloud,cascade_lognormal,0.100,8,512,1.954173,-0.053252,0.500000,0.133415,0.633641,
cloud,cascade_lognormal,0.100,9,512,1.967282,-0.057598,0.500000,0.149470,0.618827,
cloud,cascade_lognormal,0.100,4,512,1.991170,-0.051099,0.500000,0.145344,0.784880,
cloud,cascade_lognormal,0.100,10,512,1.910921,-0.047804,0.500000,0.159734,0.632386,
cloud,cascade_lognormal,0.100,6,512,1.932747,-0.064491,0.500000,0.175121,0.749000,
cloud,cascade_lognormal,0.100,11,512,1.974274,-0.058989,0.500000,0.140019,0.618386,
cloud,cascade_lognormal,0.200,1,512,1.912604,-0.059907,0.500000,0.124197,0.617704,
cloud,cascade_lognormal,0.200,2,512,1.950349,-0.106767,0.500000,0.141688,0.613190,
cloud,cascade_lognormal,0.100,5,512,1.915267,-0.045277,0.500000,0.144664,1.014534,
cloud,cascade_lognormal,0.200,3,512,1.949762,-0.065656,0.500000,0.123619,0.677056,
cloud,cascade_lognormal,0.100,7,512,1.940240,-0.048382,0.500000,0.148029,1.052607,
cloud,cascade_lognormal,0.200,0,512,1.900320,-0.077042,0.500000,0.141969,1.003171,
cloud,cascade_lognormal,0.200,4,512,1.965993,-0.072917,0.500000,0.137297,0.626127,
cloud,cascade_lognormal,0.200,5,512,1.893853,-0.066814,0.500000,0.132992,0.607912,
cloud,cascade_lognormal,0.200,7,512,1.921004,-0.067899,0.500000,0.139418,0.630571,
cloud,cascade_lognormal,0.200,6,512,1.913842,-0.088655,0.500000,0.162459,0.649131,
cloud,cascade_lognormal,0.200,9,512,1.947330,-0.080624,0.500000,0.130540,0.627059,
cloud,cascade_lognormal,0.200,8,512,1.929902,-0.070097,0.500000,0.120286,0.667573,
cloud,cascade_lognormal,0.200,10,512,1.888778,-0.070015,0.500000,0.146886,0.602730,
cloud,cascade_lognormal,0.200,11,512,1.947863,-0.082248,0.500000,0.129870,0.582764,
cloud,cascade_lognormal,0.300,1,512,1.889422,-0.078814,0.500000,0.114021,0.651625,
cloud,cascade_lognormal,0.300,2,512,1.931913,-0.137933,0.500000,0.127798,0.655185,
cloud,cascade_lognormal,0.300,4,512,1.945354,-0.099105,0.500001,0.130298,0.618927,
cloud,cascade_lognormal,0.300,5,512,1.873076,-0.091119,0.500000,0.122805,0.637829,
cloud,cascade_lognormal,0.300,6,512,1.896278,-0.115904,0.500000,0.146563,0.634615,
cloud,cascade_lognormal,0.300,0,512,1.879585,-0.101551,0.500000,0.132207,1.036093,
cloud,cascade_lognormal,0.300,8,512,1.907171,-0.089118,0.499999,0.109150,0.661209,
cloud,cascade_lognormal,0.300,10,512,1.870114,-0.095553,0.500000,0.134696,0.613502,
cloud,cascade_lognormal,0.300,11,512,1.924547,-0.109441,0.500000,0.120816,0.624000,
cloud,cascade_lognormal,0.300,9,512,1.930076,-0.108351,0.500000,0.115552,0.775990,
cloud,cascade_lognormal,0.400,0,512,1.860939,-0.128309,0.500000,0.123301,0.680714,
cloud,cascade_lognormal,0.300,7,512,1.902459,-0.090249,0.500000,0.131357,1.022159,
cloud,cascade_lognormal,0.400,1,512,1.867699,-0.098346,0.500000,0.105450,0.681076,
cloud,cascade_lognormal,0.400,2,512,1.915478,-0.172648,0.500000,0.116186,0.609493,
cloud,cascade_lognormal,0.300,3,512,1.930432,-0.090000,0.500000,0.112257,1.405961,
cloud,cascade_lognormal,0.400,3,512,1.915319,-0.120447,0.500000,0.102903,0.615160,
cloud,cascade_lognormal,0.400,5,512,1.854264,-0.118107,0.500000,0.114058,0.612197,
cloud,cascade_lognormal,0.400,4,512,1.928321,-0.128732,0.500000,0.124052,0.623702,
cloud,cascade_lognormal,0.400,6,512,1.882465,-0.146804,0.500000,0.131782,0.607176,
cloud,cascade_lognormal,0.400,7,512,1.884964,-0.114890,0.500000,0.123969,0.613177,
cloud,cascade_lognormal,0.400,8,512,1.886775,-0.110730,0.500000,0.099906,0.619652,
cloud,cascade_lognormal,0.400,10,512,1.853843,-0.123486,0.500000,0.123688,0.743968,
cloud,cascade_lognormal,0.500,0,512,1.844132,-0.156674,0.500000,0.115032,0.723051,
cloud,cascade_lognormal,0.400,9,512,1.915817,-0.140122,0.499999,0.103650,0.961946,
cloud,cascade_lognormal,0.500,1,512,1.847057,-0.120558,0.499999,0.097586,0.647246,
cloud,cascade_lognormal,0.500,3,512,1.901759,-0.155841,0.500000,0.095346,0.609676,
cloud,cascade_lognormal,0.500,4,512,1.913021,-0.160626,0.500000,0.118064,0.620770,
cloud,cascade_lognormal,0.500,5,512,1.837890,-0.147766,0.500000,0.106627,0.624287,
cloud,cascade_lognormal,0.500,7,512,1.869042,-0.142084,0.500001,0.117271,0.621351,
cloud,cascade_lognormal,0.500,6,512,1.870866,-0.181106,0.500001,0.119799,0.643819,
cloud,cascade_lognormal,0.500,8,512,1.868732,-0.134528,0.500000,0.092332,0.619819,
cloud,cascade_lognormal,0.500,2,512,1.901312,-0.209932,0.500000,0.106656,0.793520,
cloud,cascade_lognormal,0.400,11,512,1.905014,-0.140395,0.500000,0.112883,1.287280,
cloud,cascade_lognormal,0.500,9,512,1.903978,-0.174526,0.500000,0.094234,0.618522,
cloud,cascade_lognormal,0.500,10,512,1.839128,-0.155283,0.500000,0.113086,0.619016,
cloud,cascade_lognormal,0.600,1,512,1.827963,-0.145734,0.500000,0.090458,0.613020,
cloud,cascade_lognormal,0.600,2,512,1.889838,-0.250563,0.500000,0.098827,0.630130,
cloud,cascade_lognormal,0.600,0,512,1.829802,-0.187146,0.500000,0.107460,0.704122,
cloud,cascade_lognormal,0.600,3,512,1.890606,-0.196603,0.500001,0.089294,0.660436,
cloud,cascade_lognormal,0.600,5,512,1.823310,-0.180108,0.500000,0.100334,0.638357,
cloud,cascade_lognormal,0.600,4,512,1.900396,-0.195337,0.499999,0.112603,0.646828,
cloud,cascade_lognormal,0.600,6,512,1.862616,-0.218489,0.499999,0.110201,0.666430,
cloud,cascade_lognormal,0.600,7,512,1.853670,-0.170894,0.500000,0.109353,0.743718,
cloud,cascade_lognormal,0.500,11,512,1.888240,-0.173092,0.500001,0.106035,0.996980,
cloud,cascade_lognormal,0.600,11,512,1.873912,-0.207849,0.499999,0.100187,0.629814,
cloud,cascade_lognormal,0.600,9,512,1.894062,-0.213482,0.500000,0.086800,0.767172,
cloud,cascade_lognormal,0.700,1,512,1.810144,-0.172367,0.499999,0.084537,0.598034,
cloud,cascade_lognormal,0.700,0,512,1.816760,-0.221435,0.500000,0.100304,0.625384,
cloud,cascade_lognormal,0.700,2,512,1.880137,-0.294452,0.500001,0.092435,0.602087,
cloud,cascade_lognormal,0.600,10,512,1.825570,-0.190256,0.500000,0.103958,0.815697,
cloud,cascade_lognormal,0.700,3,512,1.882382,-0.244569,0.500000,0.084471,0.646738,
cloud,cascade_lognormal,0.700,5,512,1.811396,-0.215021,0.500001,0.094968,0.651034,
cloud,cascade_lognormal,0.700,6,512,1.854337,-0.260000,0.500000,0.102189,0.646094,
cloud,cascade_lognormal,0.700,7,512,1.839874,-0.202336,0.500000,0.102186,0.687756,
cloud,cascade_lognormal,0.600,8,512,1.852306,-0.159227,0.500001,0.086154,1.193701,
cloud,cascade_lognormal,0.700,8,512,1.837567,-0.185034,0.500001,0.081108,0.653022,
cloud,cascade_lognormal,0.700,4,512,1.889734,-0.233597,0.500001,0.107583,1.185283,
cloud,cascade_lognormal,0.700,10,512,1.813784,-0.226513,0.499999,0.096307,0.657246,
cloud,cascade_lognormal,0.700,9,512,1.886164,-0.257050,0.500001,0.080827,0.664763,
cloud,cascade_lognormal,0.800,0,512,1.805034,-0.258091,0.500000,0.094300,0.637989,
cloud,cascade_lognormal,0.700,11,512,1.861727,-0.244481,0.500001,0.095230,0.661762,
cloud,cascade_lognormal,0.800,1,512,1.794475,-0.200403,0.500000,0.079675,0.655742,
cloud,cascade_lognormal,0.800,2,512,1.871844,-0.342168,0.500000,0.087184,0.655089,
cloud,cascade_lognormal,0.800,3,512,1.875547,-0.298449,0.500000,0.080610,0.712550,
cloud,cascade_lognormal,0.800,4,512,1.881601,-0.276464,0.500000,0.103266,0.680887,
cloud,cascade_lognormal,0.800,7,512,1.827581,-0.236042,0.500000,0.096312,0.587262,
cloud,cascade_lognormal,0.900,0,512,1.794863,-0.297454,0.499999,0.089312,0.582709,
cloud,cascade_lognormal,0.800,11,512,1.851560,-0.283423,0.500001,0.091028,0.598711,
cloud,cascade_lognormal,0.800,10,512,1.805663,-0.264328,0.500000,0.089941,0.696220,
cloud,cascade_lognormal,0.900,1,512,1.780164,-0.229460,0.499999,0.075688,0.673230,
cloud,cascade_lognormal,0.800,9,512,1.880755,-0.303570,0.500001,0.075880,0.772241,
cloud,cascade_lognormal,0.800,6,512,1.848515,-0.306518,0.499999,0.095755,1.129000,
cloud,cascade_lognormal,0.900,2,512,1.864989,-0.392699,0.499999,0.082832,0.789876,
cloud,cascade_lognormal,0.800,5,512,1.801473,-0.252283,0.500001,0.090384,1.227310,
cloud,cascade_lognormal,0.900,4,512,1.875643,-0.322907,0.499999,0.099476,0.750400,
cloud,cascade_lognormal,0.900,3,512,1.869832,-0.359111,0.500000,0.077469,0.800917,
cloud,cascade_lognormal,0.900,5,512,1.793745,-0.292647,0.500000,0.086412,0.627028,
cloud,cascade_lognormal,0.800,8,512,1.824586,-0.212613,0.500000,0.076966,1.183256,
cloud,cascade_lognormal,0.900,7,512,1.816967,-0.271779,0.500000,0.091456,0.630085,
cloud,cascade_lognormal,0.900,8,512,1.813527,-0.242304,0.499999,0.073535,0.606859,
cloud,cascade_lognormal,0.900,9,512,1.877032,-0.354492,0.500001,0.071775,0.648858,
cloud,cascade_lognormal,0.900,11,512,1.843071,-0.324037,0.499999,0.087488,0.648337,
cloud,cascade_lognormal,0.900,10,512,1.799012,-0.304279,0.499999,0.084543,0.785977,
cloud,cascade_lognormal,0.900,6,512,1.844186,-0.358132,0.499999,0.090526,0.997508,
cloud,cascade_lognormal,1.000,0,512,1.785437,-0.339644,0.500001,0.085182,0.768344,
cloud,cascade_lognormal,1.000,4,512,1.870961,-0.373278,0.500001,0.096206,0.612293,
cloud,cascade_lognormal,1.000,2,512,1.858563,-0.446110,0.500001,0.079154,0.750060,
cloud,cascade_lognormal,1.000,3,512,1.869384,-0.427409,0.499999,0.074961,0.770576,
cloud,cascade_lognormal,1.000,6,512,1.840903,-0.415786,0.500001,0.086208,0.632259,
cloud,cascade_lognormal,1.000,7,512,1.807666,-0.309600,0.500001,0.087405,0.657970,
cloud,cascade_lognormal,1.000,1,512,1.766874,-0.259626,0.500000,0.072417,1.127144,
cloud,cascade_lognormal,1.000,8,512,1.803509,-0.273263,0.499999,0.070669,0.679975,
cloud,cascade_lognormal,1.000,9,512,1.875164,-0.409508,0.500001,0.068370,0.734840,
cloud,cascade_lognormal,1.000,5,512,1.788375,-0.337084,0.500001,0.082782,1.083692,
cloud,cascade_lognormal,1.000,10,512,1.793036,-0.345309,0.500001,0.080013,0.746265,
cloud,cirrus,0.000,0,512,2.247578,-0.081234,0.563391,0.160440,0.819080,
cloud,cirrus,0.000,1,512,2.258068,-0.081155,0.563654,0.153893,0.722816,
cloud,cirrus,0.000,2,512,2.305597,-0.096717,0.564489,0.160228,0.803721,
cloud,cirrus,0.000,4,512,2.275296,-0.099945,0.563211,0.151299,0.742265,
cloud,cirrus,0.000,3,512,2.359755,-0.109598,0.564109,0.145806,1.048149,
cloud,cirrus,0.000,8,512,2.325751,-0.077015,0.564552,0.151305,0.791334,
cloud,cascade_lognormal,1.000,11,512,1.836447,-0.366481,0.500000,0.084434,1.551682,
cloud,cirrus,0.100,0,512,2.225939,-0.089212,0.564254,0.160155,0.815666,
cloud,cirrus,0.100,2,512,2.294171,-0.107129,0.565813,0.156471,0.769737,
cloud,cirrus,0.000,7,512,2.277930,-0.083369,0.563969,0.161209,1.529460,
cloud,cirrus,0.100,4,512,2.265727,-0.099348,0.564131,0.151016,0.831033,
cloud,cirrus,0.000,5,512,2.314260,-0.104512,0.563986,0.146556,1.914269,
cloud,cirrus,0.100,3,512,2.343787,-0.114108,0.565264,0.142330,1.040205,
cloud,cirrus,0.100,6,512,2.282639,-0.101221,0.563792,0.175486,0.704374,
cloud,cirrus,0.000,10,512,2.207776,-0.103038,0.562927,0.173082,1.744401,
cloud,cirrus,0.100,7,512,2.270406,-0.086588,0.564994,0.160569,0.709348,
cloud,cirrus,0.000,6,512,2.286983,-0.097792,0.562466,0.177892,2.098869,
cloud,cirrus,0.000,11,512,2.264763,-0.096932,0.564047,0.150083,1.877053,
cloud,cirrus,0.000,9,512,2.331955,-0.103623,0.564387,0.158793,2.147815,
cloud,cirrus,0.100,1,512,2.240451,-0.084240,0.564596,0.153484,2.036369,
cloud,cirrus,0.100,11,512,2.248697,-0.102626,0.565115,0.148545,0.771828,
cloud,cirrus,0.200,0,512,2.205382,-0.101828,0.565130,0.159908,0.668778,
cloud,cirrus,0.100,8,512,2.321422,-0.081542,0.565730,0.149292,1.260623,
cloud,cirrus,0.100,10,512,2.202955,-0.106212,0.564024,0.171297,1.413889,
cloud,cirrus,0.200,7,512,2.263455,-0.096206,0.566070,0.159823,0.689137,
cloud,cirrus,0.200,1,512,2.225466,-0.092696,0.565594,0.152611,1.316402,
cloud,cirrus,0.200,8,512,2.315103,-0.088177,0.566969,0.147044,0.689139,
cloud,cirrus,0.200,4,512,2.256628,-0.105343,0.565065,0.150075,1.375480,
cloud,cirrus,0.200,5,512,2.282030,-0.125294,0.566116,0.144665,1.459549,
cloud,cirrus,0.200,6,512,2.283409,-0.112855,0.565130,0.173781,1.259260,
cloud,cirrus,0.100,9,512,2.321368,-0.112036,0.565709,0.156053,2.120557,
cloud,cirrus,0.200,10,512,2.199198,-0.111382,0.565210,0.169348,0.713791,
cloud,cirrus,0.200,11,512,2.235652,-0.109934,0.566244,0.146674,0.709815,
cloud,cirrus,0.300,1,512,2.211021,-0.105400,0.566720,0.150817,0.709818,
cloud,cirrus,0.200,9,512,2.317157,-0.120644,0.567072,0.152975,1.224479,
cloud,cirrus,0.200,3,512,2.329107,-0.122202,0.566461,0.139080,1.977363,
cloud,cirrus,0.200,2,512,2.287021,-0.122589,0.567164,0.153036,2.395993,
cloud,cirrus,0.300,2,512,2.283853,-0.142955,0.568526,0.149708,0.781090,
cloud,cirrus,0.300,3,512,2.317920,-0.135852,0.567722,0.136040,0.789652,
cloud,cirrus,0.100,5,512,2.297402,-0.113649,0.565023,0.145717,3.525078,
cloud,cirrus,0.300,6,512,2.284558,-0.127907,0.566444,0.171761,0.754491,
cloud,cirrus,0.300,8,512,2.309851,-0.099278,0.568269,0.144621,0.720912,
cloud,cirrus,0.300,7,512,2.256655,-0.111326,0.567182,0.159100,0.736906,
cloud,cirrus,0.300,9,512,2.316397,-0.135694,0.568492,0.149036,0.724251,
cloud,cirrus,0.300,0,512,2.187938,-0.117604,0.566079,0.159811,1.480722,
cloud,cirrus,0.300,10,512,2.199552,-0.121081,0.566462,0.167530,0.830720,
cloud,cirrus,0.400,0,512,2.182076,-0.138246,0.567193,0.159086,0.689162,
cloud,cirrus,0.400,1,512,2.195913,-0.122126,0.568068,0.147017,0.686435,
cloud,cirrus,0.300,4,512,2.248155,-0.116514,0.566044,0.149285,1.571780,
cloud,cirrus,0.400,5,512,2.254319,-0.153750,0.568482,0.142177,0.746357,
cloud,cirrus,0.400,4,512,2.241804,-0.133809,0.567047,0.148724,0.751870,
cloud,cirrus,0.400,6,512,2.284327,-0.144422,0.567755,0.169662,0.734868,
cloud,cirrus,0.400,7,512,2.249276,-0.130212,0.568332,0.158261,0.728870,
cloud,cirrus,0.400,2,512,2.280180,-0.167392,0.569910,0.146565,1.003226,
cloud,cirrus,0.400,8,512,2.305713,-0.114428,0.569630,0.141955,0.878526,
cloud,cirrus,0.400,9,512,2.318278,-0.153621,0.569922,0.145122,0.777143,
cloud,cirrus,0.400,10,512,2.200007,-0.135441,0.567765,0.165705,0.691873,
cloud,cirrus,0.500,0,512,2.181754,-0.163834,0.568309,0.158853,0.690449,
cloud,cirrus,0.500,3,512,2.307499,-0.176301,0.570402,0.130441,0.689460,
cloud,cirrus,0.500,1,512,2.187464,-0.140641,0.569503,0.143088,0.731995,
cloud,cirrus,0.500,2,512,2.275676,-0.191296,0.571298,0.143687,0.750514,
cloud,cirrus,0.500,4,512,2.235511,-0.155777,0.568074,0.148202,0.821918,
cloud,cirrus,0.300,5,512,2.267977,-0.138521,0.567270,0.143478,2.609395,
cloud,cirrus,0.500,5,512,2.241554,-0.172825,0.569742,0.140746,0.895649,
cloud,cirrus,0.500,6,512,2.280272,-0.164437,0.569140,0.166696,0.742910,
cloud,cirrus,0.500,7,512,2.243138,-0.150803,0.569545,0.157326,0.717716,
cloud,cirrus,0.300,11,512,2.225970,-0.124092,0.567427,0.144748,2.392108,
cloud,cirrus,0.500,10,512,2.202575,-0.154524,0.569107,0.163050,0.690056,
cloud,cirrus,0.500,8,512,2.300038,-0.130737,0.571027,0.139247,0.761661,
cloud,cirrus,0.500,9,512,2.318849,-0.174926,0.571350,0.141290,0.746666,
cloud,cirrus,0.400,3,512,2.312175,-0.153973,0.569045,0.133108,2.269658,
cloud,cirrus,0.500,11,512,2.214501,-0.163483,0.569923,0.141481,0.713756,
cloud,cirrus,0.600,3,512,2.301166,-0.201270,0.571787,0.128085,0.666355,
cloud,cirrus,0.600,4,512,2.236330,-0.179149,0.569253,0.147249,0.703241,
cloud,cirrus,0.600,0,512,2.179498,-0.187371,0.569512,0.157689,0.974656,
cloud,cirrus,0.600,6,512,2.273428,-0.187717,0.570536,0.163933,0.666881,
cloud,cirrus,0.400,11,512,2.217452,-0.140896,0.568654,0.143002,2.199206,
cloud,cirrus,0.600,10,512,2.205240,-0.174322,0.570490,0.160236,0.652330,
cloud,cirrus,0.600,2,512,2.272436,-0.216181,0.572713,0.140604,0.970299,
cloud,cirrus,0.600,7,512,2.236311,-0.174783,0.570922,0.154939,0.711581,
cloud,cirrus,0.600,8,512,2.291945,-0.148582,0.572454,0.136619,0.709132,
cloud,cirrus,0.600,1,512,2.193817,-0.157982,0.571229,0.138354,1.232933,
cloud,cirrus,0.600,11,512,2.214230,-0.192435,0.571238,0.140040,0.670011,
cloud,cirrus,0.700,0,512,2.177409,-0.210904,0.570929,0.155331,0.693146,
cloud,cirrus,0.700,1,512,2.198293,-0.176434,0.572896,0.134823,0.844244,
cloud,cirrus,0.700,2,512,2.265779,-0.243041,0.574130,0.137855,0.677287,
cloud,cirrus,0.700,4,512,2.241506,-0.205518,0.570515,0.146291,0.699306,
cloud,cirrus,0.700,7,512,2.229895,-0.203138,0.572325,0.152753,0.702687,
cloud,cirrus,0.700,6,512,2.266011,-0.213557,0.571978,0.160962,0.727522,
cloud,cirrus,0.700,5,512,2.218407,-0.215980,0.572434,0.137483,0.941488,
cloud,cirrus,0.700,8,512,2.283401,-0.167899,0.573927,0.133959,0.877653,
cloud,cirrus,0.700,9,512,2.314848,-0.223847,0.574296,0.133662,0.642030,
cloud,cirrus,0.600,5,512,2.230696,-0.193874,0.571049,0.139331,1.898510,
cloud,cirrus,0.700,10,512,2.207468,-0.193543,0.571927,0.157529,0.697982,
cloud,cirrus,0.800,0,512,2.174495,-0.234998,0.572362,0.153278,0.642288,
cloud,cirrus,0.600,9,512,2.318536,-0.197847,0.572817,0.137341,1.941238,
cloud,cirrus,0.800,1,512,2.200566,-0.193506,0.574557,0.131214,0.680844,
cloud,cirrus,0.800,2,512,2.259433,-0.272673,0.575588,0.135012,0.711462,
cloud,cirrus,0.800,3,512,2.287993,-0.259542,0.574644,0.124002,0.726446,
cloud,cirrus,0.700,11,512,2.210946,-0.222141,0.572596,0.138719,0.937880,
cloud,cirrus,0.800,6,512,2.258342,-0.243187,0.573427,0.158282,0.628953,
cloud,cirrus,0.800,4,512,2.243981,-0.232274,0.571801,0.145547,0.909985,
cloud,cirrus,0.800,8,512,2.273774,-0.187309,0.575405,0.131594,0.711221,
cloud,cirrus,0.700,3,512,2.294570,-0.229220,0.573211,0.125885,1.960016,
cloud,cirrus,0.800,5,512,2.205212,-0.238188,0.573842,0.135775,0.913411,
cloud,cirrus,0.800,9,512,2.307749,-0.250985,0.575785,0.130226,0.647495,
cloud,cirrus,0.800,11,512,2.214270,-0.250992,0.574051,0.137057,0.640028,
cloud,cirrus,0.900,0,512,2.170994,-0.260399,0.573842,0.151279,0.737005,
cloud,cirrus,0.900,1,512,2.194505,-0.209999,0.576167,0.128388,0.721823,
cloud,cirrus,0.900,3,512,2.279112,-0.292094,0.576113,0.122221,0.663131,
cloud,cirrus,0.900,2,512,2.250639,-0.304587,0.577049,0.132397,0.968126,
cloud,cirrus,0.900,5,512,2.195516,-0.261718,0.575324,0.133938,0.715580,
cloud,cirrus,0.900,9,512,2.296972,-0.279262,0.577317,0.126535,0.702790,
cloud,cirrus,0.900,8,512,2.259957,-0.207802,0.576920,0.128931,0.872384,
cloud,cirrus,0.900,10,512,2.204248,-0.237613,0.574956,0.151406,0.668613,
cloud,cirrus,0.900,4,512,2.242836,-0.260877,0.573095,0.145129,1.013527,
cloud,cirrus,0.900,11,512,2.210276,-0.278834,0.575521,0.135498,0.673214,
cloud,cirrus,0.900,7,512,2.214781,-0.258994,0.575322,0.148007,0.963343,
cloud,cirrus,1.000,0,512,2.160338,-0.287025,0.575437,0.148362,0.637609,
cloud,cirrus,1.000,2,512,2.237654,-0.339643,0.578520,0.129958,0.665053,
cloud,cirrus,0.800,7,512,2.221451,-0.232720,0.573731,0.150899,2.240955,
cloud,cirrus,1.000,3,512,2.266581,-0.326426,0.577581,0.120778,0.709556,
cloud,cirrus,1.000,1,512,2.183148,-0.226818,0.577823,0.125255,0.991901,
cloud,cirrus,0.800,10,512,2.207588,-0.216657,0.573419,0.154553,2.253105,
cloud,cirrus,1.000,5,512,2.185749,-0.283692,0.576812,0.132313,0.693578,
cloud,cirrus,1.000,7,512,2.203203,-0.281846,0.576907,0.145413,0.680486,
cloud,cirrus,1.000,9,512,2.282373,-0.308409,0.578858,0.123121,0.673464,
cloud,cirrus,1.000,8,512,2.241172,-0.229070,0.578441,0.126588,0.952054,
cloud,cirrus,1.000,6,512,2.235661,-0.314687,0.576470,0.152324,0.970609,
cloud,cirrus,1.000,10,512,2.195539,-0.261626,0.576511,0.148392,0.699600,
cloud,cirrus,0.900,6,512,2.248751,-0.278919,0.574936,0.155246,2.478663,
cloud,cloud_multifractional,0.000,1,512,1.726946,-0.036827,0.500000,0.224701,1.001488,
cloud,cirrus,1.000,4,512,2.236255,-0.292462,0.574404,0.144913,1.729656,
cloud,cloud_multifractional,0.000,3,512,1.831786,-0.017775,0.500000,0.163872,1.008774,
cloud,cloud_multifractional,0.000,4,512,1.810379,-0.019543,0.500000,0.189344,1.041861,
cloud,cloud_multifractional,0.000,6,512,1.802251,-0.021445,0.500000,0.174919,1.087854,
cloud,cloud_multifractional,0.000,7,512,1.749275,-0.025158,0.500000,0.148796,1.102854,
cloud,cloud_multifractional,0.000,8,512,1.792870,-0.028105,0.500000,0.151937,1.040202,
cloud,cirrus,1.000,11,512,2.200939,-0.308907,0.577003,0.134040,1.723920,
cloud,cloud_multifractional,0.000,11,512,1.777818,-0.039123,0.500000,0.166620,1.110965,
cloud,cloud_multifractional,0.100,1,512,1.657002,-0.067445,0.500000,0.213476,1.082039,
cloud,cloud_multifractional,0.100,0,512,1.710286,-0.063437,0.500000,0.159388,1.148584,
cloud,cloud_multifractional,0.000,5,512,1.796801,-0.010260,0.500000,0.173865,2.211584,
cloud,cloud_multifractional,0.100,3,512,1.792143,-0.043860,0.500000,0.160722,1.093029,
cloud,cloud_multifractional,0.100,2,512,1.751218,-0.062698,0.500000,0.156816,1.116084,
cloud,cloud_multifractional,0.100,4,512,1.773738,-0.043299,0.500000,0.181669,1.152208,
cloud,cloud_multifractional,0.000,0,512,1.764065,-0.021461,0.500000,0.163578,2.947078,
cloud,cloud_multifractional,0.000,2,512,1.808952,-0.033267,0.500000,0.160308,3.034479,
cloud,cloud_multifractional,0.100,6,512,1.760750,-0.043466,0.500000,0.170926,1.048872,
cloud,cloud_multifractional,0.100,7,512,1.694598,-0.054061,0.500000,0.145083,1.056117,
cloud,cloud_multifractional,0.100,8,512,1.743958,-0.059623,0.500000,0.145115,1.122870,
cloud,cloud_multifractional,0.100,10,512,1.698721,-0.054456,0.500000,0.178679,1.059365,
cloud,cloud_multifractional,0.100,11,512,1.724076,-0.074085,0.500000,0.160059,1.166143,
cloud,cloud_multifractional,0.200,0,512,1.657962,-0.118246,0.500000,0.155246,1.164465,
cloud,cloud_multifractional,0.100,9,512,1.789627,-0.072794,0.500000,0.185735,1.578887,
cloud,cloud_multifractional,0.000,9,512,1.833565,-0.036003,0.500000,0.193322,3.184117,
cloud,cloud_multifractional,0.000,10,512,1.751750,-0.026162,0.500000,0.188608,3.073225,
cloud,cloud_multifractional,0.100,5,512,1.742547,-0.031321,0.500000,0.163746,2.551025,
cloud,cloud_multifractional,0.200,3,512,1.752477,-0.078983,0.500000,0.157433,1.056453,
cloud,cloud_multifractional,0.200,4,512,1.737272,-0.076803,0.500000,0.173508,1.034780,
cloud,cloud_multifractional,0.200,5,512,1.688299,-0.061723,0.500000,0.154462,1.222429,
cloud,cloud_multifractional,0.200,6,512,1.718628,-0.071586,0.500000,0.165072,1.067244,
cloud,cloud_multifractional,0.200,1,512,1.587843,-0.110002,0.500000,0.201374,1.816741,
cloud,cloud_multifractional,0.200,7,512,1.639973,-0.090947,0.500000,0.141345,1.264555,
cloud,cloud_multifractional,0.200,8,512,1.695614,-0.103281,0.500000,0.137733,1.403650,
cloud,cloud_multifractional,0.300,1,512,1.519567,-0.161863,0.500000,0.187801,1.132858,
cloud,cloud_multifractional,0.200,9,512,1.745436,-0.121773,0.500000,0.178221,1.503004,
cloud,cloud_multifractional,0.300,2,512,1.638580,-0.146607,0.500000,0.148610,1.156646,
cloud,cloud_multifractional,0.300,0,512,1.606795,-0.182932,0.500000,0.151083,1.496025,
cloud,cloud_multifractional,0.300,3,512,1.712579,-0.122480,0.500000,0.154015,1.087140,
cloud,cloud_multifractional,0.300,4,512,1.700863,-0.118910,0.500000,0.165023,1.172186,
cloud,cloud_multifractional,0.200,10,512,1.646333,-0.091757,0.500000,0.168479,1.812968,
cloud,cloud_multifractional,0.200,2,512,1.694276,-0.100622,0.500000,0.153324,3.027040,
cloud,cloud_multifractional,0.300,8,512,1.646635,-0.157877,0.500000,0.130662,1.250557,
cloud,cloud_multifractional,0.300,10,512,1.594944,-0.137345,0.500000,0.158336,1.258846,
cloud,cloud_multifractional,0.300,6,512,1.676594,-0.104941,0.500000,0.156095,1.717061,
cloud,cloud_multifractional,0.400,0,512,1.555829,-0.252740,0.500000,0.147043,1.166038,
cloud,cloud_multifractional,0.300,11,512,1.616792,-0.172385,0.500000,0.146005,1.202306,
cloud,cloud_multifractional,0.200,11,512,1.670112,-0.118686,0.500000,0.153146,2.772764,
cloud,cloud_multifractional,0.300,9,512,1.700993,-0.181721,0.500000,0.170532,1.538658,
cloud,cloud_multifractional,0.400,1,512,1.451489,-0.221027,0.500000,0.171566,1.150457,
cloud,cloud_multifractional,0.300,5,512,1.633662,-0.100278,0.500000,0.146317,2.339860,
cloud,cloud_multifractional,0.400,2,512,1.583237,-0.200057,0.500000,0.141541,1.209234,
cloud,cloud_multifractional,0.300,7,512,1.585733,-0.134767,0.500000,0.137677,2.464618,
cloud,cloud_multifractional,0.400,4,512,1.664430,-0.169095,0.500000,0.156490,1.151609,
cloud,cloud_multifractional,0.400,5,512,1.578401,-0.144195,0.500000,0.139739,1.142003,
cloud,cloud_multifractional,0.400,3,512,1.668700,-0.176340,0.500000,0.144645,1.761969,
cloud,cloud_multifractional,0.400,8,512,1.597534,-0.222206,0.500000,0.124343,1.149790,
cloud,cloud_multifractional,0.400,7,512,1.531519,-0.183825,0.500000,0.134180,1.175908,
cloud,cloud_multifractional,0.400,11,512,1.564243,-0.233447,0.500000,0.138821,1.117393,
cloud,cloud_multifractional,0.500,1,512,1.383146,-0.285549,0.500000,0.150255,1.108860,
cloud,cloud_multifractional,0.400,6,512,1.634868,-0.143271,0.500000,0.148207,1.552767,
cloud,cloud_multifractional,0.400,10,512,1.544156,-0.189388,0.500000,0.147526,1.580303,
cloud,cloud_multifractional,0.500,3,512,1.626075,-0.235131,0.500000,0.137085,1.108471,
cloud,cloud_multifractional,0.500,4,512,1.627340,-0.226226,0.500000,0.148327,1.157538,
cloud,cloud_multifractional,0.500,6,512,1.592925,-0.184900,0.500000,0.141632,1.200345,
cloud,cloud_multifractional,0.500,8,512,1.546941,-0.293926,0.500000,0.119353,1.154051,
cloud,cloud_multifractional,0.500,9,512,1.611374,-0.320132,0.500000,0.150823,1.188948,
cloud,cloud_multifractional,0.500,7,512,1.477635,-0.235600,0.500000,0.130907,1.528932,
cloud,cloud_multifractional,0.500,10,512,1.491963,-0.244555,0.500000,0.136879,1.331571,
cloud,cloud_multifractional,0.400,9,512,1.656256,-0.249632,0.500000,0.162301,2.858458,
cloud,cloud_multifractional,0.500,11,512,1.512003,-0.299370,0.500000,0.131833,1.211912,
cloud,cloud_multifractional,0.600,0,512,1.489645,-0.359288,0.500000,0.139300,1.088218,
cloud,cloud_multifractional,0.600,1,512,1.358649,-0.319962,0.500000,0.142990,1.073782,
cloud,cloud_multifractional,0.500,5,512,1.522050,-0.190190,0.500000,0.135211,2.408321,
cloud,cloud_multifractional,0.600,3,512,1.615236,-0.266492,0.500000,0.134906,1.126674,
cloud,cloud_multifractional,0.500,0,512,1.504890,-0.321972,0.500000,0.142010,3.422657,
cloud,cloud_multifractional,0.600,4,512,1.618805,-0.257658,0.500000,0.145462,1.083359,
cloud,cloud_multifractional,0.600,5,512,1.504099,-0.214999,0.500000,0.134193,1.125579,
cloud,cloud_multifractional,0.600,6,512,1.582096,-0.207713,0.500000,0.139610,1.234669,
cloud,cloud_multifractional,0.600,7,512,1.460590,-0.263890,0.500000,0.129928,1.267756,
cloud,cloud_multifractional,0.600,8,512,1.531682,-0.333196,0.500000,0.117844,1.262727,
cloud,cloud_multifractional,0.600,10,512,1.475605,-0.274190,0.500000,0.133302,1.092479,
cloud,cloud_multifractional,0.500,2,512,1.526958,-0.258202,0.500000,0.134714,3.498179,
cloud,cloud_multifractional,0.700,0,512,1.499868,-0.376320,0.500000,0.139871,1.104528,
cloud,cloud_multifractional,0.700,2,512,1.518656,-0.301773,0.500000,0.132904,1.122432,
cloud,cloud_multifractional,0.700,3,512,1.626656,-0.277911,0.500000,0.135327,1.124749,
cloud,cloud_multifractional,0.700,1,512,1.365955,-0.333220,0.500000,0.143335,1.385090,
cloud,cloud_multifractional,0.600,2,512,1.509040,-0.289931,0.500000,0.132344,2.850238,
cloud,cloud_multifractional,0.700,5,512,1.514150,-0.225221,0.500000,0.134480,1.113479,
cloud,cloud_multifractional,0.700,4,512,1.631333,-0.268436,0.500000,0.145986,1.309708,
cloud,cloud_multifractional,0.700,7,512,1.469885,-0.275605,0.500000,0.130451,1.105518,
cloud,cloud_multifractional,0.600,9,512,1.598936,-0.359079,0.500000,0.147048,2.290821,
cloud,cloud_multifractional,0.700,6,512,1.593549,-0.216451,0.500000,0.140100,1.287645,
cloud,cloud_multifractional,0.700,9,512,1.610249,-0.374320,0.500000,0.147673,1.158691,
cloud,cloud_multifractional,0.700,10,512,1.485799,-0.286004,0.500000,0.133733,1.168684,
cloud,cloud_multifractional,0.700,11,512,1.506006,-0.348575,0.500000,0.130033,1.110236,
cloud,cloud_multifractional,0.800,0,512,1.510129,-0.393765,0.500000,0.140445,1.303586,
cloud,cloud_multifractional,0.800,2,512,1.528285,-0.313835,0.500000,0.133465,1.187010,
cloud,cloud_multifractional,0.800,3,512,1.638141,-0.289589,0.500000,0.135750,1.279024,
cloud,cloud_multifractional,0.800,4,512,1.643867,-0.279418,0.500000,0.146519,1.145419,
cloud,cloud_multifractional,0.800,6,512,1.605033,-0.225372,0.500000,0.140593,1.284804,
cloud,cloud_multifractional,0.800,7,512,1.479167,-0.287568,0.500000,0.130979,1.125760,
cloud,cloud_multifractional,0.600,11,512,1.495783,-0.335072,0.500000,0.129408,3.561181,
cloud,cloud_multifractional,0.800,8,512,1.553543,-0.361724,0.500000,0.118343,1.107589,
cloud,cloud_multifractional,0.800,9,512,1.621558,-0.389876,0.500000,0.148304,1.085835,
cloud,cloud_multifractional,0.800,11,512,1.516285,-0.362350,0.500000,0.130661,1.194285,
cloud,cloud_multifractional,0.900,1,512,1.380550,-0.360513,0.500000,0.144033,1.120912,
cloud,cloud_multifractional,0.800,10,512,1.496007,-0.298080,0.500000,0.134169,1.415967,
cloud,cloud_multifractional,0.700,8,512,1.542616,-0.347324,0.500000,0.118092,3.586417,
cloud,cloud_multifractional,0.900,3,512,1.649652,-0.301505,0.500000,0.136176,1.085727,
cloud,cloud_multifractional,0.900,0,512,1.520381,-0.411586,0.500000,0.141023,1.511461,
cloud,cloud_multifractional,0.900,5,512,1.534237,-0.246384,0.500000,0.135060,1.112944,
cloud,cloud_multifractional,0.900,2,512,1.537938,-0.326119,0.500000,0.134026,1.540107,
cloud,cloud_multifractional,0.900,6,512,1.616543,-0.234454,0.500000,0.141087,1.171102,
cloud,cloud_multifractional,0.800,1,512,1.373249,-0.346726,0.500000,0.143683,3.340406,
cloud,cloud_multifractional,0.900,7,512,1.488440,-0.299761,0.500000,0.131510,1.141484,
cloud,cloud_multifractional,0.900,8,512,1.564463,-0.376389,0.500000,0.118595,1.108840,
cloud,cloud_multifractional,0.800,5,512,1.524190,-0.235685,0.500000,0.134769,3.641286,
cloud,cloud_multifractional,0.900,9,512,1.632949,-0.405686,0.500000,0.148942,1.384438,
cloud,cloud_multifractional,0.900,11,512,1.526569,-0.376352,0.500000,0.131290,1.186685,
cloud,cloud_multifractional,1.000,0,512,1.530670,-0.429808,0.500000,0.141581,1.267638,
cloud,cloud_multifractional,1.000,1,512,1.387853,-0.374586,0.500000,0.144385,1.200109,
cloud,cloud_multifractional,1.000,3,512,1.661147,-0.313640,0.500000,0.136604,1.120564,
cloud,cloud_multifractional,1.000,2,512,1.547621,-0.338624,0.500000,0.134588,1.226610,
cloud,warped_fbm,0.000,0,512,1.763962,0.011894,0.506388,0.160447,0.522098,
cloud,cloud_multifractional,1.000,6,512,1.628086,-0.243682,0.500000,0.141584,1.147603,
cloud,cloud_multifractional,1.000,5,512,1.544281,-0.257307,0.500000,0.135355,1.465649,
cloud,warped_fbm,0.000,2,512,1.812107,0.000885,0.388789,0.174324,0.401911,
cloud,warped_fbm,0.000,1,512,1.756706,-0.009394,0.457433,0.235892,0.842488,
cloud,cloud_multifractional,1.000,8,512,1.575365,-0.391302,0.500000,0.118850,1.282320,
cloud,cloud_multifractional,1.000,11,512,1.536843,-0.390585,0.500000,0.131920,1.098164,
cloud,cloud_multifractional,1.000,10,512,1.516460,-0.322941,0.500000,0.135054,1.224690,
cloud,warped_fbm,0.000,3,512,1.804303,-0.000628,0.492723,0.161858,0.638963,
cloud,warped_fbm,0.000,4,512,1.749332,-0.004120,0.587214,0.175813,0.446027,
cloud,warped_fbm,0.000,5,512,1.782113,-0.004724,0.575682,0.161560,0.481323,
cloud,warped_fbm,0.000,7,512,1.767775,0.003644,0.525457,0.145220,0.464766,
cloud,cloud_multifractional,0.900,4,512,1.656410,-0.290610,0.500000,0.147059,3.877158,
cloud,cloud_multifractional,1.000,9,512,1.644342,-0.421774,0.500000,0.149585,1.685923,
cloud,warped_fbm,0.000,8,512,1.780366,-0.001598,0.465514,0.160691,0.523266,
cloud,warped_fbm,0.000,6,512,1.757459,-0.009534,0.466999,0.175825,0.688380,
cloud,warped_fbm,0.000,10,512,1.750708,-0.008695,0.503835,0.191116,0.469223,
cloud,warped_fbm,0.000,9,512,1.806082,-0.001572,0.478290,0.187598,0.502263,
cloud,warped_fbm,0.000,11,512,1.771609,0.001493,0.448661,0.172282,0.461690,
cloud,warped_fbm,0.100,1,512,1.694800,-0.006613,0.459375,0.227096,0.461728,
cloud,warped_fbm,0.100,0,512,1.709348,0.009857,0.509865,0.154585,0.506248,
cloud,warped_fbm,0.100,4,512,1.681048,-0.002620,0.588892,0.170184,0.505082,
cloud,warped_fbm,0.100,5,512,1.715596,-0.006988,0.573729,0.158022,0.479567,
cloud,warped_fbm,0.100,6,512,1.704058,-0.011515,0.468461,0.170438,0.463063,
cloud,warped_fbm,0.100,7,512,1.714215,0.002252,0.522668,0.142029,0.542376,
cloud,cloud_multifractional,1.000,4,512,1.668961,-0.302052,0.500000,0.147608,3.092864,
cloud,warped_fbm,0.100,8,512,1.719651,-0.002376,0.467551,0.156727,0.492827,
cloud,warped_fbm,0.100,9,512,1.748022,-0.001977,0.474545,0.182695,0.456725,
cloud,cloud_multifractional,0.900,10,512,1.506222,-0.310392,0.500000,0.134609,3.865460,
cloud,warped_fbm,0.100,10,512,1.690218,-0.007920,0.501463,0.185199,0.523811,
cloud,warped_fbm,0.200,1,512,1.638178,-0.006089,0.460664,0.218381,0.491736,
cloud,warped_fbm,0.200,0,512,1.648760,0.005021,0.514055,0.148060,0.507682,
cloud,warped_fbm,0.100,11,512,1.712796,0.000370,0.450127,0.167891,0.553268,
cloud,warped_fbm,0.200,3,512,1.669884,0.003215,0.497167,0.153900,0.506518,
cloud,warped_fbm,0.200,2,512,1.684980,-0.000822,0.401854,0.163600,0.551046,
cloud,warped_fbm,0.200,4,512,1.623505,-0.002061,0.588924,0.164908,0.518047,
cloud,warped_fbm,0.100,3,512,1.739230,-0.000353,0.493688,0.157951,1.291418,
cloud,warped_fbm,0.100,2,512,1.745301,-0.000945,0.393234,0.168358,1.379530,
cloud,warped_fbm,0.200,5,512,1.650344,-0.005631,0.568944,0.154099,0.472131,
cloud,warped_fbm,0.200,7,512,1.665566,-0.002561,0.518981,0.138723,0.555072,
cloud,warped_fbm,0.200,8,512,1.659823,-0.002832,0.467211,0.152302,0.479336,
cloud,warped_fbm,0.200,9,512,1.690750,-0.002862,0.474722,0.177408,0.577884,
cloud,warped_fbm,0.200,10,512,1.638061,-0.008182,0.500365,0.180296,0.561879,
cloud,warped_fbm,0.300,4,512,1.562654,-0.003099,0.586888,0.160286,0.476949,
cloud,warped_fbm,0.200,11,512,1.655507,0.004336,0.449219,0.163193,0.577984,
cloud,warped_fbm,0.300,0,512,1.587699,0.002385,0.517606,0.142195,0.565984,
cloud,warped_fbm,0.300,1,512,1.585069,-0.002965,0.462583,0.209482,0.597040,
cloud,cloud_multifractional,1.000,7,512,1.497755,-0.312216,0.500000,0.132045,3.774635,
cloud,warped_fbm,0.300,5,512,1.590610,-0.004747,0.564053,0.150733,0.541112,
cloud,warped_fbm,0.300,6,512,1.595004,-0.010493,0.473259,0.157157,0.493285,
cloud,warped_fbm,0.200,6,512,1.649913,-0.010385,0.472489,0.164164,1.189903,
cloud,warped_fbm,0.300,7,512,1.608967,-0.005457,0.517161,0.135098,0.535857,
cloud,warped_fbm,0.300,8,512,1.596248,-0.000117,0.468460,0.147394,0.573373,
cloud,warped_fbm,0.300,9,512,1.634276,-0.007185,0.476861,0.170700,0.512190,
cloud,warped_fbm,0.300,11,512,1.605970,0.006244,0.453719,0.156674,0.541313,
cloud,warped_fbm,0.300,10,512,1.576704,-0.009109,0.495156,0.172927,0.626102,
cloud,warped_fbm,0.400,0,512,1.526877,0.002808,0.524360,0.137024,0.614053,
cloud,warped_fbm,0.300,2,512,1.631553,-0.003649,0.408840,0.158518,1.253138,
cloud,warped_fbm,0.400,2,512,1.571525,-0.000933,0.415965,0.152052,0.512444,
cloud,warped_fbm,0.400,1,512,1.529469,-0.000417,0.465409,0.201016,0.611611,
cloud,warped_fbm,0.400,3,512,1.545608,0.001142,0.498459,0.145787,0.530225,
cloud,warped_fbm,0.300,3,512,1.605744,0.004728,0.499371,0.150037,1.265116,
cloud,warped_fbm,0.400,6,512,1.539728,-0.008833,0.478098,0.151731,0.505625,
cloud,warped_fbm,0.400,7,512,1.552654,-0.005359,0.513390,0.132216,0.527559,
cloud,warped_fbm,0.400,8,512,1.532318,0.000235,0.464356,0.143991,0.511959,
cloud,warped_fbm,0.400,5,512,1.529938,-0.007822,0.556207,0.146298,0.653207,
cloud,warped_fbm,0.500,0,512,1.471373,0.002240,0.529248,0.131124,0.539222,
cloud,warped_fbm,0.400,9,512,1.579092,-0.007824,0.478189,0.163809,0.691868,
cloud,warped_fbm,0.400,4,512,1.513647,-0.004742,0.583134,0.155895,1.073790,
cloud,warped_fbm,0.500,2,512,1.511005,0.001657,0.420701,0.147394,0.558316,
cloud,warped_fbm,0.400,10,512,1.516570,-0.012563,0.490727,0.164827,0.703388,
cloud,warped_fbm,0.500,4,512,1.461862,-0.003814,0.582253,0.150378,0.560858,
cloud,warped_fbm,0.400,11,512,1.553651,0.007937,0.460529,0.151381,0.828927,
cloud,warped_fbm,0.500,1,512,1.478613,0.002063,0.465984,0.192328,0.842960,
cloud,warped_fbm,0.500,3,512,1.477279,-0.002186,0.500506,0.141724,0.805966,
cloud,warped_fbm,0.500,6,512,1.477762,-0.007796,0.479484,0.146174,0.548870,
cloud,warped_fbm,0.500,5,512,1.466916,-0.009663,0.548427,0.141898,0.565392,
cloud,warped_fbm,0.500,7,512,1.488192,-0.003489,0.506835,0.128354,0.658472,
cloud,warped_fbm,0.500,8,512,1.470936,0.000376,0.468161,0.138258,0.563757,
cloud,warped_fbm,0.500,11,512,1.500477,0.005871,0.463307,0.143605,0.564744,
cloud,warped_fbm,0.500,9,512,1.517658,-0.008748,0.481634,0.157924,0.654334,
cloud,warped_fbm,0.600,0,512,1.419791,0.003588,0.526960,0.126899,0.670483,
cloud,warped_fbm,0.500,10,512,1.464478,-0.014038,0.481872,0.156963,0.710934,
cloud,warped_fbm,0.600,1,512,1.425579,0.003655,0.462137,0.180083,0.570930,
cloud,warped_fbm,0.600,5,512,1.406174,-0.008995,0.546573,0.140347,0.580925,
cloud,warped_fbm,0.600,6,512,1.417487,-0.006948,0.478920,0.141392,0.582386,
cloud,warped_fbm,0.600,2,512,1.440836,0.004241,0.433177,0.140744,0.723605,
cloud,warped_fbm,0.600,3,512,1.405502,-0.004516,0.495005,0.136346,0.724969,
cloud,warped_fbm,0.600,7,512,1.428564,-0.003825,0.506222,0.125711,0.632081,
cloud,warped_fbm,0.600,4,512,1.412133,-0.001970,0.582473,0.143465,0.780317,
cloud,warped_fbm,0.600,8,512,1.412198,0.000300,0.466840,0.134805,0.563609,
cloud,warped_fbm,0.600,9,512,1.454421,-0.009239,0.482131,0.151001,0.599505,
cloud,warped_fbm,0.700,1,512,1.371074,0.000190,0.468634,0.174740,0.542637,
cloud,warped_fbm,0.600,10,512,1.406417,-0.014103,0.479878,0.152321,0.660311,
cloud,warped_fbm,0.600,11,512,1.440787,0.000610,0.465450,0.141070,0.630124,
cloud,warped_fbm,0.700,2,512,1.375702,0.002266,0.434325,0.135998,0.567117,
cloud,warped_fbm,0.700,3,512,1.341412,-0.004351,0.492290,0.135993,0.606311,
cloud,warped_fbm,0.700,0,512,1.368708,0.002389,0.533819,0.121017,0.873122,
cloud,warped_fbm,0.700,8,512,1.355220,0.001036,0.465782,0.129899,0.573594,
cloud,warped_fbm,0.700,6,512,1.361821,-0.001164,0.480045,0.137466,0.712093,
cloud,warped_fbm,0.700,9,512,1.398092,-0.008297,0.487182,0.145321,0.567605,
cloud,warped_fbm,0.700,4,512,1.373787,-0.003789,0.584389,0.138682,0.834261,
cloud,warped_fbm,0.700,5,512,1.346823,-0.012867,0.540837,0.135422,0.817840,
cloud,warped_fbm,0.700,7,512,1.375125,-0.001254,0.502770,0.123336,0.794672,
cloud,warped_fbm,0.700,10,512,1.352828,-0.012604,0.474145,0.143769,0.557818,
cloud,warped_fbm,0.700,11,512,1.384195,-0.000671,0.470922,0.132989,0.663292,
cloud,warped_fbm,0.800,1,512,1.311224,0.001541,0.473222,0.161325,0.563142,
cloud,warped_fbm,0.800,0,512,1.310002,0.001829,0.525447,0.118695,0.673161,
cloud,warped_fbm,0.800,2,512,1.308914,-0.001920,0.445224,0.131327,0.562924,
cloud,warped_fbm,0.800,4,512,1.322085,-0.006247,0.565441,0.133320,0.566564,
cloud,warped_fbm,0.800,3,512,1.286299,-0.005732,0.498738,0.131822,0.705854,
cloud,warped_fbm,0.800,6,512,1.310392,-0.001585,0.486338,0.135807,0.557958,
cloud,warped_fbm,0.800,5,512,1.287810,-0.009636,0.534587,0.134968,0.577946,
cloud,warped_fbm,0.800,10,512,1.294356,-0.005446,0.470497,0.141112,0.549829,
cloud,warped_fbm,0.900,0,512,1.249997,0.000780,0.544661,0.113598,0.555935,
cloud,warped_fbm,0.900,2,512,1.243761,-0.004247,0.443469,0.126420,0.519066,
cloud,warped_fbm,0.900,1,512,1.247998,0.002966,0.472883,0.158040,0.589057,
cloud,warped_fbm,0.800,7,512,1.315034,-0.002588,0.499641,0.121696,0.844399,
cloud,warped_fbm,0.800,8,512,1.301540,0.000772,0.466400,0.126808,0.890950,
cloud,warped_fbm,0.800,9,512,1.336237,-0.005847,0.492000,0.136246,0.875293,
cloud,warped_fbm,0.900,3,512,1.231525,-0.004324,0.493461,0.126417,0.522011,
cloud,warped_fbm,0.800,11,512,1.317827,-0.002430,0.470736,0.129419,0.828736,
cloud,warped_fbm,0.900,5,512,1.225374,-0.012261,0.514327,0.127599,0.535635,
cloud,warped_fbm,0.900,4,512,1.262666,-0.008255,0.574727,0.128059,0.586668,
cloud,warped_fbm,0.900,6,512,1.262074,-0.001373,0.481847,0.129897,0.612254,
cloud,warped_fbm,0.900,7,512,1.252916,0.000022,0.497481,0.120098,0.538904,
cloud,warped_fbm,0.900,9,512,1.276195,-0.005761,0.479138,0.130543,0.494921,
cloud,warped_fbm,0.900,8,512,1.252058,0.001838,0.471416,0.123472,0.539961,
cloud,warped_fbm,1.000,2,512,1.184662,-0.008073,0.454225,0.121839,0.529585,
cloud,warped_fbm,0.900,10,512,1.231102,-0.001015,0.472325,0.133388,0.674690,
cloud,warped_fbm,1.000,4,512,1.205256,-0.010986,0.559613,0.124203,0.524631,
cloud,warped_fbm,0.900,11,512,1.260482,-0.006720,0.476288,0.122370,0.759912,
cloud,warped_fbm,1.000,1,512,1.192837,0.003273,0.471595,0.147143,0.703340,
cloud,warped_fbm,1.000,0,512,1.190878,0.001174,0.536687,0.110744,0.778383,
cloud,warped_fbm,1.000,5,512,1.168242,-0.010408,0.513576,0.124985,0.631307,
cloud,warped_fbm,1.000,6,512,1.203535,-0.003015,0.492206,0.127688,0.592721,
cloud,warped_fbm,1.000,8,512,1.199347,0.003221,0.463583,0.120081,0.501092,
cloud,warped_fbm,1.000,3,512,1.168357,-0.002931,0.490403,0.125237,0.758429,
cloud,warped_fbm,1.000,9,512,1.211853,-0.003413,0.493193,0.123676,0.484607,
cloud,warped_fbm,1.000,7,512,1.198801,-0.000650,0.496307,0.117846,0.662797,
cloud,warped_fbm,1.000,10,512,1.177233,0.001287,0.461154,0.128174,0.408025,
cloud,warped_fbm,1.000,11,512,1.203615,-0.007464,0.471615,0.117927,0.418537,
cloud,ridged,0.000,0,512,4.105254,-2.354586,0.564077,0.291107,0.783323,
cloud,ridged,0.000,2,512,4.112728,-2.185038,0.563984,0.283194,0.781211,
cloud,ridged,0.000,1,512,4.093600,-2.675820,0.562823,0.296013,0.910461,
cloud,ridged,0.000,6,512,4.006676,-1.905995,0.553099,0.257611,0.797740,
cloud,ridged,0.000,4,512,4.113705,-2.354956,0.559061,0.314047,0.856112,
cloud,ridged,0.000,5,512,3.991601,-2.281055,0.563439,0.283347,0.849780,
cloud,ridged,0.000,8,512,3.988047,-2.402587,0.560159,0.268617,0.809225,
cloud,ridged,0.000,3,512,3.995387,-2.408083,0.564268,0.262888,0.921374,
cloud,ridged,0.000,10,512,3.958471,-2.442706,0.562908,0.281307,0.778077,
cloud,ridged,0.000,11,512,4.001520,-2.579451,0.565005,0.312529,0.781599,
cloud,ridged,0.000,7,512,4.074710,-1.859586,0.563896,0.245848,0.928732,
cloud,ridged,0.000,9,512,4.051837,-2.228288,0.557700,0.246332,0.908778,
cloud,ridged,0.100,0,512,4.035235,-2.164379,0.565408,0.295453,0.742567,
cloud,ridged,0.100,1,512,4.028104,-2.524577,0.564306,0.299247,0.779253,
cloud,ridged,0.100,6,512,3.921748,-1.672289,0.553953,0.259463,0.745504,
cloud,ridged,0.100,2,512,4.055194,-2.007181,0.565227,0.285087,0.868697,
cloud,ridged,0.100,3,512,3.949840,-2.287008,0.566189,0.261666,0.836195,
cloud,ridged,0.100,5,512,3.901237,-2.034841,0.564446,0.289452,0.835783,
cloud,ridged,0.100,8,512,3.918297,-2.095695,0.561300,0.273397,0.767390,
cloud,ridged,0.100,9,512,3.972254,-2.010385,0.559237,0.243549,0.803475,
cloud,ridged,0.100,10,512,3.902673,-2.229778,0.564368,0.282752,0.806029,
cloud,ridged,0.100,7,512,4.020720,-1.749065,0.565149,0.251814,0.940603,
cloud,ridged,0.100,4,512,4.048588,-2.125909,0.560131,0.319044,1.004146,
cloud,ridged,0.100,11,512,3.932927,-2.413775,0.565950,0.314920,0.999575,
cloud,ridged,0.200,0,512,3.575343,-1.890945,0.564820,0.288960,0.837935,
cloud,ridged,0.200,2,512,3.618965,-1.890039,0.566247,0.272586,0.868947,
cloud,ridged,0.200,3,512,3.365295,-1.655302,0.567009,0.255375,0.889857,
cloud,ridged,0.200,1,512,3.517624,-1.860493,0.564220,0.284311,1.082432,
cloud,ridged,0.200,6,512,3.653552,-1.605957,0.557440,0.241220,0.848670,
cloud,ridged,0.200,7,512,3.552349,-1.761700,0.561889,0.251638,0.870069,
cloud,ridged,0.200,5,512,3.584094,-1.879259,0.562198,0.299955,0.948273,
cloud,ridged,0.200,10,512,3.423596,-1.785485,0.562805,0.267840,0.876185,
cloud,ridged,0.200,4,512,3.590789,-1.808163,0.557844,0.310962,1.094648,
cloud,ridged,0.200,8,512,3.501274,-1.877063,0.560351,0.265533,1.017787,
cloud,ridged,0.200,9,512,3.639041,-1.974700,0.558902,0.241083,1.055726,
cloud,ridged,0.300,0,512,3.556268,-1.852522,0.566231,0.292305,0.822164,
cloud,ridged,0.200,11,512,3.487066,-1.915822,0.569508,0.301431,1.043332,
cloud,ridged,0.300,1,512,3.482714,-1.811747,0.565936,0.284531,0.839890,
cloud,ridged,0.300,2,512,3.590004,-1.828999,0.567244,0.275685,0.841887,
cloud,ridged,0.300,4,512,3.571426,-1.750449,0.558954,0.316115,0.835887,
cloud,ridged,0.300,7,512,3.509489,-1.712068,0.563324,0.253102,0.832662,
cloud,ridged,0.300,3,512,3.343291,-1.599276,0.569380,0.256919,1.029474,
cloud,ridged,0.300,8,512,3.461592,-1.839951,0.561480,0.269385,0.857183,
cloud,ridged,0.300,6,512,3.632901,-1.593708,0.558770,0.245065,0.996416,
cloud,ridged,0.300,5,512,3.584779,-1.883324,0.562899,0.305910,1.011366,
cloud,ridged,0.300,9,512,3.616252,-1.930937,0.560381,0.241095,0.970718,
cloud,ridged,0.300,10,512,3.409976,-1.737825,0.563993,0.273051,1.004230,
cloud,ridged,0.300,11,512,3.476697,-1.891274,0.570054,0.309214,0.870332,
cloud,ridged,0.400,0,512,2.977076,-0.780535,0.567511,0.287386,1.006897,
cloud,ridged,0.400,1,512,2.992503,-0.798250,0.567819,0.277943,0.928270,
cloud,ridged,0.400,2,512,3.000611,-0.712923,0.568795,0.280025,0.875211,
cloud,ridged,0.400,3,512,2.894850,-0.680458,0.569813,0.253244,0.911241,
cloud,ridged,0.400,4,512,3.035588,-0.686486,0.558826,0.307194,0.900476,
cloud,ridged,0.400,6,512,3.053476,-0.748602,0.561209,0.242114,0.904511,
cloud,ridged,0.400,5,512,2.985835,-0.748064,0.576393,0.303896,1.062079,
cloud,ridged,0.400,8,512,2.960791,-0.686432,0.562256,0.263667,1.082571,
cloud,ridged,0.400,7,512,2.937936,-0.796698,0.564903,0.242948,1.099122,
cloud,ridged,0.400,9,512,2.994876,-0.891900,0.562981,0.230725,1.020611,
cloud,ridged,0.400,11,512,3.072504,-0.975886,0.570340,0.305738,0.933548,
cloud,ridged,0.400,10,512,3.015901,-0.758834,0.564509,0.270671,1.027748,
cloud,ridged,0.500,0,512,2.947979,-0.726639,0.569424,0.288157,1.007987,
cloud,ridged,0.500,2,512,2.973073,-0.665093,0.569965,0.279343,0.894312,
cloud,ridged,0.500,1,512,2.959939,-0.737866,0.569648,0.277128,0.903312,
cloud,ridged,0.500,3,512,2.872762,-0.650975,0.571671,0.253710,0.883801,
cloud,ridged,0.500,4,512,3.015832,-0.652210,0.559891,0.311939,0.868516,
cloud,ridged,0.500,5,512,2.959257,-0.703959,0.566098,0.298817,0.899035,
cloud,ridged,0.500,6,512,3.019593,-0.710255,0.562690,0.246865,0.988619,
cloud,ridged,0.500,10,512,3.016085,-0.737172,0.565853,0.275362,0.906380,
cloud,ridged,0.500,7,512,2.916145,-0.758473,0.566554,0.243799,1.028126,
cloud,ridged,0.500,9,512,2.972945,-0.833019,0.564579,0.232616,1.020144,
cloud,ridged,0.500,8,512,2.943645,-0.648253,0.563266,0.267353,1.080687,
cloud,ridged,0.500,11,512,3.046477,-0.911394,0.570942,0.312773,1.014004,
cloud,ridged,0.600,1,512,2.932764,-0.691765,0.571314,0.277749,0.875192,
cloud,ridged,0.600,2,512,2.945337,-0.623259,0.570768,0.282341,0.917192,
cloud,ridged,0.600,0,512,2.917220,-0.684192,0.570994,0.291884,1.016137,
cloud,ridged,0.600,3,512,2.860730,-0.620575,0.573520,0.254519,0.961755,
cloud,ridged,0.600,4,512,2.989094,-0.619907,0.560367,0.311616,0.864721,
cloud,ridged,0.600,5,512,2.944812,-0.677877,0.567975,0.299520,0.922497,
cloud,ridged,0.600,7,512,2.887149,-0.707384,0.567989,0.247862,0.900772,
cloud,ridged,0.600,6,512,2.987336,-0.683324,0.564272,0.251815,1.099436,
cloud,ridged,0.600,9,512,2.950111,-0.780912,0.566357,0.234019,1.065926,
cloud,ridged,0.600,8,512,2.927209,-0.613800,0.564530,0.271143,1.125970,
cloud,ridged,0.600,11,512,3.023002,-0.856483,0.571552,0.319079,1.018423,
cloud,ridged,0.600,10,512,3.013829,-0.718386,0.567421,0.279290,1.122134,
cloud,ridged,0.700,0,512,2.526887,-0.236023,0.573237,0.286016,0.931125,
cloud,ridged,0.700,1,512,2.505208,-0.200183,0.571824,0.280954,0.985227,
cloud,ridged,0.700,4,512,2.608369,-0.165133,0.561141,0.309537,0.927665,
cloud,ridged,0.700,3,512,2.527765,-0.199274,0.574248,0.253958,1.009177,
cloud,ridged,0.700,2,512,2.506745,-0.106830,0.571058,0.282763,1.180852,
cloud,ridged,0.700,5,512,2.498416,-0.145665,0.570434,0.293247,0.949118,
cloud,ridged,0.700,6,512,2.513253,-0.173653,0.566339,0.253166,0.941655,
cloud,ridged,0.800,0,512,2.506801,-0.232996,0.575111,0.287058,0.934658,
cloud,ridged,0.700,7,512,2.571661,-0.252610,0.568399,0.257409,1.171776,
cloud,ridged,0.700,8,512,2.585303,-0.220119,0.566125,0.275162,1.106116,
cloud,ridged,0.700,10,512,2.603977,-0.215268,0.569128,0.277706,1.094738,
cloud,ridged,0.800,2,512,2.489347,-0.108874,0.571891,0.285146,0.931128,
cloud,ridged,0.700,9,512,2.445064,-0.194043,0.568785,0.229892,1.189949,
cloud,ridged,0.800,1,512,2.501418,-0.209325,0.572156,0.287976,1.019338,
cloud,ridged,0.700,11,512,2.620434,-0.266981,0.573022,0.312257,1.251690,
cloud,ridged,0.800,3,512,2.505154,-0.193143,0.576290,0.255150,1.128313,
cloud,ridged,0.800,5,512,2.488307,-0.149694,0.578148,0.298278,1.018762,
cloud,ridged,0.800,6,512,2.495311,-0.183787,0.567577,0.261789,0.910140,
cloud,ridged,0.800,4,512,2.594139,-0.171496,0.561254,0.313569,1.241347,
cloud,ridged,0.800,7,512,2.566394,-0.240699,0.570092,0.263739,0.981449,
cloud,ridged,0.800,11,512,2.593236,-0.255734,0.573861,0.308055,0.958368,
cloud,ridged,0.800,9,512,2.441095,-0.185894,0.570684,0.231904,1.074551,
cloud,ridged,0.800,10,512,2.596539,-0.221666,0.571038,0.280286,1.072953,
cloud,ridged,0.900,1,512,2.212377,-0.066923,0.573436,0.285018,1.029252,
cloud,ridged,0.900,0,512,2.269725,-0.134335,0.576134,0.292949,1.108704,
cloud,ridged,0.800,8,512,2.578385,-0.218666,0.567215,0.282859,1.385279,
cloud,ridged,0.900,4,512,2.331355,-0.045581,0.561913,0.313412,0.997637,
cloud,ridged,0.900,2,512,2.245767,0.012544,0.573179,0.281806,1.295125,
cloud,ridged,0.900,5,512,2.241446,-0.030868,0.580491,0.294538,0.982263,
cloud,ridged,0.900,3,512,2.245075,-0.081375,0.578597,0.253372,1.331981,
cloud,ridged,0.900,6,512,2.253303,-0.059521,0.568985,0.271620,1.249720,
cloud,ridged,0.900,7,512,2.278546,-0.097976,0.570421,0.278835,0.982843,
cloud,ridged,0.900,8,512,2.344394,-0.086623,0.568572,0.290062,0.956311,
cloud,ridged,0.900,11,512,2.329503,-0.095378,0.574920,0.303504,0.999327,
cloud,ridged,0.900,9,512,2.133004,-0.052139,0.572813,0.231714,1.102863,
cloud,ridged,1.000,0,512,2.250158,-0.145640,0.579079,0.296216,1.035933,
cloud,ridged,1.000,2,512,2.232867,0.006339,0.574562,0.281813,0.982578,
cloud,ridged,1.000,4,512,2.324154,-0.060028,0.562250,0.315018,1.074590,
cloud,ridged,0.900,10,512,2.312671,-0.081372,0.573941,0.274971,1.633787,
cloud,ridged,1.000,1,512,2.200680,-0.063238,0.575498,0.280842,1.558158,
cloud,ridged,1.000,6,512,2.231369,-0.070100,0.571550,0.277186,1.204830,
cloud,ridged,1.000,7,512,2.291239,-0.108847,0.571486,0.287207,1.117260,
cloud,ridged,1.000,8,512,2.349591,-0.093041,0.570056,0.298406,1.122527,
cloud,ridged,1.000,9,512,2.128345,-0.054698,0.574564,0.235155,0.993450,
cloud,ridged,1.000,3,512,2.230203,-0.081263,0.580570,0.255780,1.618168,
cloud,ridged,1.000,5,512,2.238766,-0.046904,0.605825,0.298708,1.527726,
cloud,ridged,1.000,10,512,2.300435,-0.087266,0.576813,0.273218,1.231835,
cloud,ridged,1.000,11,512,2.314786,-0.113000,0.575629,0.305360,1.177767,
