family,complexity,seed,n,c1,c2,beta,aniso,mean,rms
marble,0.0,0,512,2.310208099520122,-0.0072999506233321,4.408576800899778,0.0113425578886473,0.5000000000000001,0.1599999999991153
marble,0.0,1,512,2.290034381676216,-0.0114108302820644,4.373571209987015,0.0168663646732019,0.5000000000000001,0.1599999999991987
marble,0.0,2,512,2.28737162560435,-0.0184237447936914,4.457129358283338,0.0112707436888182,0.5000000000000001,0.1599999999991677
marble,0.0,3,512,2.3467021257220853,-0.0027057756567888,4.54545601090018,0.0111032827107207,0.5,0.159999999999153
marble,0.0,4,512,2.3122566605496457,-0.0072672541929358,4.540005118401001,0.0050276567834398,0.5,0.1599999999991577
marble,0.0,5,512,2.339477934398425,-0.0126247513688903,4.534052793680244,0.0034683229153831,0.500000526363,0.1599983420710559
marble,0.0,6,512,2.3335966643527764,-0.0152242469299816,4.480053823959802,0.008571670353551,0.5000000221749559,0.1599999302995263
marble,0.0,7,512,2.3523387625161183,-0.0036868588817451,4.581424525269528,0.0088359025104528,0.5000000000000001,0.1599999999991689
marble,0.0,8,512,2.294789619003065,-0.0188184801886829,4.567188918214274,0.0171771046488746,0.5003468386877916,0.158810693158977
marble,0.0,9,512,2.31124724695506,-0.0078933514051677,4.503017854815524,0.0050894586516966,0.4999999999999999,0.1599999999991675
marble,0.0,10,512,2.3296323916606263,-0.0059511754429826,4.536162965051204,0.007105277261646,0.5000022064914499,0.1599930473408805
marble,0.0,11,512,2.330143660112002,-0.009129829986905,4.556162697555148,0.0084383540457746,0.5000002744724295,0.1599991351673111
marble,0.0,12,512,2.304898266214535,-0.0084983703925516,4.477580566937759,0.0111671131369141,0.5,0.1599999999991006
marble,0.0,13,512,2.3213482029889887,-0.006423406657716,4.551508170900372,0.0115882040115351,0.5000013672503388,0.1599956805457926
marble,0.0,14,512,2.303076267706544,-0.0106857368607648,4.481194135574032,0.0102307833489982,0.5000000203251149,0.1599999362008988
marble,0.0,15,512,2.2980300154113644,-0.0051897077721496,4.530658067429354,0.016908901136133,0.5000000000000001,0.159999999999253
marble,0.125,0,512,1.9733408029476889,-0.1186940906275992,3.630773493248163,0.0211864040449461,0.5000031156937255,0.1599899736621441
marble,0.125,1,512,1.935760823363764,-0.1180744770972609,3.59122019234504,0.0479464551593774,0.4999999999999999,0.1599999999990745
marble,0.125,2,512,1.9785859779743296,-0.1253226281374908,3.702941848637869,0.0191090436733356,0.500000288081271,0.1599990832681967
marble,0.125,3,512,2.0350410626543507,-0.0944586962500269,3.815273548836348,0.0165709180433043,0.5000019342089462,0.1599937466444948
marble,0.125,4,512,2.00173530351915,-0.0929710442331767,3.814322730042273,0.0120348354050951,0.5000000825339931,0.1599997364997644
marble,0.125,5,512,1.983235103441855,-0.0826322897970079,3.78267662602235,0.0167096470586691,0.5000022803418972,0.1599927174512096
marble,0.125,6,512,2.0128274524955625,-0.1212450261002186,3.741240418176838,0.0159294980842799,0.5000279376733279,0.1599090663501435
marble,0.125,7,512,2.0776052526187843,-0.0824134089675064,3.8923519649680336,0.0152036765046085,0.5000361227647997,0.1598810541446722
marble,0.125,8,512,2.01840127553252,-0.078747725442719,3.871219035339036,0.033607326277256,0.5001230551386217,0.1595886517870305
marble,0.125,9,512,1.97188524048626,-0.1174576301255712,3.756014354119136,0.0206789293332799,0.5000012529801037,0.1599959600568213
marble,0.125,10,512,2.0435781303309177,-0.0757467135941586,3.832179845898824,0.0141548768518711,0.5000218604576554,0.1599289871484612
marble,0.125,11,512,2.013300903314689,-0.0650416092186946,3.8513703961969257,0.0276004805438579,0.5000324607705539,0.1598922707536097
marble,0.125,12,512,1.955956715731963,-0.1246569291444451,3.702746853233376,0.0215154968985041,0.5000024791822713,0.1599920792592569
marble,0.125,13,512,2.005304649185612,-0.0799553331791958,3.844579475324262,0.027865506844752,0.5000942061220305,0.1596867123107161
marble,0.125,14,512,1.985373085240369,-0.1027565643475038,3.743943839100378,0.0236761514068922,0.5000193917156531,0.1599349199535517
marble,0.125,15,512,1.9917963919483983,-0.0809606506401396,3.807989223206468,0.0342644614492082,0.5000026281773488,0.1599913650876486
marble,0.25,0,512,1.803358537229135,-0.1643132477575314,3.286767695769345,0.0317024674629512,0.5000821867837857,0.1596824006916704
marble,0.25,1,512,1.7640852435489751,-0.1778821217832774,3.244712499946069,0.0532113869621032,0.5000279965317384,0.1598810058804021
marble,0.25,2,512,1.7949344173729296,-0.1781652672873034,3.3441276293022475,0.0239101273946989,0.5000328569340109,0.159846752386647
marble,0.25,3,512,1.80620056225694,-0.1347444227725422,3.4239366624264065,0.0279557660345641,0.5000890012745605,0.159639859720121
marble,0.25,4,512,1.86102370253933,-0.1426457714618029,3.417263666062176,0.0230741691948435,0.5000103472492945,0.1596218612026184
marble,0.25,5,512,1.7953420622109246,-0.1402921794301354,3.3792366560956326,0.03929249070323,0.5000624434776522,0.1597714650707624
marble,0.25,6,512,1.819881679267144,-0.1574102008263499,3.38073993462596,0.0221238771922151,0.5002028806441665,0.1593012986065721
marble,0.25,7,512,1.8802994392959416,-0.1402025668559418,3.4823240604170587,0.0264364299969,0.5002762578693214,0.1589715610552226
marble,0.25,8,512,1.8231058746204,-0.1111201078210097,3.448322890409782,0.0452944976086712,0.5003330839367152,0.1587243898939694
marble,0.25,9,512,1.811676411864788,-0.1402741940760205,3.375425786391051,0.0400685378904189,0.5000534732864527,0.1596521050016142
marble,0.25,10,512,1.8501812856406248,-0.1218537483795871,3.436741710223864,0.0229638270386802,0.5001473895418601,0.1594525217853954
marble,0.25,11,512,1.7932418876613316,-0.109297949648963,3.4424925811632114,0.0458324767110513,0.5001976830132244,0.1592797009234871
marble,0.25,12,512,1.778996171462366,-0.1603382243874709,3.3206523094207223,0.0337823260141366,0.500037869645205,0.1598639850649771
marble,0.25,13,512,1.7977246566968323,-0.1278386940217754,3.424279885451262,0.0400697303670014,0.5002966503921583,0.1589070085985995
marble,0.25,14,512,1.803489235160726,-0.1469530827525574,3.3704966325086434,0.0322228875664485,0.5001307992397309,0.159513363359595
marble,0.25,15,512,1.765518465530289,-0.1379658357452441,3.403480358421594,0.0440156467300658,0.5000555162424715,0.1598020432364029
marble,0.375,0,512,1.730287264915869,-0.2040524450356108,3.067368904515809,0.0405570029351243,0.5005941711597796,0.1567950526801914
marble,0.375,1,512,1.6364154894428191,-0.2292938834440614,3.012589509258541,0.0512799229123704,0.5002216086081487,0.1584197163305084
marble,0.375,2,512,1.664930751439359,-0.218704191885864,3.0988716008888835,0.0414972301741525,0.5001870607350414,0.1582829683568354
marble,0.375,3,512,1.6486968198300795,-0.1820498822862935,3.147570764900383,0.0409900300029834,0.5001679968518463,0.1580378276472689
marble,0.375,4,512,1.730306649597022,-0.1943973977245511,3.138849099029531,0.0399980538966236,0.5000869384650465,0.1569121491892319
marble,0.375,5,512,1.6657873457110697,-0.1733637856079678,3.1035387509382435,0.056704978584228,0.5003214848890144,0.1577179888433177
marble,0.375,6,512,1.695228808883605,-0.1800328624564398,3.139855145056001,0.0367794544357437,0.5005385533992595,0.1575173928222196
marble,0.375,7,512,1.7123894977326164,-0.1799974936416234,3.202326032050671,0.0456102984012174,0.5007014358686125,0.1560056701457647
marble,0.375,8,512,1.6736880607721134,-0.1388683399605753,3.144748714409792,0.0509315511892737,0.5007066209967909,0.1554209285461401
marble,0.375,9,512,1.6706467822657032,-0.1786985367244896,3.1255315058509536,0.0481301418384384,0.5000074616416429,0.1567045932920494
marble,0.375,10,512,1.7049631620387182,-0.176792005691335,3.1573070250464768,0.0344033083400432,0.5002984394203737,0.15769565895678
marble,0.375,11,512,1.6592018797895856,-0.1501342165712484,3.142045405459605,0.0612877673885922,0.5006684127743991,0.1572474298589566
marble,0.375,12,512,1.6593064839896947,-0.1985938555753346,3.074772735929728,0.0419226459516487,0.5001359634297761,0.1592067716628611
marble,0.375,13,512,1.705689736196952,-0.1683934528308711,3.162793730920477,0.0510418151272304,0.5004421969827229,0.1572164499330508
marble,0.375,14,512,1.6902845243287763,-0.1848852346581247,3.112850183199073,0.0409378822743571,0.5004480924285156,0.1578243136639901
marble,0.375,15,512,1.6296850189294525,-0.1896270146762763,3.1077895341119803,0.0606179383761253,0.5002217572166711,0.158677573977711
marble,0.5,0,512,1.641068618953707,-0.2406973556427579,2.873502107209954,0.0681182599436479,0.501311083106659,0.1502098770541389
marble,0.5,1,512,1.5536456859636183,-0.24782361947217,2.8323259119272537,0.0687870947212249,0.5003577920577349,0.1549150972801843
marble,0.5,2,512,1.5893368654241438,-0.2241648258374144,2.9011669223149075,0.0526962705786311,0.5004172338483516,0.1538927989829769
marble,0.5,3,512,1.585071466923292,-0.2256115047310575,2.9403001326557257,0.0513041536497,0.5002805689848616,0.1540627730650928
marble,0.5,4,512,1.6068863169775942,-0.2217727625071135,2.895074596149444,0.0622342951735478,0.5001635148964162,0.1524574221189255
marble,0.5,5,512,1.554129623196317,-0.2063125647189058,2.8736740234080496,0.0680265338872396,0.5002648921310016,0.1537208657263033
marble,0.5,6,512,1.5918536028595078,-0.21439197401628,2.940986685219831,0.05630295193064,0.5010198695023302,0.1529305913111217
marble,0.5,7,512,1.6167814091020212,-0.1997983752259126,2.982513541668443,0.0661939847964485,0.5012850745234867,0.1486229324763343
marble,0.5,8,512,1.5752944451485664,-0.1649299632377014,2.894387424823952,0.0621058806794202,0.5009484443363218,0.1485685842794334
marble,0.5,9,512,1.581858183763898,-0.2361499246901031,2.897141378308992,0.0626233673207975,0.5002430741517548,0.1495969229551071
marble,0.5,10,512,1.60600007420911,-0.2032291577013629,2.936358857700257,0.0562423516706331,0.500641134748625,0.1528828717759787
marble,0.5,11,512,1.508791479694924,-0.1853766439042318,2.8836384491685374,0.0887586940200547,0.5014244597236137,0.1511818244278243
marble,0.5,12,512,1.5824637587797783,-0.2358810865897195,2.8993774246905404,0.0592242350775564,0.5005178719440262,0.1559907012942672
marble,0.5,13,512,1.6089948521932076,-0.204283098973017,2.952514629803872,0.0576775661033663,0.5005498563583238,0.152899428435565
marble,0.5,14,512,1.6102523789669545,-0.2226379964505377,2.897833212836244,0.0537126602463788,0.5010539299654212,0.1524853011885543
marble,0.5,15,512,1.5525730755280105,-0.2290670389718383,2.877749071528072,0.0678979864580043,0.5005114323850233,0.1548122577580634
marble,0.625,0,512,1.5869669288265826,-0.2899357227010575,2.710922829102577,0.075031351294559,0.5027262292939738,0.1322603962440642
marble,0.625,1,512,1.503009484176776,-0.2747277049277178,2.6557032173358146,0.0844309741795343,0.5009990699894361,0.1440967521639217
marble,0.625,2,512,1.51153587761559,-0.2426607350150571,2.690661247256404,0.0786870904391308,0.5008757933009446,0.1455240626035617
marble,0.625,3,512,1.5067960267957057,-0.2539407860063278,2.7378280299758693,0.0786824358802352,0.5005984178702172,0.1445254083225218
marble,0.625,4,512,1.5065181869050523,-0.281181615977566,2.671195684663797,0.073940688712767,0.5006879948307199,0.1421522316940197
marble,0.625,5,512,1.439690628012192,-0.2193951875383803,2.6689901425426616,0.0932751799048457,0.4999969243857453,0.1468434016928671
marble,0.625,6,512,1.4801255625381071,-0.2553186798433554,2.7303834873063715,0.0876610250304945,0.5012681964994021,0.1465404197677463
marble,0.625,7,512,1.5486417549414333,-0.2621026705400973,2.757821412723824,0.0913864732798674,0.5018360055573305,0.1379701952173064
marble,0.625,8,512,1.4828537100886352,-0.2025917962677842,2.6880883775831186,0.078025442956039,0.5014961176842972,0.132302970778474
marble,0.625,9,512,1.4797593760406824,-0.2928145962740832,2.6906530229944594,0.0827225711051553,0.500317186508327,0.1414770625396335
marble,0.625,10,512,1.533439944549223,-0.2227385744665185,2.7285643193659506,0.0816212109734163,0.5014855736290167,0.1395236697069729
marble,0.625,11,512,1.4274936483127831,-0.22310829901907,2.680104713795557,0.1085917770973085,0.50142757600403,0.1431865788772446
marble,0.625,12,512,1.4792121858448328,-0.2537698715650445,2.7250881911245,0.0781873018956595,0.5007930110289557,0.1485105639576897
marble,0.625,13,512,1.5211664891608312,-0.2370754268713774,2.747894724493161,0.0800045848368119,0.5010041624201802,0.1436654017255992
marble,0.625,14,512,1.5121862542360738,-0.2486389817108422,2.7129982451918155,0.0765340863314394,0.5016505442201299,0.1435006009582032
marble,0.625,15,512,1.4818970771743942,-0.2609260762234041,2.6840638014065776,0.0833603333392932,0.5007432751828638,0.1473756132334746
marble,0.75,0,512,1.5089721662240922,-0.3385676670309899,2.5209222858596623,0.0936464996240069,0.503211966985364,0.1092924092595234
marble,0.75,1,512,1.4376848610120196,-0.316829285444955,2.495134173511815,0.1030452207059743,0.5010946688695819,0.1326985332409858
marble,0.75,2,512,1.4135800533557286,-0.3008940250702847,2.4828425326889008,0.1022788546819813,0.502036709263597,0.1282316527598864
marble,0.75,3,512,1.4262056682985569,-0.2974435068241192,2.543734110273482,0.0967719523601863,0.5011468775877063,0.1275873511095811
marble,0.75,4,512,1.4366916429538048,-0.3256159670987915,2.45341241668073,0.0939937679733168,0.5015312489788882,0.1202130441843155
marble,0.75,5,512,1.32971301547038,-0.2425559206004448,2.464202553984225,0.1224114369180058,0.5002070150300362,0.1313739819356005
marble,0.75,6,512,1.4321743961165156,-0.2833108243129174,2.547726567776951,0.1103311042547968,0.5013011598387386,0.1306090204109579
marble,0.75,7,512,1.5230304398002434,-0.3328351612535324,2.553502577304452,0.1098974195403851,0.5020532567043658,0.1180330884671734
marble,0.75,8,512,1.4129878584796254,-0.2325108861326959,2.4874559978069533,0.0968561489872174,0.5023467778521389,0.1221551550354
marble,0.75,9,512,1.4425658589094157,-0.3597431242994109,2.4975102040709305,0.1091479301107037,0.4998652289769464,0.1229152346483446
marble,0.75,10,512,1.4392465418266136,-0.2570460545576597,2.531688929490549,0.0950082652760258,0.5004566832009201,0.1248216864152923
marble,0.75,11,512,1.3413693873062975,-0.2357418010095887,2.477454375337393,0.1186278856723511,0.5012673442436417,0.128098265598613
marble,0.75,12,512,1.4079151365383022,-0.3142155187006997,2.535390708481999,0.109982200888161,0.5021105477032661,0.1324546073943278
marble,0.75,13,512,1.4411319355734324,-0.2798448911536896,2.5584087074471613,0.0968019630762109,0.5009407123118444,0.130997342389425
marble,0.75,14,512,1.4423773796115271,-0.3016225837576721,2.519982287038506,0.1073304589893209,0.5017905914539205,0.1238897884554441
marble,0.75,15,512,1.4182459949067332,-0.3114111691084505,2.500729737591356,0.0965998599143133,0.50112933975281,0.1335973040178093
marble,0.875,0,512,1.4590615677777037,-0.3705893448646815,2.376886098604865,0.1192035261939464,0.5022674046059855,0.1024506231457546
marble,0.875,1,512,1.373832426368589,-0.4183255368583289,2.290602512546014,0.134669728915608,0.5004217353463292,0.1142313716429104
marble,0.875,2,512,1.3450007689047956,-0.3763940506420326,2.288948415185964,0.1223912764586783,0.5016138631999033,0.1159415497113232
marble,0.875,3,512,1.3480389843358271,-0.3863435032103323,2.3200259995718326,0.1265421916210696,0.5021785371651392,0.0972921751521199
marble,0.875,4,512,1.329957695129924,-0.3977650553563969,2.243369183653249,0.137583880141346,0.5014156074476743,0.099961773744419
marble,0.875,5,512,1.2699142484706287,-0.332487546670908,2.216862403007494,0.1620215165898037,0.5006927764890285,0.0959705861388306
marble,0.875,6,512,1.3916199282371762,-0.3590006954702893,2.3683129951106583,0.1091893156666859,0.5015920886966685,0.1071429322608415
marble,0.875,7,512,1.4497827696080563,-0.3727247596395758,2.341089015412805,0.1411539641389889,0.5012667324727749,0.0887616254055049
marble,0.875,8,512,1.339802351577558,-0.3304455721051003,2.2565325236375315,0.1380522293282266,0.5021162809289711,0.0837971281679587
marble,0.875,9,512,1.4307171852871037,-0.4094349525725281,2.310142938776859,0.1541598283664012,0.4997342227211278,0.1042219890473668
marble,0.875,10,512,1.3586505855066833,-0.3359443174328014,2.3267057714560044,0.1229419792023804,0.4993132635583547,0.1112780791892235
marble,0.875,11,512,1.2738583493664308,-0.3196154725984297,2.256429157211095,0.1484960965350633,0.5007167394037169,0.1061182850053652
marble,0.875,12,512,1.3338770795381094,-0.3652782299266503,2.3198356913552742,0.1315930886022335,0.5014716312219676,0.1158246715035223
marble,0.875,13,512,1.351949934965125,-0.3206109444807015,2.33961951078886,0.1247557757200065,0.5015574080736562,0.1186303934549221
marble,0.875,14,512,1.364489665094009,-0.3640757031416232,2.2953464662239806,0.1391859233178053,0.4999667363124988,0.0998533461694316
marble,0.875,15,512,1.3477033420377535,-0.3884039227403801,2.2980699509918456,0.1269555333536418,0.5014284437222347,0.1155406426125343
marble,1.0,0,512,1.4216835257213043,-0.4475162905344836,2.188951665975248,0.1619899231308497,0.5012243769642332,0.0871448104715142
marble,1.0,1,512,1.3175310032421963,-0.4904664798791295,2.09289951629997,0.1663339619897003,0.4992041212760348,0.0823198262082002
marble,1.0,2,512,1.295305257124321,-0.4283092965848946,2.100536313500986,0.1564032345964044,0.5006723776455131,0.0896913304648688
marble,1.0,3,512,1.2849486859047576,-0.4477784000376344,2.128480675551144,0.1622677251620886,0.5027619431038103,0.0880809683769141
marble,1.0,4,512,1.2722603793381777,-0.4867197852742168,2.0261298721304,0.1798820871828538,0.502149791546886,0.0815448881477907
marble,1.0,5,512,1.264791486628828,-0.3402243325608979,2.077244532102139,0.1825457352908133,0.4995214143826887,0.0687639843884038
marble,1.0,6,512,1.316342009891103,-0.424108218185452,2.18418263329184,0.1561060559370976,0.5017183725987477,0.0915310626804793
marble,1.0,7,512,1.421100799953847,-0.5170101005616562,2.028979358267817,0.1712097916674925,0.5012036631183419,0.057436317797016
marble,1.0,8,512,1.268055010146324,-0.353287716315953,2.0853958401727457,0.154490031734274,0.5007857873008079,0.0815985674965025
marble,1.0,9,512,1.388968527366045,-0.5098152887007397,2.0400834956420257,0.2279573734836445,0.5005257554535899,0.0821603782551235
marble,1.0,10,512,1.3196494873332074,-0.409338250376551,2.130117032396482,0.1624516841414804,0.499576017805296,0.0858374680326709
marble,1.0,11,512,1.2517284083679745,-0.427862629392523,2.015206082075231,0.2127659325106674,0.5010391605451971,0.0777233195009931
marble,1.0,12,512,1.3085962789197247,-0.4045497782567143,2.1657923761742084,0.1507916984064009,0.5008064265478575,0.1003064988957977
marble,1.0,13,512,1.2805226179082234,-0.4049076841682194,2.1315282371206217,0.1553436235476458,0.5007368101141334,0.104603118591822
marble,1.0,14,512,1.321278081622577,-0.4222467173109934,2.1506403894381045,0.1582625633816545,0.5017399739303279,0.0879325155737827
marble,1.0,15,512,1.2937932849500484,-0.4188663711182546,2.090284085803766,0.1592375772021135,0.501073494471669,0.0979869487613738
agate,0.0,0,512,1.946964787122505,0.0025708417685291,3.840890466001214,0.0209032150316478,0.4999999999999999,0.1599999999990502
agate,0.0,1,512,1.9394256528765927,-0.0021388747148542,3.8121819335172193,0.0236817764194006,0.5,0.1599999999990405
agate,0.0,2,512,1.920791907982892,-0.0073391628815066,3.8529984579902337,0.0240455750257557,0.4999999999999999,0.1599999999990979
agate,0.0,3,512,1.9713728161833413,0.0052628599872699,3.877242985865187,0.022617200162005,0.5000000000000001,0.1599999999991032
agate,0.0,4,512,1.9321908794447045,-0.0010321154974084,3.862340607370129,0.0163504154354731,0.4999988116670303,0.1599962408997341
agate,0.0,5,512,1.950652110789782,-0.0014069153161134,3.876262011198064,0.0152918890127239,0.5,0.159999999999053
agate,0.0,6,512,1.9725508451729383,0.0008651867495363,3.857870171743504,0.0190525187270593,0.4999968308021183,0.1599898918596708
agate,0.0,7,512,1.974902819282084,0.0039454709679663,3.868348317302958,0.0251387210433308,0.5000012112333524,0.1599955027016655
agate,0.0,8,512,1.9073926632096947,-0.0033527392389219,3.840616057554608,0.0312565018780854,0.5002861676066357,0.1590107962719769
agate,0.0,9,512,1.9321054132711937,0.0043198882276127,3.8606447873420864,0.02205279238448,0.4999998916939612,0.1599963207793301
agate,0.0,10,512,1.944688019304296,0.0005073225866887,3.861084437495187,0.0231295759272751,0.5000000068199232,0.1599999786536581
agate,0.0,11,512,1.9319540624103049,-0.0056235374288428,3.865312146922985,0.0301558657316274,0.5000740755539814,0.1597581480158844
agate,0.0,12,512,1.9458374477716656,0.0035615180448067,3.870903614820148,0.0219651300696488,0.4999904247816322,0.1599678485940293
agate,0.0,13,512,1.95260563580072,-0.0031813196737437,3.857264846388958,0.0264661391219051,0.5000482014791265,0.1598425008821496
agate,0.0,14,512,1.9358993423738555,0.0047871561355774,3.85031459404106,0.017962885297831,0.4999995297195718,0.1599979251312767
agate,0.0,15,512,1.9218995264734176,0.0016825626148786,3.8663385592219535,0.0319992623447421,0.4999999999999999,0.1599999999991267
agate,0.125,0,512,1.821795170298532,-0.0219522374921872,3.6189763397703234,0.0184353279474499,0.5000147282864279,0.1599464230129523
agate,0.125,1,512,1.813708421499377,-0.0493850193662228,3.6254992916444535,0.023732723354002,0.499999457162688,0.1599678180084162
agate,0.125,2,512,1.8189764175138807,-0.0555461470793893,3.672265766221514,0.0134355197907012,0.499991890392108,0.1599736714878287
agate,0.125,3,512,1.867633597121816,-0.0368016405150493,3.711722150479592,0.0181494878548973,0.4999960827630781,0.1599438343130307
agate,0.125,4,512,1.8621887713132177,-0.0317918030769263,3.69063121739732,0.0180188167101,0.4999386866404852,0.1597444600595474
agate,0.125,5,512,1.8280163220547776,-0.02856862608453,3.668836632283688,0.018451615262099,0.5000373177041272,0.1598092196896557
agate,0.125,6,512,1.821004324028292,-0.0267900905557425,3.680493363366719,0.0138046275756075,0.5000087222716573,0.1599245011168013
agate,0.125,7,512,1.8409480713296589,-0.0457908212263116,3.715174912804703,0.0184072689007548,0.5001139785540524,0.1595811821670298
agate,0.125,8,512,1.809151650999276,-0.0350841790804829,3.664526667305146,0.022893133970712,0.500134702485815,0.1593330293604026
agate,0.125,9,512,1.8038733084003409,-0.044112760937491,3.6609394932614703,0.0186595888158451,0.4999862498505494,0.1597376572195654
agate,0.125,10,512,1.8400988837722745,-0.0242593664520968,3.6790734104264327,0.0135339944513899,0.5000127567335217,0.1598860264223943
agate,0.125,11,512,1.7980886209232072,-0.0359481398498509,3.6797793173334656,0.0316052569410285,0.5000836349621134,0.1596810032326713
agate,0.125,12,512,1.8277869632309376,-0.0499838891130166,3.667842999396259,0.0160121209947625,0.4999930787533673,0.1598682016594533
agate,0.125,13,512,1.837614347722539,-0.0352631995489106,3.685813725316269,0.0202573054945887,0.500234248919736,0.1591337864412607
agate,0.125,14,512,1.826749058490669,-0.0429031772203295,3.6824735275376153,0.0152084688054779,0.5000372291667894,0.1598504290298566
agate,0.125,15,512,1.8188586398300208,-0.0376588747064246,3.70682278085636,0.0369418600091846,0.5000166357963092,0.159944136455152
agate,0.25,0,512,1.666833141258777,-0.0742222049242175,3.198874307552239,0.0396695023180856,0.5002511629581626,0.1587921958341875
agate,0.25,1,512,1.624174827567829,-0.089517524816174,3.2084450218260163,0.0342827663814939,0.5000948670676375,0.1591970702393585
agate,0.25,2,512,1.6607837322307677,-0.0886063893737314,3.223693258819252,0.0258669020899533,0.4998687986867938,0.1591171349511306
agate,0.25,3,512,1.6573353018852637,-0.0878964920960387,3.27343162970158,0.0310748691275786,0.4999521608415095,0.1589895176962135
agate,0.25,4,512,1.689952979925302,-0.0923299404799271,3.249490742631784,0.0327110202483287,0.4997929482992708,0.1576679292284323
agate,0.25,5,512,1.6176760409787656,-0.0808953965868936,3.206514692887678,0.0388471638834777,0.5000199342255199,0.1589885271822334
agate,0.25,6,512,1.674973172218439,-0.0799416225916811,3.272274071951443,0.0308070551847842,0.5002185932571849,0.15876448806746
agate,0.25,7,512,1.661859802688655,-0.0952564514119864,3.27366151015886,0.0340148592311704,0.5003569156119507,0.1580462309427074
agate,0.25,8,512,1.6264860512656558,-0.077125483536118,3.209133159307402,0.0299636083400612,0.50027248816543,0.157881070248064
agate,0.25,9,512,1.6144025800197572,-0.0936562609205386,3.220602041100791,0.0367545130675365,0.4998628186671003,0.1578281361393343
agate,0.25,10,512,1.6703208405875138,-0.0752791742790665,3.2185655788393737,0.0266972067864467,0.5000907499555624,0.1588584092676414
agate,0.25,11,512,1.6194400570622902,-0.068354693086071,3.2312140442953243,0.0427245612135387,0.5003690432926752,0.1584759536459499
agate,0.25,12,512,1.63994547307545,-0.0904271392219961,3.258158959975818,0.0286722365172755,0.5000829983341809,0.1589611388989886
agate,0.25,13,512,1.6754925610055496,-0.0815304337767671,3.2772688519046898,0.0333406991206326,0.5002306909431617,0.1576871092620186
agate,0.25,14,512,1.6646817472110125,-0.0824103639338613,3.242535931344855,0.0319124432060634,0.5002224094787834,0.1588671197717844
agate,0.25,15,512,1.6607946820249655,-0.0806098579889898,3.254904687236136,0.0443380537751195,0.5000372976110359,0.1592746630067004
agate,0.375,0,512,1.537701725711303,-0.1092336637115689,2.9124209286849467,0.0539596700873572,0.5009575375985189,0.1535580094986884
agate,0.375,1,512,1.5048824385264528,-0.1447434421337553,2.8816871767956926,0.0576998404002359,0.5005062703368742,0.1562758152371001
agate,0.375,2,512,1.4904201560032198,-0.1115406065946469,2.8932357419659964,0.047268964764554,0.5000601505116792,0.1562164569758705
agate,0.375,3,512,1.518307386047133,-0.1443643764102196,2.950416502876524,0.0488230950211543,0.5000086042322762,0.1556271346840218
agate,0.375,4,512,1.5642461896336364,-0.1189236024193676,2.918096089093145,0.0496615493830533,0.5000639824758893,0.1544529735021604
agate,0.375,5,512,1.4576108196073994,-0.1182589166394496,2.858663578210246,0.0649841891284089,0.4999561260712958,0.1568323665923316
agate,0.375,6,512,1.520971892909752,-0.1392416858459079,2.9377296013381704,0.0651206222831823,0.5006290642161539,0.155888583589475
agate,0.375,7,512,1.5326462445905176,-0.1221355646779154,2.9285107416850846,0.0615369200121546,0.5007201269446723,0.1541079398624344
agate,0.375,8,512,1.4886106885880883,-0.1083166586758379,2.8770499824033084,0.0499694431899185,0.5006679208674694,0.1534781949954309
agate,0.375,9,512,1.4917098964828404,-0.1213168953686691,2.886457681827026,0.0609054992794699,0.499757651149025,0.1532022339272565
agate,0.375,10,512,1.5044489559971284,-0.1108409508071352,2.897984365295972,0.0507476825111462,0.5004835099765654,0.1551669205507299
agate,0.375,11,512,1.4619705710662507,-0.1269326820365189,2.8772263199458394,0.0687829181792492,0.5005639669059269,0.1554750680374846
agate,0.375,12,512,1.511064580034471,-0.1295597483892618,2.9388883330723563,0.0540768586180437,0.5004778095331854,0.1553386006846657
agate,0.375,13,512,1.5473731150382626,-0.1150873310272734,2.952657339752564,0.0507930871576558,0.5003494275209259,0.1531613042422194
agate,0.375,14,512,1.517841545523062,-0.1360693102707049,2.9299241643089404,0.0497880078235509,0.5006478271463802,0.1558462567868814
agate,0.375,15,512,1.5887547015634809,-0.1165729984456033,2.912757813556505,0.0632824012088698,0.5002789003920987,0.1563514978965625
agate,0.5,0,512,1.4355687508071713,-0.1295139174022931,2.677599839104323,0.0811365459132051,0.5008106672010006,0.1456660300864509
agate,0.5,1,512,1.381999866950407,-0.1583174456364658,2.624651871815983,0.0797214795506374,0.5011360339794896,0.1486334941379147
agate,0.5,2,512,1.3689574111949194,-0.1436222522004114,2.636166893634589,0.0777104825859276,0.5007215611789045,0.1493486530112055
agate,0.5,3,512,1.4235972496535485,-0.1666223227904951,2.6913313444910782,0.0602167493880331,0.5006749868182024,0.1480227326116627
agate,0.5,4,512,1.4041260008746304,-0.1497731043784667,2.6167515136161863,0.0812134845564099,0.5003195220508808,0.1480836809430772
agate,0.5,5,512,1.3571031261442796,-0.1361280775028336,2.576804025171707,0.0967835497022579,0.5003960532211195,0.1499030011432377
agate,0.5,6,512,1.4258685367246802,-0.1481657292429246,2.6789146958989947,0.0751164409215542,0.5019875647062237,0.143426513019779
agate,0.5,7,512,1.4408134542243145,-0.1420925286527015,2.665028660310845,0.0769707976244714,0.5007534037598999,0.1465136590774794
agate,0.5,8,512,1.402901649946273,-0.1365769629924731,2.624740680771082,0.0777934000996414,0.5008612115099287,0.1429439610472577
agate,0.5,9,512,1.4410440643339906,-0.1734665638348231,2.608084953361044,0.0882613894414346,0.4990415663354159,0.1407032478773696
agate,0.5,10,512,1.4016420909180396,-0.138423834419679,2.6160208493601944,0.0826136666798323,0.5004064085505732,0.1479056659523583
agate,0.5,11,512,1.378370909925279,-0.1317355317121987,2.600884322270702,0.0893110045581663,0.5002486253532503,0.148455396998954
agate,0.5,12,512,1.3907254925183046,-0.1655011163174692,2.672775404503625,0.0827240873127804,0.5008560282928263,0.1522016584088484
agate,0.5,13,512,1.4660043589712366,-0.1622128605952356,2.699895253452901,0.0716774150196216,0.5007282866033189,0.1491633219734358
agate,0.5,14,512,1.4068306704114053,-0.1481315893699401,2.6308311239330635,0.0788995983043486,0.5007735161205078,0.1489090695756943
agate,0.5,15,512,1.4451414340325224,-0.1650301924773087,2.6439155639598506,0.0922135553076079,0.5005672182017947,0.1508260758531645
agate,0.625,0,512,1.3099650595959125,-0.1547507225272757,2.474072082244906,0.1238844653839887,0.5008864810923411,0.1361023755385479
agate,0.625,1,512,1.290437162027642,-0.1813881593849449,2.4291732089268723,0.120772844147279,0.5004126730438758,0.1379822796858766
agate,0.625,2,512,1.2862193306858305,-0.1742670925758921,2.4206293561602443,0.1026632754177919,0.5000473891901567,0.1395433580183918
agate,0.625,3,512,1.3395195923393224,-0.1987965521952223,2.436152392995236,0.1057524439000669,0.5012983146177076,0.13668633011969
agate,0.625,4,512,1.2731040527216808,-0.1816132786540226,2.385494165159968,0.1030114525203883,0.4998399748264891,0.142982358636476
agate,0.625,5,512,1.2237066015427829,-0.1467587674905161,2.3213889746970406,0.1354537427223468,0.500884425056052,0.1375997832149174
agate,0.625,6,512,1.3261699140852277,-0.1779012995293792,2.442579783254873,0.1057570493422633,0.5011560137046108,0.1403865976789275
agate,0.625,7,512,1.3109137478464905,-0.1411024257376618,2.405150975833238,0.1057533926521052,0.5015376888079297,0.1376901319401715
agate,0.625,8,512,1.2626425335022486,-0.1589267028133534,2.3460864017079195,0.1056547091898016,0.5003666695813846,0.132112394325332
agate,0.625,9,512,1.2887746405957117,-0.1826793877885286,2.358769645033268,0.1329358190302513,0.4999406901985654,0.1372484229478987
agate,0.625,10,512,1.3103547078528028,-0.1566574388063068,2.393506737610091,0.1147363220930093,0.5006935251068494,0.1418002859132764
agate,0.625,11,512,1.2734112860285385,-0.1647368701010349,2.3626919306687086,0.1230993727865791,0.5014406520955764,0.1348474724534039
agate,0.625,12,512,1.2886549946556705,-0.2196422181357548,2.411887546104441,0.1033678819815871,0.500505947098107,0.1447113063016493
agate,0.625,13,512,1.3419931800819629,-0.180091911745346,2.470674016074633,0.0953137467802752,0.5003107793154992,0.1325757550746101
agate,0.625,14,512,1.304170028912384,-0.1686205083054447,2.431896630909061,0.1081517835653832,0.5025814834798703,0.1350157476817013
agate,0.625,15,512,1.304765025490806,-0.1984096545293191,2.407992050556888,0.087449131434626,0.5009374074333282,0.1431182198638186
agate,0.75,0,512,1.235595065235682,-0.1920706343879994,2.273104251727013,0.1498914951297396,0.499637859877027,0.1224694134619793
agate,0.75,1,512,1.2317703527609645,-0.2143795253892803,2.194004767750381,0.1234132673964454,0.4978328859398347,0.1242657245709992
agate,0.75,2,512,1.2109978723278665,-0.2456507321908914,2.126482142010412,0.1358414228255561,0.5001823703738612,0.1138742246579309
agate,0.75,3,512,1.2321621307065278,-0.2364048092423411,2.219357210405324,0.1107560332275633,0.5026881070831101,0.1175800855872713
agate,0.75,4,512,1.2154555172869557,-0.1646710242353334,2.1734342811718115,0.131266384043927,0.5010634206302125,0.1269060770995271
agate,0.75,5,512,1.1539714890908368,-0.1943943905476667,2.115849278871919,0.1800928756109437,0.5005809252760165,0.1020528155837953
agate,0.75,6,512,1.2834353030617671,-0.2288376867306119,2.248445056222864,0.1479388347248273,0.5012909343605404,0.1163099338111252
agate,0.75,7,512,1.1810832219671,-0.1487701317587978,2.1493811757131125,0.1179204866337046,0.5017918131895859,0.1099189274862223
agate,0.75,8,512,1.1329089666298473,-0.1564133654601985,2.0973250365960165,0.1488798688310071,0.502352849021455,0.1132477316740295
agate,0.75,9,512,1.238789014949264,-0.2034630571363323,2.134136798968786,0.1535885003261922,0.4977572503232366,0.1178528371876479
agate,0.75,10,512,1.2386358850224417,-0.1797971652848515,2.218148321256574,0.1435986915618674,0.4998676880519511,0.1251953445239702
agate,0.75,11,512,1.196753224756852,-0.1839335887643879,2.15281484410803,0.1729686146503724,0.5009346201675192,0.1180180302133033
agate,0.75,12,512,1.193712934872684,-0.1968982875532987,2.238764711473713,0.1509842222953561,0.5009074463362677,0.1340665676682255
agate,0.75,13,512,1.2463738047487156,-0.2061592214444198,2.281785490885685,0.1212818646950323,0.4979239203269741,0.1236730445790871
agate,0.75,14,512,1.1955882495180563,-0.2010064904024165,2.2128266819541635,0.148050147300313,0.502514279085374,0.1317867362703783
agate,0.75,15,512,1.21552352211637,-0.2092467055118354,2.236735674879025,0.112556356844393,0.5015041720691669,0.1292747005873647
agate,0.875,0,512,1.1306701752539288,-0.1932348443759048,2.065016892095781,0.1964962201040811,0.5005639913196371,0.1140512879141109
agate,0.875,1,512,1.111405000640303,-0.2236689802726118,2.0059306824462646,0.1775572799338452,0.4973538636680639,0.1162326140809337
agate,0.875,2,512,1.1635102543055622,-0.2785469083720428,1.8518763829833167,0.1919250185477739,0.4996147021413482,0.0803874424385246
agate,0.875,3,512,1.151707737355375,-0.2608421736707978,1.983209476144808,0.1411779575314835,0.5003970829003731,0.0940687771600531
agate,0.875,4,512,1.1183358021897063,-0.1988810854353587,2.0069257222465104,0.1839427932301528,0.5007997161976838,0.1169932195480268
agate,0.875,5,512,1.073321473309162,-0.208231916209874,1.9326399523388544,0.2044536729399729,0.5000621692753321,0.0821864033508446
agate,0.875,6,512,1.184537225848453,-0.2804131835806213,2.045274550384054,0.1632151202359713,0.5020079450401853,0.107757928853161
agate,0.875,7,512,1.0942489999882732,-0.1896566080197848,1.940699500637728,0.1460726667526458,0.4997124317745277,0.1088978173473887
agate,0.875,8,512,1.092985713334139,-0.189123208727418,1.9175340591486003,0.1806997624792425,0.5036876879523936,0.1023732876683434
agate,0.875,9,512,1.10367568531954,-0.2348668565977375,1.9486672345089424,0.198358531610884,0.4979854121592799,0.1055184763463289
agate,0.875,10,512,1.1343112186369133,-0.2361823204063574,2.0054625953356098,0.1600008612449656,0.5027537866919009,0.0996691849802381
agate,0.875,11,512,1.0860103945546618,-0.21755824805556,1.8816511906317928,0.1885952069194421,0.5019760358597322,0.1004215906478772
agate,0.875,12,512,1.1302225889752011,-0.1692330682974529,2.040429535554331,0.1753461253511593,0.5028214701384607,0.1207538756196098
agate,0.875,13,512,1.1825439230572297,-0.2044334848293585,2.086960470185275,0.1775480400315841,0.4986612170466873,0.1043042924267722
agate,0.875,14,512,1.0839748554844204,-0.2198234593477092,2.0372667410864955,0.1544102119596484,0.5037502069938353,0.1181005053088879
agate,0.875,15,512,1.1024641363767838,-0.195000231188903,2.049626038201832,0.1430183640936579,0.5019125991636398,0.1184245569272788
agate,1.0,0,512,1.104468093323017,-0.2318602452395659,1.9296321822749032,0.2256541874844842,0.4983096198465667,0.0994220327787163
agate,1.0,1,512,1.0090518485077242,-0.2217314892491551,1.7865889043674188,0.2229067515466831,0.4995989868744224,0.0907353430277638
agate,1.0,2,512,1.1468375512496602,-0.3321984356470756,1.7030293467960302,0.2324476499059779,0.5012062454564251,0.0647184490256895
agate,1.0,3,512,1.0816790970693737,-0.2441680974492571,1.8387920490587784,0.1779363912681435,0.5036964839740533,0.0888185672697989
agate,1.0,4,512,1.014786370265006,-0.1797567967300578,1.7954671681429664,0.216154609926159,0.5016782508796159,0.1071521585856751
agate,1.0,5,512,1.0245998986644085,-0.2250095236508232,1.728651598043116,0.2481525639693633,0.501393243214439,0.0584538396248085
agate,1.0,6,512,1.0542739050191947,-0.2829217906679295,1.767330513530887,0.2246550972670937,0.50320852805592,0.0921819685310837
agate,1.0,7,512,0.9910864132992626,-0.2348369609494844,1.6969691545119436,0.1996245860333114,0.5005989770403576,0.0788866235319723
agate,1.0,8,512,1.0086980374548888,-0.2321037986677137,1.7314319005971124,0.2072362782891071,0.5039098097855246,0.0791155326244285
agate,1.0,9,512,1.0769494647452251,-0.2876655319160628,1.7945007239642372,0.2183642653488644,0.4986357206781756,0.0965926964941159
agate,1.0,10,512,1.0586871112685134,-0.2519625515109117,1.8212382295233105,0.21966733765617,0.5017285626812057,0.1022248670429416
agate,1.0,11,512,1.0327769960579116,-0.1666000840160742,1.8328989789407384,0.210972279950395,0.5015689338616446,0.0883526737302795
agate,1.0,12,512,1.0209272201372106,-0.1764245392026324,1.856010187361932,0.1762540522209495,0.5012147163499928,0.1016079139028274
agate,1.0,13,512,1.1225966791412851,-0.1995273696633882,1.9464987826353224,0.1879083748508865,0.501336719869744,0.0936309608068733
agate,1.0,14,512,1.01146715186868,-0.1975126469923592,1.848609275644244,0.2101039468067647,0.5032321063847319,0.1050799212198246
agate,1.0,15,512,1.0400458936221606,-0.2509876773859543,1.853229954956657,0.1639991494363308,0.5008430216465941,0.1032664872443872
weathered,0.0,0,512,2.0066102889002133,-0.00336813440029,3.9262491265788455,0.020360979439042,0.4999999999999999,0.1599999999990626
weathered,0.0,1,512,2.011609728342845,-0.0047537357544878,3.909877377882827,0.0190835130556453,0.4999361221576169,0.1597562707857924
weathered,0.0,2,512,1.977170049229391,-0.018618927786172,3.9526693512274913,0.0281441369156455,0.4999348235449456,0.1597878174978165
weathered,0.0,3,512,2.0347429534545824,0.0028637376611668,3.973474622037912,0.0224980576684685,0.4999983219767174,0.159994698562186
weathered,0.0,4,512,2.0097723941579293,-0.0307391534307042,3.9663467270502553,0.0166470654858555,0.4996036932458404,0.1586137120871173
weathered,0.0,5,512,2.026429088695912,-0.0057775987681212,3.96095110404809,0.0146233620736873,0.4999516540295611,0.1598402680484771
weathered,0.0,6,512,2.037788348474656,-0.0034465260201287,3.952207638033282,0.0229737547068365,0.4999117067961973,0.1597161460209285
weathered,0.0,7,512,2.046076915126033,-0.0046445801089987,3.974361095485223,0.0272329654286899,0.500012124114639,0.1599499023749121
weathered,0.0,8,512,1.973610800094031,-0.0056981488198822,3.956530545188076,0.0251075029738515,0.500008121892349,0.1599440067790281
weathered,0.0,9,512,1.9955235808725924,-0.0108350186238958,3.9501155865636894,0.0152951312120966,0.4997512398135267,0.1591666612712677
weathered,0.0,10,512,2.0101453953881303,-0.0063053273966448,3.950545695280078,0.0196291141606022,0.4999913991844016,0.1599665389130591
weathered,0.0,11,512,2.003941956032642,-0.0143548685980861,3.964435346290337,0.0288482293532416,0.4999919564638852,0.1599744535133045
weathered,0.0,12,512,2.004156077417869,-0.0033770167255713,3.9479891683234194,0.0199883129995053,0.4998706764994565,0.1595640366762028
weathered,0.0,13,512,2.0180131509377026,-0.0069445705523182,3.950874931951688,0.0221311404457328,0.4999855243992652,0.1599352937348854
weathered,0.0,14,512,1.9981717186455985,0.0033547569001352,3.9289989097224094,0.0213893437448102,0.499991607772954,0.1599732933656623
weathered,0.0,15,512,2.000361658432164,-0.001340912739786,3.970208191547477,0.0320095031045266,0.4999889934436362,0.1599647345558837
weathered,0.125,0,512,1.840263854386336,-0.0515807205768716,3.591611485939067,0.0199292558200461,0.4999881455985446,0.1599561236460291
weathered,0.125,1,512,1.8374407139489823,-0.0485332723321538,3.61129928211351,0.0222541899421989,0.4999089582269177,0.1592779040677583
weathered,0.125,2,512,1.8435666497844247,-0.0327968648434461,3.65954482210176,0.0276261752750821,0.4998465321626373,0.1594920316566872
weathered,0.125,3,512,1.8832879048737137,-0.0473614802375782,3.6629114557133695,0.0232577029224221,0.4999723883695657,0.159905815199869
weathered,0.125,4,512,1.8478819977624688,-0.1071544478845444,3.674014791091608,0.0213105647675059,0.4993614374422652,0.1576769646676966
weathered,0.125,5,512,1.8748653279095744,-0.0402089119567293,3.6622090678274057,0.0208817136928179,0.4999021484365039,0.1595023013341936
weathered,0.125,6,512,1.857470706041998,-0.044367752914661,3.6525301908966026,0.0224682494461481,0.4999526760017481,0.1598461945442071
weathered,0.125,7,512,1.8864606884650368,-0.050231609019057,3.700147171997144,0.0224256466455357,0.500072970074507,0.159676321719575
weathered,0.125,8,512,1.8334887964434017,-0.0426153645498377,3.6626038883758,0.0301083850063342,0.4999602133307294,0.1598210626800801
weathered,0.125,9,512,1.830337885961592,-0.0642990961130303,3.647370719479856,0.0167976543888267,0.4996973283528346,0.1589281417753098
weathered,0.125,10,512,1.890845029102964,-0.04267891040908,3.66189132169934,0.0120649978669094,0.4999612025684372,0.1597185451968937
weathered,0.125,11,512,1.865646153503868,-0.0479330829880569,3.656942218124087,0.0354082492924011,0.4999958197810303,0.1599820700659866
weathered,0.125,12,512,1.841164879548169,-0.0590031074669897,3.63257547000572,0.0206901124791151,0.4998637870267181,0.1595100073344824
weathered,0.125,13,512,1.871964093352109,-0.0370051914277725,3.6634149505986007,0.0205481322176363,0.499978505717746,0.1596500222478404
weathered,0.125,14,512,1.858497754168397,-0.0391599715353917,3.6334059174823192,0.0240905554331553,0.4999944707543846,0.1599604767079426
weathered,0.125,15,512,1.864299667198687,-0.0452840224028227,3.665920009299093,0.0418944614186806,0.4999820884479112,0.1599415594636229
weathered,0.25,0,512,1.6785370819728214,-0.0931896500221925,3.2404367893696326,0.0383739404580266,0.4999877600652097,0.1596197752764863
weathered,0.25,1,512,1.67334805989738,-0.0930256306705365,3.249767605331304,0.0365040147084034,0.499958447704722,0.1585187080219442
weathered,0.25,2,512,1.6602569169349934,-0.0956947887215182,3.292480554152713,0.0392028998809901,0.4996709625748994,0.1588580862316106
weathered,0.25,3,512,1.6976343027553866,-0.0889716153400098,3.291915448154932,0.0296069500900052,0.4999418895181752,0.1597018197162411
weathered,0.25,4,512,1.7292689995705666,-0.1048659930287431,3.298572443617506,0.0330909148482142,0.4994693718671529,0.157969519588772
weathered,0.25,5,512,1.7269216704839423,-0.0929969780825346,3.305535712397238,0.0431348638321569,0.4998870471141241,0.1590364993481547
weathered,0.25,6,512,1.6753367472239429,-0.0828191880218248,3.2775578076703544,0.0308954699270371,0.4999489704694771,0.1598044940186379
weathered,0.25,7,512,1.72084377717077,-0.1010242811746085,3.3325478119163385,0.0312169086704879,0.500080062963065,0.1595744614206014
weathered,0.25,8,512,1.692089438867362,-0.0746700775649041,3.2977311696656457,0.0401618099458637,0.5000182321891345,0.1597370531145166
weathered,0.25,9,512,1.694872962638774,-0.1072050465388076,3.281510609557555,0.0313673863306888,0.4998265314503708,0.1592267808304604
weathered,0.25,10,512,1.7265398736365398,-0.0804174266839713,3.2784275755886174,0.0299489438821599,0.499861011270656,0.1589932094229685
weathered,0.25,11,512,1.686362373911563,-0.0992795816924812,3.273494852399025,0.0490037393083946,0.4999913112635345,0.1598914628026328
weathered,0.25,12,512,1.6852363382804432,-0.1109392449582965,3.267190291871324,0.0329099832014013,0.4998704880870775,0.1592799144791487
weathered,0.25,13,512,1.6992551826944902,-0.0690213520810861,3.286509779427744,0.0285389340544678,0.4998923646470123,0.1591649503158487
weathered,0.25,14,512,1.707795319855207,-0.0954528032646791,3.281661690549769,0.0375646205980001,0.4999422024936043,0.1596382751992078
weathered,0.25,15,512,1.677599204993008,-0.0876759638127479,3.289224072512904,0.0591476305627016,0.4999729256635069,0.1598933243824375
weathered,0.375,0,512,1.606064234602555,-0.1322964642668444,3.0048734813891063,0.0536335210458595,0.5000635638371034,0.1592958845400394
weathered,0.375,1,512,1.5477372697380614,-0.1474602071074083,2.956000320052802,0.047516073940455,0.4999967828255969,0.1588694814978997
weathered,0.375,2,512,1.533131412708307,-0.1536126028191788,2.997963534456393,0.054260295067567,0.4996896838802337,0.1588377106844336
weathered,0.375,3,512,1.5593707704495952,-0.1479018691420428,2.9975168897439146,0.0450910516650723,0.4999570419434327,0.1596353411498129
weathered,0.375,4,512,1.646767023468137,-0.139063671674639,3.053673653930577,0.0460812668173572,0.4999481867051865,0.159730181520241
weathered,0.375,5,512,1.639329074213176,-0.1434151785667526,3.122793547302526,0.0710677217856047,0.4999970842998005,0.1597310138757325
weathered,0.375,6,512,1.5719391618474476,-0.1380963589617148,2.9966107037957994,0.0524436828189673,0.4999828267504722,0.1598716079789832
weathered,0.375,7,512,1.5961057067471691,-0.16120807430128,3.0400498082323004,0.0539606099687156,0.5000234897040032,0.159864761335695
weathered,0.375,8,512,1.5931560973399126,-0.1207294609352325,3.0071803601918696,0.0476817901299102,0.5000320055995369,0.1597919064274818
weathered,0.375,9,512,1.587987546049864,-0.1497771430458618,3.0048376976168543,0.0491194997298723,0.4999766511771857,0.1597246338664943
weathered,0.375,10,512,1.5817717201766566,-0.149061900235735,2.9768729668429814,0.0521257489276003,0.4998560065562744,0.1586507502890836
weathered,0.375,11,512,1.559924012192535,-0.1534281846519717,2.972003963323222,0.0631407684807484,0.4999685227596538,0.1597834124764364
weathered,0.375,12,512,1.55552782301536,-0.1463386076031746,2.999952693121301,0.0429869318550035,0.4999129879929961,0.1590707639293702
weathered,0.375,13,512,1.6067194807461949,-0.1142327869849077,3.015501094536784,0.0456412250512952,0.49982586736758,0.1591092078227198
weathered,0.375,14,512,1.6006348477421606,-0.1324732192996254,3.0085209647064186,0.0582272538552327,0.4999052476406889,0.1591623128283768
weathered,0.375,15,512,1.5558165830319213,-0.1577122081312387,2.990132201979185,0.070891574127222,0.4999820911881917,0.1599043682646463
weathered,0.5,0,512,1.5702592071887267,-0.1938360980235509,2.850715534166776,0.0638759594908127,0.5000293075851834,0.1597208670601028
weathered,0.5,1,512,1.467422275688567,-0.2116431502349706,2.7110721227028365,0.0686038085559905,0.4999795957825373,0.1592590846355599
weathered,0.5,2,512,1.5001993360138457,-0.2086981018793651,2.7949808113237,0.0835948041292209,0.4998960454488543,0.1595592198982612
weathered,0.5,3,512,1.4927890249239624,-0.204551781543274,2.74855243581793,0.0627903171139829,0.5000052656332573,0.1597996153111279
weathered,0.5,4,512,1.5516782323455969,-0.1939253642064574,2.819684488712244,0.0784975105858338,0.4999828040168947,0.1598925857709643
weathered,0.5,5,512,1.6001654284136897,-0.1707428641457306,2.9920682094386786,0.0852096331034925,0.5000034707886117,0.1599094803299088
weathered,0.5,6,512,1.487187733327454,-0.1899966426682031,2.76336625853139,0.0820030659136198,0.4999795882988007,0.1597837333619675
weathered,0.5,7,512,1.562683140803213,-0.2069067880730415,2.841924061441174,0.0754688248843872,0.5000210811023114,0.1598686195044611
weathered,0.5,8,512,1.5340840415459494,-0.1620554937531908,2.720271610183058,0.0545268733088751,0.5000210132078389,0.1598534290329386
weathered,0.5,9,512,1.5482116186807109,-0.2137908784525846,2.794584809988135,0.0663317096963772,0.5000228826999163,0.1598343334430563
weathered,0.5,10,512,1.4935909712719515,-0.2093177264878168,2.740892110296316,0.0700244541714703,0.4999504241949872,0.1593225430300585
weathered,0.5,11,512,1.483694950211777,-0.2064451919556896,2.764127021882792,0.0973501338685722,0.4999938546442287,0.1599487329803335
weathered,0.5,12,512,1.4790357892709198,-0.2175652702898647,2.7890218741055635,0.0604817333027829,0.4999601199961941,0.1590156775690092
weathered,0.5,13,512,1.5160199689451874,-0.1594442846545896,2.7985478100145547,0.0663085347197824,0.4998553061514441,0.1592050817311656
weathered,0.5,14,512,1.5366916931852947,-0.2037894161129769,2.803817557058558,0.082841455005083,0.4999347228476415,0.159318431646373
weathered,0.5,15,512,1.4809303896051422,-0.2100627839324991,2.7564042324689124,0.0790435303144749,0.4999917421180878,0.1598775305517714
weathered,0.625,0,512,1.59840948487061,-0.2392890642583028,2.78913207661934,0.0712340634233212,0.5000989679208353,0.1595594394973258
weathered,0.625,1,512,1.4333283818283007,-0.2680393348901164,2.53795819203051,0.1089153965723339,0.5000111940201244,0.159745180552418
weathered,0.625,2,512,1.4742337087748414,-0.2710030041892994,2.636337683202368,0.0957560289340112,0.4999527974854865,0.1597590119570368
weathered,0.625,3,512,1.4662496574634056,-0.2521201350720944,2.587371738346828,0.1033558944976512,0.5000006826532777,0.1598621523295044
weathered,0.625,4,512,1.5015178388467858,-0.2309356452619079,2.6613399963950752,0.0970919584622759,0.5000067710638858,0.1599525164722338
weathered,0.625,5,512,1.703869293689995,-0.1733469513031637,3.1099450485139744,0.1148996252238577,0.500003211274056,0.1599859896107475
weathered,0.625,6,512,1.3994435998539432,-0.28361138676696,2.5863896133391893,0.1270768383750071,0.4999964365532874,0.1598949365812858
weathered,0.625,7,512,1.6022574140969754,-0.2609474261964783,2.752141285769127,0.0820955787880397,0.5000064463875409,0.1599739112346457
weathered,0.625,8,512,1.4943793932957217,-0.2086905967912117,2.5905951228733324,0.0875626968921707,0.5000361379204091,0.159818187322529
weathered,0.625,9,512,1.4867166423801703,-0.2970476793595299,2.5503897476821247,0.0868704975491695,0.5000125159253922,0.1598505587510334
weathered,0.625,10,512,1.484218638711459,-0.2738066495748834,2.5800585497287427,0.1338384091296325,0.4999716243954212,0.1596855561715566
weathered,0.625,11,512,1.4551558067335286,-0.2633232560892855,2.617120690832217,0.1381510649088041,0.4999962795204785,0.1599484695086717
weathered,0.625,12,512,1.4449242133015296,-0.2807546190067049,2.6650235764067896,0.0967004517909174,0.4999687803798399,0.1598164667404062
weathered,0.625,13,512,1.4782551369348635,-0.229297077236864,2.6218173054729257,0.0795963661882079,0.4999720127250739,0.1597653249217404
weathered,0.625,14,512,1.4806307941747514,-0.2263262758443901,2.6229163351469174,0.1054193588929323,0.4998920330142463,0.158923038191062
weathered,0.625,15,512,1.449764611354141,-0.256396621633948,2.6081463000037743,0.1137720166422776,0.4999948562490879,0.1599293654632793
weathered,0.75,0,512,1.6029719760024004,-0.2747903932273156,2.786717352243881,0.0904621418063445,0.5000468779045179,0.1598084736846442
weathered,0.75,1,512,1.4108852188538132,-0.3414232904102314,2.3809285365884687,0.1226687584961464,0.499934677225638,0.1593123783661068
weathered,0.75,2,512,1.4530240751426402,-0.3282354499204238,2.479956434278863,0.1095322841386486,0.4999871668323428,0.1597112879132302
weathered,0.75,3,512,1.4305925527580463,-0.3383873794484291,2.4371459897217536,0.1095341747848483,0.5000165654929288,0.1598399223049991
weathered,0.75,4,512,1.6935510960984856,-0.2001842298478874,2.965291546076816,0.0960860455464168,0.5000020445347793,0.1599901861569544
weathered,0.75,5,512,1.693857190469858,-0.21142846598655,2.987346907750948,0.1200122677674959,0.5000051266266278,0.1599527140786833
weathered,0.75,6,512,1.4586421453278724,-0.3307066385164671,2.4552088967317016,0.1739131196080649,0.4999751971102041,0.159731792567915
weathered,0.75,7,512,1.7976916814230228,-0.2138213494410245,2.963600539325334,0.1076723050031387,0.5000048937033074,0.159980715285175
weathered,0.75,8,512,1.493643032408742,-0.3012435359006935,2.496294150130045,0.1480201910341142,0.5000061313312558,0.1599554955435461
weathered,0.75,9,512,1.5618615524215549,-0.3470043250097553,2.5763655796647376,0.1002088021984624,0.5000077889855863,0.1599480584166209
weathered,0.75,10,512,1.4883561602158055,-0.3350977946120528,2.472037557386086,0.1636567505395073,0.4999405823557507,0.1596231876006641
weathered,0.75,11,512,1.4139548025930104,-0.3051465888873547,2.4649562868421206,0.1721088674612998,0.4999878004057558,0.1598919270076624
weathered,0.75,12,512,1.4821214911428284,-0.3194234425862203,2.60972792983997,0.1215550846515134,0.5000055522288426,0.1598343462818126
weathered,0.75,13,512,1.489134365103952,-0.3066823660973663,2.520826543914916,0.1132221773720889,0.499983733126194,0.1599004512384185
weathered,0.75,14,512,1.4946018435223345,-0.2950923183523648,2.543461443092574,0.1381304335031264,0.4999463731487646,0.1593486534777238
weathered,0.75,15,512,1.4562229020962365,-0.3093346047002912,2.516935806561744,0.12355570385074,0.5000017974125841,0.1599777132229575
weathered,0.875,0,512,1.4982652956705378,-0.3696146443260394,2.5276072433852894,0.1298575007706419,0.5000913634834055,0.159461330640634
weathered,0.875,1,512,1.4091337445729704,-0.4440676871669384,2.294728072569504,0.1297185390031861,0.4999212050885546,0.1589274512167233
weathered,0.875,2,512,1.6503304187038534,-0.3122209753134551,2.716226972520291,0.1351764310475745,0.4999974388888794,0.1599696207789676
weathered,0.875,3,512,1.557510656032382,-0.3572090976577076,2.4681962176985253,0.1121972811112993,0.5000210008844285,0.1598241034822155
weathered,0.875,4,512,1.5936967662408124,-0.32067492609334,2.5606584071206764,0.1399107060794114,0.5000077462928753,0.1599672997960885
weathered,0.875,5,512,1.9688962662248823,-0.0811435796570255,3.551824556490082,0.114806988942366,0.500004332952607,0.1599808925398126
weathered,0.875,6,512,1.5159774803245056,-0.3687502607426663,2.3823634624589527,0.180847920947414,0.4999546112723876,0.1596581565369161
weathered,0.875,7,512,1.8986597391717084,-0.1865962885904346,2.947763906400858,0.1081272534754944,0.5000096194022192,0.1599613628778591
weathered,0.875,8,512,1.6074199930912043,-0.3064643850409054,2.612816080307278,0.1367331383332754,0.5000005125494883,0.1599085923990697
weathered,0.875,9,512,1.5655875889120554,-0.357900377922856,2.454864263547728,0.1335741345867838,0.4999992341447756,0.1599585603252417
weathered,0.875,10,512,1.391064873448331,-0.407868431551062,2.325808081136784,0.1793740767125979,0.4999487299458767,0.1595016758327204
weathered,0.875,11,512,1.6476520050032342,-0.2809159511187851,2.728157313601792,0.1643867217790481,0.5000018861709585,0.1599877128052601
weathered,0.875,12,512,1.6406462653756573,-0.2997993937497946,2.7699491924740927,0.1348860288251727,0.5000093229106345,0.1599423462556593
weathered,0.875,13,512,1.5421385114235675,-0.3443228093355938,2.575156892851524,0.115621924629794,0.5000000457686129,0.1599725184676766
weathered,0.875,14,512,1.4973340147534946,-0.3475392770818331,2.4982603404362944,0.1566450800964202,0.4998713281396149,0.1586931293201141
weathered,0.875,15,512,1.4475147772964103,-0.378286179220333,2.423662550325207,0.1877409155517538,0.5000021282222273,0.1599681962763487
weathered,1.0,0,512,1.6218077194294052,-0.3712226387243632,2.625136920251612,0.1474971350233617,0.5000483579002785,0.1597550296144246
weathered,1.0,1,512,1.5637459992439466,-0.4266915834732497,2.4729528006970574,0.1903609083817473,0.4998727324947877,0.1580551597989404
weathered,1.0,2,512,1.5394900506938922,-0.4163810591323255,2.3786436785446896,0.1564570022189252,0.4999390440848214,0.1595716356561346
weathered,1.0,3,512,1.6724865866079512,-0.3231699196717151,2.631150865706249,0.1685568106767232,0.5000015876982715,0.1599409726315448
weathered,1.0,4,512,1.7327479166461726,-0.2532829618459382,2.7077124068882665,0.1503628364172824,0.5000030515595837,0.1599865794551324
weathered,1.0,5,512,1.9525418099744736,-0.1117778657631411,3.3063195883422227,0.103944317939532,0.5000038345321913,0.1599788704487263
weathered,1.0,6,512,1.5424376687827042,-0.4315908379936691,2.335037763506214,0.2081370388027632,0.5000070934841656,0.1598903359106388
weathered,1.0,7,512,2.022635609563175,-0.0816205017882985,3.274735869113249,0.0576249068172133,0.500003594427527,0.1599851901486573
weathered,1.0,8,512,1.6916444744058,-0.3259307519451331,2.58947468235428,0.1843859385518766,0.5000029416145197,0.1599564257696404
weathered,1.0,9,512,1.6524940892571038,-0.3363516855199053,2.570576035164053,0.1734196871351198,0.5000045591864097,0.1599640277602383
weathered,1.0,10,512,1.6386768049232618,-0.3514867317086193,2.53455631314317,0.2004784069198422,0.4999744356186588,0.1598214121257021
weathered,1.0,11,512,1.8140098780764813,-0.2055907062733664,3.0679540047635525,0.1340677307145497,0.5000013304733991,0.1599914874382198
weathered,1.0,12,512,1.6637387550470404,-0.3094546132979461,2.752562050970268,0.1116550668194343,0.5000041670940234,0.1599820652865548
weathered,1.0,13,512,1.5478489775699835,-0.3957049543715099,2.486108819533846,0.1294021755355616,0.4999939106304285,0.1599564375465975
weathered,1.0,14,512,1.5277209891772872,-0.4029310720881156,2.448779866455913,0.1997808162189722,0.4997756847693202,0.1582279638746878
weathered,1.0,15,512,1.5517784158376773,-0.3704926368563377,2.488713261376755,0.1902407880468832,0.5000000544259565,0.159981304458909
granite,0.0,0,512,1.4547272049710696,-0.0001560110246121,2.8512190830769963,0.0735802405579675,0.5000229877070027,0.1599104517712616
granite,0.0,1,512,1.4484947992155577,-0.0035050122195399,2.824208083762328,0.0702523362751554,0.5000324039437687,0.1598679083921635
granite,0.0,2,512,1.4380122100007964,-0.005668299317094,2.8616044810519967,0.0775763688174887,0.4999865396959181,0.1599419885220193
granite,0.0,3,512,1.4801203017588074,0.0068681941616545,2.883922792713786,0.080729795800805,0.5000056177247253,0.1599648381863843
granite,0.0,4,512,1.4343469121887045,-0.0005976588773879,2.869381138363106,0.0716864007378238,0.4999637496334523,0.159840787736121
granite,0.0,5,512,1.4491789023379846,-0.0015399508138736,2.886474074294457,0.0651063166468515,0.4999889783759226,0.1598519354354925
granite,0.0,6,512,1.4742017309774045,0.0054892140016048,2.8670359056420187,0.0677023107841944,0.4999843266731789,0.1598336015396017
granite,0.0,7,512,1.4954078597148226,0.0037127125574443,2.8735435809599985,0.0784248941400243,0.500001644846288,0.1598815629912499
granite,0.0,8,512,1.4159954019201288,0.0001414041887512,2.8459084906470897,0.0751695077474248,0.500105264154139,0.1593688486856535
granite,0.0,9,512,1.4317095673773583,0.0037511175189357,2.8700993918511624,0.0797053876947573,0.4999906349184528,0.1598381771835132
granite,0.0,10,512,1.443644142017947,-0.0029357993017209,2.8669592615732653,0.0710891682610925,0.5000202572750191,0.1598742509157171
granite,0.0,11,512,1.430884826805494,-0.0052197659597942,2.8713350372468605,0.0778864486650435,0.5000760228294672,0.159582615758299
granite,0.0,12,512,1.4501343188539548,0.0027290775813283,2.8831399987448005,0.0789550487257347,0.4999755471757062,0.1597703841048789
granite,0.0,13,512,1.450739446100471,-0.0037240859017779,2.864075790727832,0.076783973622811,0.50006203448647,0.1596113041451438
granite,0.0,14,512,1.438836967783225,-0.0016295363130389,2.86138575998286,0.0676247588093611,0.4999706165839429,0.1597586373168198
granite,0.0,15,512,1.429407534811994,0.001417990090151,2.8728224509311544,0.0950782346306869,0.5000074039668274,0.1599519065417686
granite,0.125,0,512,1.3554584774166802,-0.0173111077039068,2.681340671221714,0.0582115232241809,0.5001078172539981,0.1590753099119337
granite,0.125,1,512,1.3465874153741877,-0.0153291648298571,2.6608275353649096,0.0554525789608728,0.5001933458396731,0.1588590507129959
granite,0.125,2,512,1.338466662731314,-0.0217369301152246,2.700457406029041,0.0604798991832941,0.4998878624227855,0.1591537857781124
granite,0.125,3,512,1.3817475700656747,-0.0112539939714291,2.7255664618724738,0.0656524532441844,0.5000002941956913,0.1591564971492681
granite,0.125,4,512,1.3490589602120089,-0.0186420727531183,2.7103850995230405,0.0582882786180664,0.4998826421182976,0.1586040269307656
granite,0.125,5,512,1.352245499530543,-0.0166275453723886,2.720878443738892,0.0527998296661528,0.4999959619321082,0.1584061011679632
granite,0.125,6,512,1.3716973152541665,-0.0103464972318283,2.7055200147960345,0.0548258693759194,0.5000858123549691,0.1587375466715497
granite,0.125,7,512,1.405559385942739,-0.0134104332704908,2.7239184671734256,0.0565950437151628,0.5001490080878165,0.1587201001936252
granite,0.125,8,512,1.3324023280067665,-0.0173323033523538,2.6962558814661817,0.0591798829624387,0.5001281627711133,0.1583570010341529
granite,0.125,9,512,1.327799828499328,-0.0218209253218983,2.706173749602873,0.0669907227293828,0.5000062042206999,0.1586228939986939
granite,0.125,10,512,1.3699022710423785,-0.0137137101410178,2.712617453484925,0.0543136006701402,0.5001388675866861,0.1586857834610935
granite,0.125,11,512,1.3528748464636748,-0.0229075453453326,2.714161464639574,0.0642465077635823,0.5001355609932933,0.158650800363329
granite,0.125,12,512,1.3578040123930266,-0.0129227925909147,2.713654776037888,0.0606566411745561,0.5000598547650464,0.1587986730320037
granite,0.125,13,512,1.3638950047643874,-0.0177201148480173,2.704554859485861,0.0576324819672311,0.5001333018265869,0.1582675248572721
granite,0.125,14,512,1.353685423181751,-0.0184018189997534,2.703685258526401,0.0548115052623411,0.5001011310095296,0.1587648870260537
granite,0.125,15,512,1.3468546943395248,-0.0113442485346544,2.715058402229132,0.0790896800263685,0.5001030838368619,0.1591355063528344
granite,0.25,0,512,1.2092656410330678,-0.0381105077625924,2.3992504653096747,0.0758415748713813,0.5003145095825754,0.1536842410349649
granite,0.25,1,512,1.198174073064369,-0.0422899938910192,2.378716594127633,0.0746826411783138,0.5003156711718167,0.1540931770301625
granite,0.25,2,512,1.1879668661844194,-0.041839858465502,2.409256888862817,0.0769085272012758,0.4997715980660405,0.1540980823713071
granite,0.25,3,512,1.2325249972026533,-0.0348811081580511,2.441198480701525,0.083418179278814,0.500102699386775,0.1541263790437011
granite,0.25,4,512,1.195789111759467,-0.047930705271913,2.42277740196253,0.0788489523365221,0.499921603927379,0.153327123952329
granite,0.25,5,512,1.2052954241153406,-0.0390368494746483,2.43640468391626,0.0739797325913429,0.4999856468639537,0.1523677344984608
granite,0.25,6,512,1.2193270384062815,-0.0295552612580933,2.418647162086752,0.0730834006132165,0.5003191899040388,0.1538411171104793
granite,0.25,7,512,1.2422895596025632,-0.0339538297092119,2.4382505739621667,0.0746658781593928,0.5003734976598668,0.152992327757232
granite,0.25,8,512,1.2012602585071663,-0.0369314845596207,2.418439773331874,0.0779994302791529,0.5003118867743207,0.1526162601721951
granite,0.25,9,512,1.1852860768930875,-0.0481861847577273,2.422340570306388,0.083656533248447,0.5000441664425801,0.1533538294210663
granite,0.25,10,512,1.2363259145366292,-0.0330627251437275,2.4301656548180914,0.069575337135148,0.5003031739087422,0.153046553935887
granite,0.25,11,512,1.2254001033439836,-0.0431863144596812,2.432463443403037,0.0818581836686507,0.5003381275113747,0.1532778799745411
granite,0.25,12,512,1.20384260171112,-0.0353046188920355,2.425084335818995,0.0744083487330028,0.5002769150460484,0.1540746468941126
granite,0.25,13,512,1.2191073144130895,-0.0396640674307171,2.41759673330381,0.0759751668454688,0.5002773573604111,0.1530232716276303
granite,0.25,14,512,1.2203424343589029,-0.0402525245728061,2.4200182037173423,0.0796146604469181,0.500302187886977,0.1532952284879898
granite,0.25,15,512,1.2039484589801464,-0.0319790164957312,2.4305359175629,0.0967016298049901,0.5002655852350504,0.1540984224412049
granite,0.375,0,512,1.0797116923807937,-0.0498227270440983,2.1589605342524405,0.0894430844573183,0.500497794552307,0.1415772055231471
granite,0.375,1,512,1.062716466595838,-0.0586539115396423,2.1333104426572707,0.0904927450120755,0.500079787619297,0.1427443449698054
granite,0.375,2,512,1.0640255672991543,-0.0607909323501052,2.158731778946583,0.0949630218023977,0.4997484985662968,0.1418674221006515
granite,0.375,3,512,1.1034574833072954,-0.0550676001471185,2.1939738993534883,0.0970172955031459,0.5004152322336668,0.1423302002219951
granite,0.375,4,512,1.0700271793623468,-0.063941598090755,2.172220577057407,0.0943230470976237,0.500178601294116,0.1419751166749018
granite,0.375,5,512,1.082069169548249,-0.0575417358095005,2.188929439739393,0.091666389338374,0.5000849220665798,0.1382878254070277
granite,0.375,6,512,1.09536833461939,-0.0513329743386,2.1700702340334463,0.0875361221805909,0.5004411592664492,0.1419983350855768
granite,0.375,7,512,1.109068188078602,-0.0540547009053735,2.18714029783543,0.0956861394777096,0.5005610388451046,0.1411295473986326
granite,0.375,8,512,1.083024334214163,-0.054185078604931,2.1741498506940125,0.0952581319675744,0.5004524550710688,0.1402358680799153
granite,0.375,9,512,1.0748242848858989,-0.0596130786654424,2.178755816345696,0.1024202698515475,0.5000960520889649,0.1413516067213568
granite,0.375,10,512,1.1172485225864244,-0.0554763418431215,2.185007550436913,0.0855478321847333,0.500391502447629,0.1409236080205753
granite,0.375,11,512,1.1086852717746818,-0.0552459195518676,2.1814176241399488,0.0994092988783813,0.5005084090331496,0.1406838207529361
granite,0.375,12,512,1.0722616460323022,-0.0526096205279209,2.181491989160953,0.0898774516425205,0.5003541590641583,0.1435257909384673
granite,0.375,13,512,1.0976577212595482,-0.0624293880929358,2.165564621781076,0.0930578202847321,0.5005394238963807,0.1421228403499006
granite,0.375,14,512,1.1081065941460737,-0.0568239839687204,2.176185786376186,0.0982571836511923,0.5004624610292832,0.1409937599382908
granite,0.375,15,512,1.0885368079592224,-0.0570515996021927,2.1840719410392806,0.1117369919037585,0.5003924502844052,0.1427661899620671
granite,0.5,0,512,0.9676403511079372,-0.0719735832017104,1.938344127243017,0.1079931752879389,0.5004776167280128,0.1246524115739712
granite,0.5,1,512,0.9502166755103856,-0.0857177118159296,1.8984023109582069,0.1061646964827335,0.4995976427852132,0.1235296312010477
granite,0.5,2,512,0.958119167435412,-0.0880593340643731,1.9252278864813264,0.1099526971584266,0.4998024664219303,0.1229607636272495
granite,0.5,3,512,0.9986129620111364,-0.0826682234242385,1.9695285800569944,0.1120691062066567,0.5006954483450964,0.12561947396546
granite,0.5,4,512,0.9715366364557664,-0.0854560814388458,1.9408801426702804,0.1135508710102369,0.5004992912437609,0.1254240319142425
granite,0.5,5,512,0.9781111979451188,-0.0846109752422297,1.9607210259215428,0.1100077117767716,0.5003088167443043,0.1162487199486658
granite,0.5,6,512,0.9840853917115578,-0.0787896468218879,1.9369342904716769,0.1027126961165897,0.5004152260637829,0.1238899735972798
granite,0.5,7,512,0.9988131815079722,-0.0861447186982476,1.9556426722774665,0.1151039680627313,0.5005947645008898,0.1232438954682861
granite,0.5,8,512,0.9854087352073974,-0.0829010705764804,1.9520130108009883,0.1134303863256289,0.5005194252726152,0.1226127253625978
granite,0.5,9,512,0.975793192533548,-0.0887824355814698,1.951051694928716,0.1252241270253557,0.500158845424099,0.1235730807589414
granite,0.5,10,512,1.018900768677141,-0.0797403539815591,1.9616655348058667,0.1031264939837485,0.5004206814590619,0.1233630591562186
granite,0.5,11,512,0.993464913868618,-0.0844648086789391,1.9395939536020976,0.1251573217546325,0.5006468089479886,0.1192021404036987
granite,0.5,12,512,0.9542823143695842,-0.0769177189191963,1.950211647572468,0.1076000192851472,0.5002670242444558,0.1274310061363507
granite,0.5,13,512,0.9859981897064296,-0.0865970454718932,1.933611362644776,0.1109024591388672,0.5007594326455536,0.1262651060485668
granite,0.5,14,512,1.0149178464865154,-0.081487894869654,1.948272202006221,0.1202336840747234,0.5005788192952938,0.1232540900569913
granite,0.5,15,512,0.9881294351159962,-0.0782007294386987,1.9533451834239648,0.1233348090518995,0.5005428716668675,0.1267625002192923
granite,0.625,0,512,0.8791942574841087,-0.1081393125636337,1.719216448330173,0.13089430470083,0.5003579404540239,0.1050649383983379
granite,0.625,1,512,0.865137628612085,-0.1352140998712776,1.6552770711816285,0.1243165116362866,0.4991287879556412,0.0992683789477265
granite,0.625,2,512,0.8730861375574676,-0.1269852941337304,1.6956631222747427,0.1283712407303253,0.4999282973334987,0.0994041131264905
granite,0.625,3,512,0.9040135716881428,-0.1116145824115242,1.7519501966778697,0.135843617391618,0.5009852526185251,0.1068775727154154
granite,0.625,4,512,0.8854609904895375,-0.1219226109439492,1.7162631751686337,0.1276067491873656,0.5008910054695429,0.1067737489101176
granite,0.625,5,512,0.9062406316641402,-0.1290693965904743,1.7404600680951885,0.129050950068274,0.5005360650232812,0.0922255761203329
granite,0.625,6,512,0.8837474350616149,-0.1146966286387463,1.7072717050157489,0.1295791006562797,0.5003534051464071,0.1039431758085311
granite,0.625,7,512,0.906652727125162,-0.1258047942804336,1.7326587083431646,0.1390732851231843,0.5005085695973637,0.1026352923478676
granite,0.625,8,512,0.909140254453474,-0.1176354604471757,1.7363451441350506,0.1338535698802721,0.5004398393376963,0.1035208423568166
granite,0.625,9,512,0.913013575909728,-0.119240295111332,1.73339048312386,0.1466303052338795,0.5000897291062727,0.1038542959642872
granite,0.625,10,512,0.9304529412623956,-0.113996161957926,1.7416824405002511,0.1294045255020143,0.5002700843925718,0.1049429281144976
granite,0.625,11,512,0.8903341547552049,-0.1270135305332646,1.7026989654080948,0.1510436485663178,0.5007494386529925,0.0932072754763965
granite,0.625,12,512,0.8678828042956522,-0.1077922465458057,1.7236865320202783,0.1253131986977175,0.5002116129439248,0.1086544142961943
granite,0.625,13,512,0.8823251317989461,-0.1230960475541651,1.7159980947690756,0.1315412098362811,0.5009736531653576,0.107966230267903
granite,0.625,14,512,0.9309317841850486,-0.1169007952913781,1.7299794427937116,0.142230099283607,0.5005018258077893,0.1036842695209529
granite,0.625,15,512,0.896040724235632,-0.1091464627467823,1.7346578080591888,0.1312669043185121,0.5005283768396203,0.1088106898833383
granite,0.75,0,512,0.8165408013952093,-0.1601776406782483,1.509742561748044,0.1524074185857653,0.5001972674672048,0.0858235933006484
granite,0.75,1,512,0.8031759499755386,-0.2028078119411726,1.3944722666615572,0.1418330170475112,0.4989051500832216,0.0735750035985844
granite,0.75,2,512,0.8032677923192234,-0.1936575858641637,1.46173277705076,0.1582612328309528,0.5001344117073493,0.0756716927812127
granite,0.75,3,512,0.8244247695614867,-0.1634552383923684,1.5321444943372196,0.1624098740486271,0.50104271058506,0.0880597847224567
granite,0.75,4,512,0.8211067041751513,-0.1763986509192321,1.4907674161898787,0.1502718981127662,0.5010150758590426,0.0880429306436098
granite,0.75,5,512,0.8518288770452368,-0.2022369880258764,1.5109764611657208,0.1536028932295823,0.5004983278894125,0.0675125329837947
granite,0.75,6,512,0.8071247590472886,-0.1636042237003929,1.4855830948898143,0.1621181547834984,0.5003305515548783,0.0852409241530177
granite,0.75,7,512,0.8404497264934274,-0.1984298660716626,1.498865303151472,0.165570861237874,0.5003939421087641,0.0802541520579002
granite,0.75,8,512,0.8403719924434159,-0.1719296226018118,1.5250701896802927,0.1661279177676582,0.5004413801386245,0.0845142874708396
granite,0.75,9,512,0.8582484354781186,-0.166235169800347,1.5221379452539792,0.1641912133040379,0.4998874372360453,0.0851855286166655
granite,0.75,10,512,0.8555598840578776,-0.1734191068228539,1.5287142356474517,0.1474607657776838,0.5001398522834338,0.0858920769592641
granite,0.75,11,512,0.8381749904587648,-0.2127381766795111,1.4387068591862524,0.1779686779776747,0.5005667053585569,0.0609635530448057
granite,0.75,12,512,0.7933949870305448,-0.1599053345870298,1.4981717184241958,0.1520016593959433,0.500177552978863,0.0897232916419344
granite,0.75,13,512,0.8098275126337168,-0.165697408866202,1.503944038876111,0.1498342871863164,0.5008299589803626,0.0901672235911185
granite,0.75,14,512,0.8630393304742492,-0.1816836533926062,1.5101135691706788,0.1596418426630183,0.5002426271653326,0.0829462131628147
granite,0.75,15,512,0.8345853068878197,-0.1637207625892859,1.5128317839073673,0.1412629213686806,0.5004481094268195,0.0906334836781482
granite,0.875,0,512,0.7720975609728532,-0.2171275867081046,1.31151899286927,0.1838520669281606,0.500133794264957,0.0719252164213149
granite,0.875,1,512,0.8000422901925656,-0.3456077881751217,1.1088695008733882,0.1839654468488708,0.49900626517801,0.0485369429873065
granite,0.875,2,512,0.8002953356582831,-0.2767795024587356,1.2428605349326305,0.1895395988919147,0.4999057318554243,0.0571487242154301
granite,0.875,3,512,0.7860689699689344,-0.2418936075196827,1.3118590986791774,0.1881949062438894,0.5010866570173205,0.0707782894050261
granite,0.875,4,512,0.7687421346608632,-0.2566729793156157,1.259884945702625,0.1760435383496112,0.5009952614445923,0.0705435552971781
granite,0.875,5,512,0.8573013489420024,-0.30976134960993,1.289274924578149,0.1767960683653353,0.5007083261605871,0.0486784608680481
granite,0.875,6,512,0.769074556306985,-0.228141521115599,1.2763851363227008,0.1913368951845661,0.5002202768980928,0.0703553091709586
granite,0.875,7,512,0.8146129347892268,-0.3048854320804125,1.2554713676911682,0.1887957127463111,0.5004328036789181,0.0584445030217777
granite,0.875,8,512,0.8040095210542114,-0.2415981561655094,1.3182030239495772,0.1909900399097346,0.5004893091398456,0.0690906062490613
granite,0.875,9,512,0.8201473530586857,-0.2507284219476118,1.3347712002962857,0.184057320970152,0.4997256798690324,0.0688512507966763
granite,0.875,10,512,0.8102021902133579,-0.2619268517815342,1.3174118971993625,0.1713012469428591,0.5000266973894315,0.0693686157357974
granite,0.875,11,512,0.9054880695687942,-0.3308978196166797,1.165184312999925,0.2061422631597111,0.5004526890130349,0.0360348958604601
granite,0.875,12,512,0.7467790491311372,-0.2295857226914169,1.2780800603158282,0.1748959218046692,0.500488173974997,0.073210779519426
granite,0.875,13,512,0.766594782262401,-0.2298369215982577,1.295721264126682,0.1797827488706309,0.5007853776716689,0.0750764835592661
granite,0.875,14,512,0.8117293221558547,-0.2558457465045524,1.297362949858504,0.171698018593095,0.4999521134919236,0.0688445183175715
granite,0.875,15,512,0.8035488844153845,-0.2365601519373246,1.2974084592857444,0.1572688884074407,0.5003363340833847,0.0749751539305565
granite,1.0,0,512,0.7768306324721928,-0.3240949423121595,1.1140730480226402,0.2338713404254722,0.4999435025613997,0.0569094365430357
granite,1.0,1,512,0.8598584924117698,-0.4827204980942324,0.8641096879018142,0.2070878115446232,0.4993761137747829,0.0357873099009708
granite,1.0,2,512,0.8761814795998385,-0.4058979295199136,1.0237307293692417,0.2217973940128778,0.5001512750055292,0.0403351309474095
granite,1.0,3,512,0.8046015475552811,-0.3339381099209073,1.107190512392252,0.2222133914573293,0.5011030996242061,0.0570027944234762
granite,1.0,4,512,0.7558252604644027,-0.340821633150822,1.0717541982883374,0.2164874360446263,0.5007757824549313,0.0601661025794225
granite,1.0,5,512,0.9374501366428564,-0.4779917148265711,1.075467296897048,0.2080276907261668,0.5006432982418195,0.0338047350304841
granite,1.0,6,512,0.7662258897641591,-0.3184423808648037,1.0857550549397443,0.2159673674885444,0.500242451523215,0.0596949590990508
granite,1.0,7,512,0.86991449906424,-0.4327092912843311,1.0258007074743116,0.2130531228653277,0.5004490211460559,0.0415023452144929
granite,1.0,8,512,0.8657779938519271,-0.4011489468902547,1.0961232411755737,0.2070238630291813,0.5007823509311743,0.0443064554260544
granite,1.0,9,512,0.8204267144645221,-0.3487931318969546,1.170136251379978,0.2042435756833562,0.4997880980787008,0.0585155935873815
granite,1.0,10,512,0.8028241252691238,-0.3627492133888784,1.127613878140897,0.1904394121824684,0.5001435342145647,0.0560334954708255
granite,1.0,11,512,1.0163462884479053,-0.4566268132213884,0.9220540864721516,0.2115960556543128,0.5004287668555348,0.0221098800759296
granite,1.0,12,512,0.7490800267148703,-0.329537232332657,1.0462893356952463,0.2238156714623586,0.5004975391769251,0.0561475843259575
granite,1.0,13,512,0.7713986674175057,-0.3275827254298754,1.1107493460326665,0.1828236042437064,0.5005103913494275,0.0613295834755113
granite,1.0,14,512,0.8202583749652042,-0.3840722947457641,1.1044843263503656,0.2104398885307773,0.499590009765992,0.052253959731069
granite,1.0,15,512,0.7842830606814971,-0.321138796313607,1.11502509606864,0.1877210862464349,0.5002022001372066,0.064113158482021
vesicular,0.0,0,512,1.4191628595124737,-0.0194883084314588,2.782419988416456,0.0834571618470099,0.500022756576769,0.1598064199301324
vesicular,0.0,1,512,1.3941601757933837,-0.042586986542991,2.6766670309788463,0.100647348229767,0.5000226361057193,0.1598091431961944
vesicular,0.0,2,512,1.4014339982567725,-0.0226930880606868,2.815489695296224,0.0890913245711506,0.4999757291954731,0.1598866770732945
vesicular,0.0,3,512,1.4615032614132166,-0.0048753163876471,2.8518712335193337,0.0919810116519197,0.4999969299152103,0.1598147638825881
vesicular,0.0,4,512,1.37733184276334,-0.0304968357433479,2.7596012989326715,0.0951466511954964,0.4998725250917957,0.159540110206534
vesicular,0.0,5,512,1.41172564096322,-0.0309221251019385,2.781755194129808,0.0869478329440358,0.5000404869357975,0.1596301953908724
vesicular,0.0,6,512,1.4602855838235091,-0.0004268792009702,2.838798601993639,0.0758019960152083,0.4999955870992508,0.1597301125801573
vesicular,0.0,7,512,1.4572985035981914,-0.0236237908169151,2.792115895546194,0.0976371913862072,0.5001269243428104,0.1594027285900159
vesicular,0.0,8,512,1.3513536599810947,-0.0498031220370839,2.599314778527701,0.1118997282112562,0.4986983326092337,0.1547243437983385
vesicular,0.0,9,512,1.355177806244831,-0.0633985855379882,2.635415435987013,0.1082745033720529,0.4990300966832359,0.1554450853476953
vesicular,0.0,10,512,1.42618779242605,-0.0245876500339259,2.7839033917512754,0.0906997669704205,0.5000704703131027,0.1595591978651497
vesicular,0.0,11,512,1.3673088092999517,-0.0373428726612576,2.681524570920031,0.1116949088333517,0.4999977617109802,0.1596520769139283
vesicular,0.0,12,512,1.390688083417193,-0.0274756471044923,2.744502562433893,0.0960563437029578,0.4999808116261701,0.1597741249298551
vesicular,0.0,13,512,1.413179796100361,-0.0270517151043818,2.771265519409519,0.1009666897712402,0.5001778799002295,0.1591767845535577
vesicular,0.0,14,512,1.415214807165653,-0.0191053132027601,2.7868380659848606,0.0826533513700529,0.5000893153473029,0.1596007194540686
vesicular,0.0,15,512,1.4150831726877684,-0.0329144818698114,2.7756153704224724,0.1230258288453895,0.4992912222209178,0.1541950582224724
vesicular,0.125,0,512,1.3367686081807617,-0.0408090699832281,2.601302133909713,0.1018603935298682,0.5002250917172231,0.1582993966553143
vesicular,0.125,1,512,1.312432424342037,-0.0493793795218612,2.522947971899955,0.1152584968990182,0.5002010524177071,0.158272869490643
vesicular,0.125,2,512,1.3093385181599109,-0.0414516674412161,2.6311585017654355,0.1072456775549522,0.4998559858881315,0.1586205461587511
vesicular,0.125,3,512,1.363763665971051,-0.0221567687296782,2.667210546944733,0.1127402538750086,0.4999984924150303,0.1585310465815474
vesicular,0.125,4,512,1.3045167276725291,-0.0516833939260237,2.5922203978920004,0.1096387595495523,0.5001600727961532,0.1577013923432925
vesicular,0.125,5,512,1.315580368990564,-0.0500387269189347,2.593384104128559,0.1088973181787156,0.5002700775207751,0.1573955424333244
vesicular,0.125,6,512,1.3674958172709042,-0.0188496224918059,2.652019956482256,0.0972225538291922,0.5001220743956136,0.1584677558736248
vesicular,0.125,7,512,1.3813117456941384,-0.0333126724482527,2.640719390049024,0.1074001504539298,0.5005137303293334,0.1569081207781667
vesicular,0.125,8,512,1.3094988548530826,-0.0243407473337513,2.5337086289428274,0.116963160211568,0.4997450259881673,0.1584052656695661
vesicular,0.125,9,512,1.2787796359808967,-0.0677594263001998,2.502364429695768,0.1231200709145558,0.4984824581224945,0.1528765677735473
vesicular,0.125,10,512,1.3593611583908642,-0.033604931029786,2.6332977535473017,0.1005532002374268,0.5001881400423519,0.1578444691949506
vesicular,0.125,11,512,1.3006065653071828,-0.0536578010629648,2.5387095823868764,0.1277705628325222,0.500740124541367,0.1565403183964386
vesicular,0.125,12,512,1.314082550400206,-0.0397866036561544,2.596819423909352,0.1086687677381253,0.5001383136118097,0.158524648324065
vesicular,0.125,13,512,1.345360392443279,-0.0338029239048516,2.626583108232263,0.1132580039956886,0.5003060863480541,0.1574586213004848
vesicular,0.125,14,512,1.3319882806477792,-0.0361870035489598,2.616694665687639,0.1015673533593427,0.5003162554920927,0.1578806868296641
vesicular,0.125,15,512,1.340107043112438,-0.053138006633191,2.5659300115561843,0.1449367286295331,0.49788979479942,0.140193346920351
vesicular,0.25,0,512,1.2648732216293173,-0.0573383616272345,2.45135073684794,0.1184609031997009,0.5006547486873091,0.1540197056692434
vesicular,0.25,1,512,1.2389300522687203,-0.0612734702741183,2.387298358046437,0.1289341354879869,0.5004402162310962,0.1546276585261675
vesicular,0.25,2,512,1.2315365809674867,-0.0590217135105491,2.468907465500949,0.1225678570678317,0.4997579718887466,0.1551098196373813
vesicular,0.25,3,512,1.2793678381866285,-0.0405402113399678,2.508023188617745,0.1293046420383658,0.5000214800579432,0.1550752611802511
vesicular,0.25,4,512,1.2407311502640204,-0.0660769673508225,2.4566899985390047,0.1249914903924293,0.5006925235403076,0.1524330772983499
vesicular,0.25,5,512,1.2383020952250194,-0.0726406771182138,2.422905581147463,0.1272333657980388,0.5014702605030292,0.1479088795848112
vesicular,0.25,6,512,1.2844478098907637,-0.0412667930521753,2.487949274731701,0.1156612335532368,0.5003702754956177,0.1552655142645766
vesicular,0.25,7,512,1.3084626475942478,-0.0451516677827196,2.499886310649694,0.1203252084751994,0.5010375891205765,0.151704582769416
vesicular,0.25,8,512,1.2772754592904272,-0.0335086884072068,2.441558340254421,0.1249708133756871,0.5019418269502932,0.1516177200734362
vesicular,0.25,9,512,1.2329096247988716,-0.0759796213414962,2.431212759204942,0.1330099647957075,0.4985131265363868,0.152759202386847
vesicular,0.25,10,512,1.3007944689058102,-0.047198528690903,2.4915778069817653,0.1141284264027781,0.5003278184410022,0.1537604667855266
vesicular,0.25,11,512,1.233397773713407,-0.0678787079557621,2.403760171727551,0.14145554621757,0.5025102654624811,0.1454270227404815
vesicular,0.25,12,512,1.2403675242311558,-0.0550044913012259,2.4525192355340875,0.1207938428533012,0.5004896615606841,0.1551627968118126
vesicular,0.25,13,512,1.2754935715367437,-0.04488458534895,2.479632867963986,0.1254909888477018,0.5004294972252862,0.153667297414237
vesicular,0.25,14,512,1.2587958002067006,-0.052818637012237,2.468772306060501,0.1207714882476546,0.5006219662972818,0.1536620744284861
vesicular,0.25,15,512,1.2738133018257611,-0.0771996986811816,2.3936156281089427,0.1466379216379213,0.4954564549807262,0.1190816060063031
vesicular,0.375,0,512,1.20826995774206,-0.0708511141968985,2.32857719413204,0.1326341420409041,0.5011208669715909,0.1465707076842006
vesicular,0.375,1,512,1.1764723568423077,-0.0757907206614336,2.2649139995230807,0.1427361212095248,0.500595331622212,0.1485404778377933
vesicular,0.375,2,512,1.167649896181166,-0.0756438039479886,2.330590552639088,0.1350229497541441,0.4996800097885029,0.1487153973356704
vesicular,0.375,3,512,1.2077700141848813,-0.0583233220452567,2.3724244817833244,0.1431944136880541,0.5000832156183496,0.1488483564938794
vesicular,0.375,4,512,1.1840621524148325,-0.0804673466097852,2.334409316139245,0.1380738097900244,0.5010642724057716,0.1444118026497306
vesicular,0.375,5,512,1.1966085032947054,-0.0892845879939249,2.29184894700506,0.1369533672045818,0.5037484503174313,0.1287639875132602
vesicular,0.375,6,512,1.2156598417199396,-0.0635430152113032,2.349572999286632,0.1309334689887514,0.5006329763891886,0.1494173814624698
vesicular,0.375,7,512,1.243701857734213,-0.0587586392302772,2.37249551924985,0.13583894282808,0.5015786168281932,0.1437066900569549
vesicular,0.375,8,512,1.240440439591935,-0.0576159507049631,2.338269725553904,0.1376603793329934,0.5045744325540502,0.1352365873634202
vesicular,0.375,9,512,1.2136939717485102,-0.0781256636592639,2.398546411170527,0.1368791086728082,0.4993928119328077,0.1533326614006862
vesicular,0.375,10,512,1.2475025793605563,-0.0619012229858955,2.362402875174355,0.1277209404586581,0.50041198096394,0.146756074424264
vesicular,0.375,11,512,1.1783103068527818,-0.085848380745293,2.2799904917416307,0.1529169143507293,0.5038401972473026,0.1269651012825152
vesicular,0.375,12,512,1.1748243949180837,-0.0683914954813859,2.3251190547708624,0.1324509982394851,0.5008399592348896,0.1493379190173448
vesicular,0.375,13,512,1.2120395639355137,-0.0584816728198106,2.34342452367216,0.1369344142719204,0.50059662139157,0.147276324561412
vesicular,0.375,14,512,1.1985449849151304,-0.0684416795128804,2.341709659373425,0.1385131869329335,0.5009151807783065,0.1462882119512852
vesicular,0.375,15,512,1.2707360590483223,-0.093017536391969,2.3582017722953497,0.1417785045157128,0.4942502581860142,0.1191876974553186
vesicular,0.5,0,512,1.1643746740723913,-0.0867729187588005,2.2231939435864123,0.1454019135094816,0.5015203814385886,0.136034300871681
vesicular,0.5,1,512,1.125731355178624,-0.0915359756816194,2.157491321856687,0.1554144762407773,0.5005417250409532,0.1399058045710714
vesicular,0.5,2,512,1.1128670954305822,-0.0937806350109025,2.208908170918145,0.1472477577307919,0.4996455363167891,0.1392218622551577
vesicular,0.5,3,512,1.148094452356504,-0.0773137929240238,2.2522554620028945,0.1549049022275508,0.5002016988882855,0.1398401294284384
vesicular,0.5,4,512,1.1336925531647724,-0.0982003910293924,2.218642970124877,0.1503065081361301,0.5012645855381336,0.1340848672622997
vesicular,0.5,5,512,1.1432046949715644,-0.1142249699145612,2.1747305505917645,0.1525441367671919,0.5044197376356893,0.1103514932105699
vesicular,0.5,6,512,1.1581386233091424,-0.0846875594235153,2.2285385192213742,0.1436566906434204,0.5008327218163573,0.1406502074420453
vesicular,0.5,7,512,1.187668402039911,-0.0752587883650149,2.2552730983701523,0.1572856905148105,0.5020075479309173,0.1331500087260821
vesicular,0.5,8,512,1.1941341146750513,-0.0800888578275025,2.232469827771844,0.1504012017602957,0.5058510954494605,0.1167495189573236
vesicular,0.5,9,512,1.2005985666970624,-0.078385861388442,2.370998806042101,0.1396646790591322,0.5010534361873913,0.1517596327822881
vesicular,0.5,10,512,1.2005905480219703,-0.0793476461663994,2.244346501588995,0.1401805690917698,0.5004181452439155,0.1372137797669385
vesicular,0.5,11,512,1.1245852775967198,-0.1120855305570665,2.153525976908179,0.1657703068471295,0.5041522052648657,0.10472386156253
vesicular,0.5,12,512,1.121355468493039,-0.0822457069777006,2.210206393414901,0.1442520774287435,0.5010820826028269,0.1407589802835753
vesicular,0.5,13,512,1.1559179779652506,-0.0739217720875283,2.2193685527545908,0.1485159046249148,0.5007804575183847,0.1382293946914171
vesicular,0.5,14,512,1.1476858361862043,-0.0856540864690548,2.227415437435972,0.1548951949834422,0.5011208469120418,0.1359623992627373
vesicular,0.5,15,512,1.267920746987795,-0.0869261163916753,2.386001850335308,0.133989641532409,0.4953407797173292,0.1355564685600151
vesicular,0.625,0,512,1.1314805384508542,-0.104796502994484,2.1277160413882297,0.1590221045233683,0.5017860222989386,0.1229897024469994
vesicular,0.625,1,512,1.0787783016440111,-0.1118182862043854,2.050954030469928,0.1682463598954128,0.5004266448519408,0.1277907512715285
vesicular,0.625,2,512,1.0642022539226286,-0.1153962216151163,2.0950171339071715,0.1638489465510773,0.4996707067048668,0.1268682925662478
vesicular,0.625,3,512,1.0998858944624177,-0.1014255127021217,2.1402258137704875,0.1664461361649831,0.5003604808870149,0.128561132302172
vesicular,0.625,4,512,1.0882209256199156,-0.1213980578765313,2.105974731462529,0.1622090388053748,0.501366358016163,0.1222627666400501
vesicular,0.625,5,512,1.0805974675412495,-0.1519122398208383,2.05187944077608,0.1686379788120987,0.5040419010270378,0.0935281813716166
vesicular,0.625,6,512,1.1087203874457612,-0.1089927030559549,2.115379601197993,0.1562180187107419,0.5009092432113618,0.1293403245217091
vesicular,0.625,7,512,1.1413543682228138,-0.0951149466833524,2.1450381299809327,0.1799540961543183,0.5022336171000878,0.1199872555460983
vesicular,0.625,8,512,1.1451320671506555,-0.1066451230791939,2.1221091856572865,0.163871214338008,0.5058590173159402,0.0995425703213183
vesicular,0.625,9,512,1.174635897425497,-0.0777532775028371,2.3121915415399297,0.1454363687384748,0.5034184047182713,0.1419556335838156
vesicular,0.625,10,512,1.1580427163487577,-0.0999204581817354,2.1342752393893885,0.1517891554954814,0.5003657117489084,0.1258670231194955
vesicular,0.625,11,512,1.075302791984441,-0.1498744002482573,2.02142083092269,0.1790469544504158,0.503815858728978,0.0829105099931893
vesicular,0.625,12,512,1.075755025720191,-0.0995120003280924,2.1018390908589306,0.1567340182739121,0.501182904371583,0.1296788490808527
vesicular,0.625,13,512,1.1057498338638443,-0.0924159096148734,2.1039404064239915,0.161397114353399,0.5009117756499334,0.1271106799085531
vesicular,0.625,14,512,1.1068414862695792,-0.1078665323143825,2.119739937730976,0.1717195844923454,0.5012024684790924,0.1235408264270052
vesicular,0.625,15,512,1.2436619203278787,-0.0793861103859121,2.379669793762324,0.1307822818933529,0.4982753753231178,0.1499596775779982
vesicular,0.75,0,512,1.1049472233208018,-0.1270392205167295,2.0367393383947983,0.174154167772849,0.501888698131327,0.1084849803721573
vesicular,0.75,1,512,1.03544856969551,-0.1401046526460718,1.9422286126144803,0.1814346059215951,0.5001769913919484,0.1127001041434033
vesicular,0.75,2,512,1.0239012120344797,-0.1422187997985834,1.9851445557034488,0.180985572667825,0.4997401933581035,0.1123028888794144
vesicular,0.75,3,512,1.058190397749834,-0.1307938223900168,2.030810486772648,0.1785199359305146,0.5005078356462913,0.115716692380371
vesicular,0.75,4,512,1.048988332716096,-0.1533933777215734,1.993927489720764,0.1745271377867638,0.501409941808514,0.1093165514107491
vesicular,0.75,5,512,1.0242266297309326,-0.2000051550100037,1.927843487521796,0.1838000102496883,0.5033921966029133,0.0789766620124068
vesicular,0.75,6,512,1.0646311486941915,-0.1390183087900691,2.0036577856371403,0.1693031761429428,0.500842901847696,0.1162867814848399
vesicular,0.75,7,512,1.1028886165721103,-0.1210251942166417,2.0373769260675934,0.2046111103331474,0.5021972461774045,0.1040355154250637
vesicular,0.75,8,512,1.0977197950020594,-0.1374828450355402,2.0072343109365915,0.1805031975432948,0.5052379099372292,0.0845920628464931
vesicular,0.75,9,512,1.1416956306642043,-0.0878324861499374,2.2194100422318868,0.1591443846432043,0.5047380092038793,0.1259703926903977
vesicular,0.75,10,512,1.1201376832760637,-0.1281349580717588,2.02883355511708,0.1655100756047992,0.5002986412285562,0.1135540360633372
vesicular,0.75,11,512,1.0418369105605372,-0.1940344932716549,1.888518413480432,0.1908371133960418,0.5032463105498959,0.0651898315057481
vesicular,0.75,12,512,1.0362776009489254,-0.122132022285261,1.9953618845403056,0.1693322306276782,0.5011526772594267,0.1169249990898548
vesicular,0.75,13,512,1.0620426309618425,-0.115629818797281,1.9953006910245867,0.1766201028332678,0.5009261000376798,0.1148235543773378
vesicular,0.75,14,512,1.0725246992041628,-0.1359586991224665,2.01474396053528,0.1896896644820299,0.5011515493406582,0.1100651420915247
vesicular,0.75,15,512,1.2112294049415295,-0.0803800924000255,2.323989724562336,0.138510195713462,0.5020518321671005,0.148685448360591
vesicular,0.875,0,512,1.084173154095834,-0.1574710030257983,1.9483127714307245,0.1905676063088563,0.5018444865708561,0.0937490873577352
vesicular,0.875,1,512,0.9970869452412688,-0.1833888581086537,1.82488064643266,0.1979626052196859,0.4998890702413238,0.0947224360138383
vesicular,0.875,2,512,0.9937560526204336,-0.1804963845401986,1.8743997131763863,0.1988400530881273,0.4998277894172599,0.0966269554427148
vesicular,0.875,3,512,1.0229437524270049,-0.1678322302986055,1.9205124760041328,0.1907201481992677,0.5006212387563771,0.1019884813003772
vesicular,0.875,4,512,1.0156986407609854,-0.1952763598821069,1.879080546973632,0.1869851132693896,0.5014156743692767,0.0954905948011508
vesicular,0.875,5,512,0.981566326529112,-0.2545230949016053,1.80841800452738,0.2014054270142019,0.5027084040733002,0.0666617553435318
vesicular,0.875,6,512,1.0282053460003724,-0.1785098028175684,1.891601022117443,0.1867780775037982,0.500673855353839,0.1025144558367537
vesicular,0.875,7,512,1.0762889197658476,-0.160129162425952,1.9295414711878056,0.2306869699973347,0.5019519067899878,0.0871576502129533
vesicular,0.875,8,512,1.0648981044285808,-0.1794012544239517,1.8910310911841763,0.19577247487269,0.5044325246992412,0.0721565190511433
vesicular,0.875,9,512,1.1015047728143397,-0.112921237466608,2.092364588718313,0.1808682705397288,0.5047049309012729,0.1083009877187082
vesicular,0.875,10,512,1.0868577061153144,-0.1656225546545569,1.925571562820296,0.1843222787538555,0.5002475038896506,0.1010863205831579
vesicular,0.875,11,512,1.0237152253768782,-0.2443276991841852,1.759290239945212,0.2036996005046336,0.5026357704639824,0.0522913791082199
vesicular,0.875,12,512,1.001658380109,-0.1541100412918767,1.887549666292238,0.182204195885287,0.5010376663383775,0.1034263865064677
vesicular,0.875,13,512,1.021845483362188,-0.146613762959733,1.8887997161726289,0.1919562548368322,0.5008590188081878,0.1020330503020778
vesicular,0.875,14,512,1.0447541432626406,-0.1719275245510872,1.9105822982578065,0.2080389656173898,0.5009881685379038,0.0965007665693697
vesicular,0.875,15,512,1.16208112247329,-0.0941619668179312,2.223649180388126,0.1522163836874042,0.5044131153654278,0.1313409698370671
vesicular,1.0,0,512,1.06935799610412,-0.200899230579979,1.858377501498425,0.208106925155921,0.5017018871849337,0.0801802963864248
vesicular,1.0,1,512,0.9693592776653972,-0.2477460075212254,1.6921781372540128,0.2199653932128266,0.4996871948849366,0.0749339961005452
vesicular,1.0,2,512,0.9753772194170136,-0.2343180150620528,1.760855225458231,0.2156671395837086,0.4999110920772183,0.0812498063162152
vesicular,1.0,3,512,0.9939826757391156,-0.2163322317314374,1.8082643806848784,0.204312043585582,0.5006760794538815,0.0884053512561361
vesicular,1.0,4,512,0.987707973140535,-0.2485692802452344,1.7613988322063714,0.1988846741302594,0.5014265471819943,0.0819607123005548
vesicular,1.0,5,512,0.9641756050873784,-0.3195172494768006,1.69292039422623,0.2197803116220152,0.5021380334474438,0.0549290916925715
vesicular,1.0,6,512,1.0018840552886168,-0.2291577697445115,1.7798684466310857,0.208807190779716,0.5004542772238773,0.0890555077015645
vesicular,1.0,7,512,1.0600356982358137,-0.2166230164600879,1.8188055184206688,0.2573648093543245,0.5016274282526276,0.0716029131461662
vesicular,1.0,8,512,1.037038944859426,-0.2294304952921895,1.7792046726219672,0.2109995543527831,0.5036512518998569,0.0619694655689255
vesicular,1.0,9,512,1.0566836622381433,-0.1521431134434508,1.9433009331138928,0.2071464925200353,0.5036873523642273,0.0917225719489789
vesicular,1.0,10,512,1.0583973630121843,-0.2125202621662894,1.8226328018772613,0.2039290808261489,0.5002185423119505,0.0891200104698634
vesicular,1.0,11,512,1.0210469386399803,-0.3061177728815396,1.6332316552741075,0.2206054099343511,0.5020500238640903,0.0427980458062905
vesicular,1.0,12,512,0.9725029603671488,-0.1955626738246154,1.7775989018424423,0.1996475591157628,0.5008700824219151,0.0902046621837765
vesicular,1.0,13,512,0.9877425356623736,-0.1880148066708557,1.783051970919716,0.2076416701367713,0.5007403947475573,0.0893467495258675
vesicular,1.0,14,512,1.0278065982454236,-0.2207824916279911,1.80751114974228,0.2256430466574663,0.5007458087350056,0.0834750202066652
vesicular,1.0,15,512,1.112003588615866,-0.1144264371867837,2.1144813611837106,0.1657792309427546,0.5051095965476932,0.1136297083814985
turbulent,0.0,0,512,1.3263711455139808,-0.0027123925308561,2.581622806560995,0.097373401651735,0.5000291706506876,0.1597826659976239
turbulent,0.0,1,512,1.3223619850218848,-0.0050561782509676,2.5553462374959386,0.0911195659882109,0.500053841296595,0.1597411485267086
turbulent,0.0,2,512,1.3115269789474582,-0.0063289232709485,2.592712428353592,0.0981834104802992,0.4999618181883411,0.1597974272355675
turbulent,0.0,3,512,1.3515973095636495,0.0061776326434489,2.6160601737633886,0.1019564382710388,0.5000132769820843,0.1598191523386191
turbulent,0.0,4,512,1.3078522695626635,-0.0017349508783494,2.6023091520881585,0.094504472137892,0.4999570803911665,0.1596615886828482
turbulent,0.0,5,512,1.319880840836904,-0.0026952224804415,2.61718488294828,0.0891935911723359,0.4999758595575539,0.159621066143206
turbulent,0.0,6,512,1.346438349928699,0.004336329150744,2.5988461714621764,0.0909519954060272,0.5000161221869696,0.1596189277359032
turbulent,0.0,7,512,1.3728122944550205,0.0032009966728392,2.606190971577408,0.0976265437756525,0.5000122997880723,0.1597402962950936
turbulent,0.0,8,512,1.292867046082633,-0.0017273099911781,2.5799132008222494,0.0923984989156819,0.5000352000825822,0.1595163231548342
turbulent,0.0,9,512,1.3029945347835112,0.0001065017312552,2.602247539094793,0.1015190246258021,0.4999940964340869,0.1596671789428702
turbulent,0.0,10,512,1.3165883935030624,-0.005217459448188,2.598989422737845,0.0921194171945406,0.500037740258655,0.1596745219143842
turbulent,0.0,11,512,1.3032559753844812,-0.0063577557119616,2.604166494306218,0.0945638583923315,0.500028372789729,0.1595102421879205
turbulent,0.0,12,512,1.322253581398236,0.0016956420291678,2.614518119024344,0.09952442198573,0.4999916711618388,0.1596477009865567
turbulent,0.0,13,512,1.3222167652927044,-0.0044429416205992,2.5966325336998213,0.0948693718634002,0.500023699494946,0.159499593300483
turbulent,0.0,14,512,1.3091695458882269,-0.0042504223102845,2.593539051244898,0.0878295818298409,0.5000102873821715,0.1596497270724145
turbulent,0.0,15,512,1.3017137202677551,-0.0003459040459986,2.605275272843095,0.1155280999177656,0.5000454848511944,0.1597230737254587
turbulent,0.125,0,512,1.3525885491756937,-0.0094025319948443,2.7511953185346423,0.0364189233967383,0.5000927412327514,0.1588211612191372
turbulent,0.125,1,512,1.3441142997145417,-0.025306842993098,2.729865661341265,0.031361040901873,0.5001909243908389,0.158790708457983
turbulent,0.125,2,512,1.3470681563660434,-0.022651241025149,2.759849200136066,0.0310632301887643,0.499893038905732,0.1589500072561517
turbulent,0.125,3,512,1.387574307050852,-0.0202309058075839,2.7878373232559737,0.0365428659571413,0.5000211987916657,0.1588868719749137
turbulent,0.125,4,512,1.3539013176960393,-0.0237639431419702,2.7779781601077675,0.0336467964525135,0.4999393741688087,0.158433709902707
turbulent,0.125,5,512,1.349708978827768,-0.0159292607721036,2.785547358646699,0.0301619794547127,0.4999973203237674,0.158021149078705
turbulent,0.125,6,512,1.3509779069617915,-0.0159152620466183,2.772955190410481,0.0301568628748529,0.5001010624958514,0.1585888728128764
turbulent,0.125,7,512,1.3859344283642892,-0.0190536796646677,2.781804398902386,0.0310077403051918,0.500163870214257,0.1585013418780243
turbulent,0.125,8,512,1.3376090129114795,-0.0246178791844053,2.750315193708713,0.0341567247398467,0.5001067743974189,0.158121369932606
turbulent,0.125,9,512,1.3274927412397328,-0.0259692480901339,2.773785640282158,0.0378508916496205,0.5000174535972656,0.1584727684602416
turbulent,0.125,10,512,1.3825238543736944,-0.016660790875237,2.771187326042424,0.0263496522337277,0.5001550342406329,0.1583661645994351
turbulent,0.125,11,512,1.3652825396284292,-0.0273246744194425,2.769354643256358,0.0383304858287461,0.5000717067736722,0.1585784790118561
turbulent,0.125,12,512,1.3564846325759474,-0.0231670122336264,2.783910603404411,0.0331438702004856,0.5000961773519337,0.1585973818792215
turbulent,0.125,13,512,1.3741362925502776,-0.0183041870762307,2.7678418419144264,0.0310380904206473,0.5000896836740275,0.1580676053290417
turbulent,0.125,14,512,1.366953194181375,-0.0170684460869868,2.77176838171326,0.029524815020215,0.5001626283836713,0.1584189681948137
turbulent,0.125,15,512,1.3575093755916865,-0.0186306251117796,2.776895859262656,0.0504455898073212,0.5001561491918816,0.1588024013914627
turbulent,0.25,0,512,1.2642168953010535,-0.0312882855324632,2.555847157565716,0.0465881945296073,0.5002493119818511,0.1546792005149906
turbulent,0.25,1,512,1.2658526716531076,-0.0519237491432238,2.5284615882994266,0.0401346555876227,0.500249458667223,0.1550883006261833
turbulent,0.25,2,512,1.244548279691657,-0.0559875290976882,2.5533034244920696,0.0395276844176946,0.4998943263458126,0.1549650301396295
turbulent,0.25,3,512,1.2936599438493983,-0.0496622753030046,2.5910155154903456,0.0408067166148354,0.5001071838134417,0.1550199702638982
turbulent,0.25,4,512,1.2942970053029657,-0.0352844279321079,2.5782262377859606,0.0408644265333072,0.5000511566409331,0.1542187749112188
turbulent,0.25,5,512,1.2800386018091912,-0.0392848809756078,2.5870532046288126,0.0466908604589131,0.5000565879533859,0.1531983678906784
turbulent,0.25,6,512,1.2455941648847697,-0.0344840053809062,2.5636860028244044,0.0398052451575166,0.5002894738321753,0.1548164469292246
turbulent,0.25,7,512,1.2876381325971369,-0.0518492733229144,2.5934840898876863,0.0432428282552931,0.5003974922723963,0.1543275471812265
turbulent,0.25,8,512,1.2381609716352449,-0.0438855682484037,2.558420775653436,0.038397604510124,0.5002630331629796,0.1536402286506984
turbulent,0.25,9,512,1.2519798695600035,-0.0536037349756393,2.579908967610385,0.0495328950633312,0.5000692322049791,0.1539260109362255
turbulent,0.25,10,512,1.2886832446107348,-0.0418330917206196,2.5726880242389645,0.0312560079538,0.5002661489222157,0.1539039377889187
turbulent,0.25,11,512,1.2486395510785462,-0.0553141194019788,2.5701559823824693,0.0458505864300354,0.5002081830610734,0.1547090300128498
turbulent,0.25,12,512,1.2597573945855245,-0.0486875080329702,2.578490208277478,0.0359224262138067,0.5002638351094737,0.1549679593562445
turbulent,0.25,13,512,1.276785410275432,-0.0469110511192982,2.560712879357041,0.0378344787910016,0.5002114689059246,0.1542879645890368
turbulent,0.25,14,512,1.2801494757716254,-0.0474374890524749,2.581549608563129,0.0412139310088178,0.5004080309607036,0.1538453726610307
turbulent,0.25,15,512,1.254624029280612,-0.047889048637162,2.574049383824611,0.0571515384667516,0.5003542423937258,0.1551967855131919
turbulent,0.375,0,512,1.2048745566631347,-0.0532154971745796,2.377639016753483,0.0790161706347233,0.5002989619424577,0.1464321323003457
turbulent,0.375,1,512,1.1872786460906648,-0.0705971773191,2.349413535479468,0.0540754996003648,0.5001340475021482,0.1482751531293725
turbulent,0.375,2,512,1.157003122870953,-0.0845349398283658,2.369011817162424,0.0498958754751428,0.4999344265356193,0.1469433272844001
turbulent,0.375,3,512,1.197564405160589,-0.0777739902800632,2.4177736380413184,0.057444978943428,0.500386674787399,0.1472959495098536
turbulent,0.375,4,512,1.2241048230203526,-0.0806601366684228,2.402177812905876,0.0621832478360642,0.5004159206327116,0.1470207906122003
turbulent,0.375,5,512,1.2151090270040348,-0.0682725844338306,2.4143335685989515,0.0557265194736195,0.5007267131870972,0.1413161668954385
turbulent,0.375,6,512,1.1675199852530582,-0.0635652188387802,2.3808492668367656,0.0537738674543058,0.5004836631132062,0.1471572638253789
turbulent,0.375,7,512,1.1786048413039485,-0.0827860309014713,2.418160892896666,0.0606139971039765,0.5005165461374845,0.1478121817329241
turbulent,0.375,8,512,1.194249753214007,-0.0781450459915164,2.387960609084075,0.0478633717119793,0.5003337661891962,0.1458908862065318
turbulent,0.375,9,512,1.1618477713119029,-0.0914979725155658,2.393009277893494,0.0663162425052858,0.4999687203270017,0.1442348741789537
turbulent,0.375,10,512,1.2110857213356132,-0.0849803746172585,2.407842004395335,0.0414329633339862,0.5004163780396222,0.1461685244237792
turbulent,0.375,11,512,1.1787230428835032,-0.0737337430471947,2.379710458262161,0.0645005666496276,0.5004886994865044,0.146764597232427
turbulent,0.375,12,512,1.1917028770185665,-0.0746397909146397,2.4035063542468587,0.0444574591859094,0.5002780471883722,0.1479420067653976
turbulent,0.375,13,512,1.20501152683472,-0.0692609186263461,2.3979845191767395,0.0484535206792512,0.500442074803392,0.1463248750883745
turbulent,0.375,14,512,1.2201863103390207,-0.0778428457859367,2.4073444292876003,0.060786761008706,0.5006679457140368,0.1461724893388028
turbulent,0.375,15,512,1.1803130325871778,-0.0715462494194883,2.3904189506876112,0.0578943770966296,0.5005847107800543,0.1480998464435166
turbulent,0.5,0,512,1.1387360068564492,-0.0887930529997886,2.208602556435368,0.0955931187622602,0.5004762731139915,0.1361474903679266
turbulent,0.5,1,512,1.1409549010582298,-0.1150821538434651,2.1957250647751008,0.0612966620366538,0.4996331696310018,0.1355371220629281
turbulent,0.5,2,512,1.1220810859429995,-0.1171072048249575,2.199130088935593,0.0680507428679995,0.5002397044867711,0.1347614752066714
turbulent,0.5,3,512,1.1403726995450376,-0.1075869228993204,2.271178968023947,0.0726016955421523,0.5009737967952483,0.1360854393805915
turbulent,0.5,4,512,1.1667630168630858,-0.1213882979610967,2.2443305050273388,0.0741874621251709,0.5010128489241406,0.1355797820547667
turbulent,0.5,5,512,1.141081730364261,-0.1090477262165297,2.2580269495635656,0.070175447009715,0.5010564289401063,0.1304435607195418
turbulent,0.5,6,512,1.1358273462031472,-0.0870219699835243,2.234942658124605,0.0769245628928826,0.5007332362742329,0.1347929911732565
turbulent,0.5,7,512,1.1567661701725989,-0.1121856844341968,2.266916423229742,0.0683168180593355,0.5008642905314877,0.1332729218799959
turbulent,0.5,8,512,1.1721034068864256,-0.1145359881235633,2.246521847118463,0.063327077591847,0.5006487494592321,0.1339478908906574
turbulent,0.5,9,512,1.1371368567348945,-0.1163293035858185,2.242667013390061,0.1012164079677783,0.4998880403642991,0.1308848350715572
turbulent,0.5,10,512,1.1575988936653132,-0.1148781660667733,2.220986640525628,0.053773057543078,0.5006548141299959,0.1360935480507407
turbulent,0.5,11,512,1.124643490532915,-0.1114768409428122,2.2211380212408343,0.0725904762193738,0.5003185520216553,0.1326295774392095
turbulent,0.5,12,512,1.1180575978404856,-0.1150880442389268,2.256372434823888,0.0613536503146625,0.500143144715673,0.1378047434666439
turbulent,0.5,13,512,1.1295880002071867,-0.1116651874126928,2.228588661342137,0.0697204905213539,0.5006240397963312,0.1366595762557873
turbulent,0.5,14,512,1.161505096784158,-0.1113634445077623,2.252413471983352,0.074855433570384,0.5012940504091998,0.1361488937387109
turbulent,0.5,15,512,1.1312823452515224,-0.1147097238221536,2.226191209576615,0.0608480002905144,0.5009661545997777,0.1363403998190803
turbulent,0.625,0,512,1.104165314954606,-0.150596139701789,2.0773702571962582,0.0994132321248877,0.4999875185092906,0.1225502002367771
turbulent,0.625,1,512,1.097782948749174,-0.1664712740502613,2.025780248228034,0.0817525955745449,0.498271196177629,0.1112280523776753
turbulent,0.625,2,512,1.074412157285333,-0.1629350342423889,2.0500481017822727,0.0825804889984709,0.5003336815790759,0.1159220813857099
turbulent,0.625,3,512,1.095721727242024,-0.1470224415693383,2.12602953870659,0.0653249706472075,0.5008397899085895,0.122005591754032
turbulent,0.625,4,512,1.0929188104590963,-0.1622060104356505,2.057986153615186,0.0767693090960202,0.5007665765354414,0.1265140860673572
turbulent,0.625,5,512,1.0862881671646714,-0.1586351107521626,2.088953194428832,0.0792476420813281,0.5016807015281364,0.1132358038190487
turbulent,0.625,6,512,1.0623041234029356,-0.1492548709427552,2.083659419629271,0.0914626770232844,0.5011545752633275,0.118589601067435
turbulent,0.625,7,512,1.1325313572572917,-0.1609961425600621,2.1279941580595114,0.0900495033128521,0.5009894752565213,0.1124735634562522
turbulent,0.625,8,512,1.1177682242304277,-0.1405276778451636,2.083745013511478,0.0826805433900796,0.5005304747675152,0.1163815555138116
turbulent,0.625,9,512,1.1440972975791184,-0.1582462189262153,2.1096564016470807,0.1203132361267947,0.5005588671725361,0.121013335642712
turbulent,0.625,10,512,1.1140625356118448,-0.1657489994713962,2.090884945452078,0.0669578507924394,0.5015870847299377,0.1233565489024994
turbulent,0.625,11,512,1.1044076804734275,-0.1381823699266873,2.073279284730091,0.1053364611265638,0.5001072862181549,0.1190724738139129
turbulent,0.625,12,512,1.090496391260498,-0.1557017411472834,2.11232391829534,0.0750322289097258,0.4996712521454846,0.1220607914246607
turbulent,0.625,13,512,1.1032766044177194,-0.1545370829991135,2.1035225394857604,0.0728631370718807,0.5015053265189425,0.122947202159636
turbulent,0.625,14,512,1.148410943428133,-0.1592408724663861,2.12460403121662,0.0839953794881387,0.5009815930071929,0.1207596514540696
turbulent,0.625,15,512,1.1138143183171765,-0.1475821574699043,2.087271263094672,0.0811166112284061,0.5009972042821016,0.1242310196171465
turbulent,0.75,0,512,1.0876240510281323,-0.2238553261295295,1.9489001598913644,0.1046767098044717,0.5001841668727801,0.1024855850747358
turbulent,0.75,1,512,1.1025402362831147,-0.1981408998630034,1.9517305213299283,0.0954541459689298,0.4995551837156825,0.1110684174243558
turbulent,0.75,2,512,1.04594118605841,-0.2038852684027555,1.9237023405619649,0.108127005303264,0.5004145694723792,0.1040345373786714
turbulent,0.75,3,512,1.094068981600112,-0.1842876977126672,2.008333137393918,0.0852558703216078,0.5019288175474086,0.1105770125272817
turbulent,0.75,4,512,1.0789688939898097,-0.211656571640947,1.9158329458835583,0.1034642760249635,0.5016382970847464,0.1062427022641443
turbulent,0.75,5,512,1.047716096267152,-0.196013096546347,1.9452841638659624,0.1084305446007839,0.5020452050733624,0.0995543512113921
turbulent,0.75,6,512,1.0480472831579544,-0.2051761494036692,1.937395083313628,0.1285157635013325,0.5006459954973084,0.1103015691893383
turbulent,0.75,7,512,1.1216365945551845,-0.2212128766229469,1.98378261876318,0.119431922802901,0.5013091013829407,0.1018914162647356
turbulent,0.75,8,512,1.0545365621161822,-0.1790698931368221,1.9398284248443065,0.0966326187670111,0.5017726139928131,0.1043195908700482
turbulent,0.75,9,512,1.1157163922103832,-0.20605003943739,1.9793997129419536,0.1138169538699984,0.500375033929225,0.1052379522412789
turbulent,0.75,10,512,1.0915882943644195,-0.2078910876424754,1.9675848870792407,0.0895551658421882,0.5027291221564714,0.1070331103531675
turbulent,0.75,11,512,1.0534407155376273,-0.1698388454150845,1.9502777845166608,0.1122460339169999,0.4991801165569964,0.1115690913560504
turbulent,0.75,12,512,1.0384529947935328,-0.2028322923317431,1.982102593105482,0.0911079578181886,0.4991003382829966,0.1109438257777501
turbulent,0.75,13,512,1.0664747281639655,-0.1964392475461885,1.9421591740340427,0.0862388956406647,0.5019056629762519,0.1112794010185655
turbulent,0.75,14,512,1.0893223101661456,-0.1933121221892678,1.9556671770916791,0.0941084437306009,0.5017275054580186,0.1078560552250703
turbulent,0.75,15,512,1.1148259429799563,-0.177140483174696,1.933581595386021,0.0961974481724541,0.5007479278688521,0.1107271821161654
turbulent,0.875,0,512,1.081590524692907,-0.2381960479786494,1.8461044540594669,0.1159407750221391,0.4973573163580216,0.0945403937015957
turbulent,0.875,1,512,1.113702721838978,-0.3134626902780064,1.8334363333824524,0.1308566569670103,0.498915685505292,0.091916098939894
turbulent,0.875,2,512,1.0490163752299673,-0.2803486254353817,1.7938343965323074,0.1119721582365998,0.501819788622726,0.0900843109541203
turbulent,0.875,3,512,1.0583144546703485,-0.2548091127429894,1.8499307929367577,0.1150454288747032,0.5018326583437216,0.0955938581419479
turbulent,0.875,4,512,1.0731183402177047,-0.2720909375506407,1.7815747699631803,0.1203423350971808,0.5005601083715652,0.0900276452674074
turbulent,0.875,5,512,1.0444986206415283,-0.2997555324670811,1.744779759459243,0.1238185778153129,0.5011272359882153,0.075756730430696
turbulent,0.875,6,512,1.08650203484275,-0.2603755661209157,1.836888897404918,0.1413519816652902,0.5009923438113761,0.0897839176799413
turbulent,0.875,7,512,1.1486206717802314,-0.3188449955262424,1.840230971114004,0.1296683025448088,0.5013200300694006,0.0774132813500094
turbulent,0.875,8,512,1.05256215127385,-0.2202421543580916,1.8095953578989417,0.1226935034800439,0.5012261107362124,0.0990492714450663
turbulent,0.875,9,512,1.153023869254005,-0.3250038946181237,1.8670631859944145,0.1495156714538079,0.4990568832618548,0.0803827594954096
turbulent,0.875,10,512,1.0778224294879923,-0.2662946555515341,1.835768903497392,0.1184662447252851,0.5007882498827094,0.0903850725614227
turbulent,0.875,11,512,1.0131472477184555,-0.2165266596683755,1.8330368307095253,0.1281915053621364,0.498838965860308,0.0983523598288768
turbulent,0.875,12,512,1.0587748781361443,-0.261488754187818,1.8532636473898576,0.1002558412222713,0.500706345936321,0.0984604825016132
turbulent,0.875,13,512,1.0558626499111046,-0.2457383371141995,1.8271786480205352,0.1091380929386051,0.5018489769272226,0.0978007124923699
turbulent,0.875,14,512,1.051908197550723,-0.2762771523151928,1.803481671179132,0.1276385982847549,0.5012829422046456,0.0932871047251059
turbulent,0.875,15,512,1.0550019867121554,-0.2506945249010366,1.8003830293190108,0.0946289748772348,0.500725927769252,0.1004957436545575
turbulent,1.0,0,512,1.0780105417053527,-0.3014606192922108,1.750977114883434,0.1374386776203447,0.4984129967956633,0.0857060959179574
turbulent,1.0,1,512,1.1519472993346245,-0.4664996340562731,1.6922931843712312,0.157106329819155,0.498892888149187,0.0662974961027644
turbulent,1.0,2,512,1.0519643422012346,-0.3650362194399906,1.6818058798193114,0.1277938782483677,0.4994553394532502,0.073629031848842
turbulent,1.0,3,512,1.1085768576561692,-0.3505755652120886,1.710370387425599,0.1391560032064304,0.5017890335045465,0.0719018809652736
turbulent,1.0,4,512,1.0157136629692218,-0.3349628509972271,1.6398765875976011,0.1412223154579738,0.5014906838539163,0.0810537505965566
turbulent,1.0,5,512,1.0980428479807027,-0.4037146292326174,1.6375532125044907,0.1539690128425892,0.5014723969310536,0.0613822105682719
turbulent,1.0,6,512,1.1208884466836355,-0.3492471959341834,1.7495096574719988,0.1182878820302335,0.501086090753667,0.0762389599865177
turbulent,1.0,7,512,1.2110340419047765,-0.4222192465112267,1.7158447525852083,0.1334948420415682,0.5003094208674254,0.0507657027156839
turbulent,1.0,8,512,1.0752259049060378,-0.3363557681327102,1.635078667548237,0.162836672729715,0.4992507326439148,0.0704211825349037
turbulent,1.0,9,512,1.1646302705335756,-0.3312989310922891,1.782616637182065,0.1673964396522032,0.4973329669372626,0.072964180183654
turbulent,1.0,10,512,1.060764664776227,-0.335203172856012,1.7169370695105255,0.1431403133994319,0.5004438435641912,0.0825602413898204
turbulent,1.0,11,512,1.039624800341797,-0.3011434649630625,1.7089688444590967,0.1329400354324332,0.4999149773421304,0.0807410038510442
turbulent,1.0,12,512,1.0595702597547008,-0.3518018488496356,1.7390918438493406,0.1167263521418363,0.5005303749132871,0.0817829298443322
turbulent,1.0,13,512,1.0175507911568178,-0.2853509353954755,1.708058581012115,0.1238481905851838,0.5010896849217376,0.0933271964920874
turbulent,1.0,14,512,1.0896519194963523,-0.367737773267868,1.691414684499544,0.1463594722558242,0.4979499410604474,0.0677823011292948
turbulent,1.0,15,512,1.107757175656005,-0.3743881042537558,1.684610087229151,0.1127388423246382,0.5005864140725074,0.075353740684951
schist,0.0,0,512,1.490893631149743,0.0031842622743651,2.9445644068731025,0.0505277669461677,0.5000121361032739,0.1599229394702498
schist,0.0,1,512,1.4767098014932365,-0.0100645761928302,2.9476633440350097,0.0535482251369277,0.500012129525505,0.1599315807996313
schist,0.0,2,512,1.4848961292465277,-0.0118212270759692,2.977468354672181,0.0539303055779066,0.499992869299495,0.1599765502254956
schist,0.0,3,512,1.4933099698361043,-0.0005350313377444,2.977894275739124,0.0601806627611982,0.4999867101705178,0.1599131005317401
schist,0.0,4,512,1.496846767307536,-0.0120519939699954,2.984630684392932,0.051730450716704,0.4999411942555899,0.159770096906739
schist,0.0,5,512,1.478581219136437,0.0012527017106699,2.974515173595252,0.0543769835605866,0.5000087551584016,0.1598433057933404
schist,0.0,6,512,1.503283735484161,-0.0042941776839904,2.977456995862424,0.0448437302941088,0.4999672598295717,0.1597899069833669
schist,0.0,7,512,1.4778305679218378,-0.0098714560261366,2.967363754319248,0.0701372150318447,0.5000284094248335,0.1597773811813762
schist,0.0,8,512,1.4621904619196446,-0.0120682566142267,2.910495130849513,0.0631191922703588,0.5001634554264769,0.1590265766350277
schist,0.0,9,512,1.493332269449671,-0.013758917283479,2.9757776305877406,0.0522800511491588,0.4999903833352058,0.1597867400826221
schist,0.0,10,512,1.490870296202384,-0.0082426323431576,2.958478441997298,0.0579389639271209,0.5000281958024674,0.1598397798589019
schist,0.0,11,512,1.470067716894098,-0.009550888253088,2.966366705442232,0.0641983685176796,0.500100327019826,0.1595598235576608
schist,0.0,12,512,1.5058960979292646,-0.0006296514993388,3.0028576343902813,0.0462132194344524,0.4999899743745269,0.1597605873520073
schist,0.0,13,512,1.4909176507124542,-0.0105909198959452,2.9553441994886778,0.0605639341452943,0.5001149869628033,0.1593454601014981
schist,0.0,14,512,1.494747682851299,-0.0033149834446918,2.975151438663719,0.0528313516952512,0.4999862850725196,0.1597518342858331
schist,0.0,15,512,1.4885702763593849,-0.0069633405512219,2.975446870232816,0.0704619033537265,0.4999930718003127,0.1599183561380991
schist,0.125,0,512,1.3855498677223654,-0.0216295438422711,2.706113511908712,0.0684223891780645,0.5000453568973464,0.1590986622790848
schist,0.125,1,512,1.3785568489353013,-0.0281778240488209,2.718436137533622,0.0667728402970243,0.5001002054776176,0.1590613152164019
schist,0.125,2,512,1.381456505723332,-0.0374600634498998,2.750751758316574,0.0728227215989889,0.4998882773314447,0.159231605958924
schist,0.125,3,512,1.398148680181399,-0.0279170879514231,2.7609651164700435,0.082882296856803,0.4999059626555641,0.1589762951174116
schist,0.125,4,512,1.4084723256777991,-0.0245192620719054,2.782119813317158,0.0673413968357901,0.4998268838951361,0.1586424102338258
schist,0.125,5,512,1.3986289712180653,-0.0224815622952749,2.7694271895699205,0.0723666336770144,0.4999757860827081,0.158912009790133
schist,0.125,6,512,1.404417092960047,-0.0195980682317497,2.759939594546155,0.0645972569896342,0.4999920760150447,0.1587410133545777
schist,0.125,7,512,1.3874176403961924,-0.0297681467972017,2.7770475169963227,0.0900066516424575,0.5001944518848667,0.1584340694976961
schist,0.125,8,512,1.381939301970341,-0.0126742677468364,2.7230764039271227,0.0842189029964302,0.5001274774089844,0.1581752011437053
schist,0.125,9,512,1.3892737554805357,-0.0340788571490167,2.7609682598187844,0.0739273197877639,0.4999545688931179,0.1585730318815723
schist,0.125,10,512,1.3986209199224846,-0.0250193258176527,2.7676836182364624,0.0774020380854641,0.5000636324367782,0.1589069805875314
schist,0.125,11,512,1.3781933561871298,-0.0195452275594209,2.7623382175645417,0.0881677479400432,0.5002066756052387,0.1587539572357827
schist,0.125,12,512,1.4094172976681163,-0.020355433632982,2.77449343105143,0.0626225610914174,0.5000350720026034,0.1590849757847817
schist,0.125,13,512,1.4073681134222833,-0.0315154352374368,2.758353733885173,0.0794855573390947,0.5001346765631253,0.1580798466708221
schist,0.125,14,512,1.4026929322303652,-0.0329865378895759,2.755595743914743,0.0712079629125327,0.4999485723469679,0.1583837013294277
schist,0.125,15,512,1.3897223898396551,-0.0228518388357309,2.7659713571669764,0.0871048948450986,0.499988156025409,0.1592013020183207
schist,0.25,0,512,1.2872313550299537,-0.058711225496235,2.5132537695516906,0.0834605003927355,0.5001513416217086,0.1546123194894142
schist,0.25,1,512,1.2809555858918589,-0.0552715668975489,2.496540517311255,0.0873084192284701,0.5002322499175648,0.1561252094735895
schist,0.25,2,512,1.288537982374033,-0.0611415178786752,2.5443911189207373,0.0942661620686696,0.4996490553222989,0.1559621502372197
schist,0.25,3,512,1.3075282836459483,-0.0528779566737652,2.5651750843701056,0.1075664406040585,0.499568815956787,0.1547512682522872
schist,0.25,4,512,1.320375872840883,-0.0458798754092704,2.593012627240306,0.0861398389718673,0.4997429582476879,0.1548983706528992
schist,0.25,5,512,1.321152002510673,-0.0458809488929215,2.5718684251563424,0.0922482047846367,0.4997354271753256,0.154870563124819
schist,0.25,6,512,1.314415986519902,-0.0464571489570469,2.555355488015759,0.0861698511471578,0.4999230523417968,0.1544703975310614
schist,0.25,7,512,1.3021702829074568,-0.0523282851399742,2.5964706113349454,0.1131142189088175,0.5005184449057757,0.1545687431671814
schist,0.25,8,512,1.2972492546580023,-0.0306176371773788,2.53816481405928,0.1019090579704888,0.500105732366148,0.1546694280734277
schist,0.25,9,512,1.2875273380516674,-0.0603121127013704,2.569883297645289,0.09960643990435,0.4997213570229378,0.1546751753139091
schist,0.25,10,512,1.3038083351825096,-0.0382944268070162,2.585265291831828,0.0980208977872799,0.5001497149152553,0.1557236491739956
schist,0.25,11,512,1.2924666393070308,-0.0438654639770021,2.5717627669162355,0.1128648687396444,0.5004160409506323,0.1557585615786773
schist,0.25,12,512,1.3207575243656962,-0.04606407637042,2.577085717806709,0.0824713800292587,0.5002301156289692,0.1565894001944538
schist,0.25,13,512,1.3124466704629174,-0.0553288976430489,2.5684772898393744,0.1014196002137856,0.5001049634516808,0.1549055628167036
schist,0.25,14,512,1.3091501702128974,-0.0592326218257143,2.56118851362344,0.0926256316903591,0.4997816936110657,0.15342793365163
schist,0.25,15,512,1.2903156944485683,-0.0490962660793175,2.577345822858063,0.1024021532584347,0.4998570280664872,0.1555910531229136
schist,0.375,0,512,1.1940750227383308,-0.0868314965962787,2.355098861167237,0.1030539501984075,0.4995864435284946,0.1427566745063304
schist,0.375,1,512,1.2016157104586047,-0.0809750709569644,2.3289229552012114,0.1053470751262713,0.5001226692685605,0.1505108307391125
schist,0.375,2,512,1.2146075562565064,-0.0898255773742539,2.3561773501688705,0.1140110204498411,0.498779165236662,0.1457816422538877
schist,0.375,3,512,1.2245975417083177,-0.0780457717546003,2.387635471418184,0.1270297587533389,0.4990475982709824,0.1460320615639856
schist,0.375,4,512,1.2361361071154038,-0.0785907091253877,2.4214273815735328,0.1103078911051161,0.4994210001630282,0.1464932791571783
schist,0.375,5,512,1.2465496733299268,-0.0709967780461909,2.397473775783022,0.1137422960252611,0.4988032023079012,0.1434676544317136
schist,0.375,6,512,1.2338582571534111,-0.0815431969057352,2.3715586581727988,0.1041048911854766,0.4992945536932103,0.1444714799622923
schist,0.375,7,512,1.2339408126994516,-0.0756654545507668,2.427450503120988,0.1374158498355933,0.5005949903721614,0.1470070433352409
schist,0.375,8,512,1.236320596996361,-0.0504874408433387,2.37523414333696,0.1264437760253562,0.4998612371156995,0.1457334127427286
schist,0.375,9,512,1.2195057909961342,-0.0857754274889153,2.412427835149349,0.1243288143727956,0.4991186190881456,0.1459610560056217
schist,0.375,10,512,1.2274752775116395,-0.059570871026671,2.422124736289737,0.1189131433041675,0.5001571039575642,0.149531234538959
schist,0.375,11,512,1.2106860074292365,-0.0638840893127425,2.406708122080044,0.1374978058215028,0.5004751583453269,0.1488399540422675
schist,0.375,12,512,1.2599464574619696,-0.0660449521542682,2.4124223504830047,0.1029833640798619,0.5002778790963103,0.150628197148389
schist,0.375,13,512,1.2312618693911677,-0.0863113315738477,2.391034839300447,0.1259194210141995,0.4999155403579853,0.1483347049179684
schist,0.375,14,512,1.2350464944237816,-0.0755156910212488,2.384421324997649,0.1115294758977012,0.4985984913959357,0.1393801056340163
schist,0.375,15,512,1.216043656706837,-0.0716718520522599,2.4096039795617847,0.1188963522600618,0.4995063978524911,0.1474101977822372
schist,0.5,0,512,1.1455871812547258,-0.1232686018652948,2.2023302812419807,0.1272260555645828,0.4982184977230283,0.1231327738483189
schist,0.5,1,512,1.152439699206591,-0.1203738995179148,2.174163561239023,0.1280168147127363,0.4990021195330266,0.1383363819095049
schist,0.5,2,512,1.158278278905286,-0.1284993173666233,2.184870211157134,0.1358315768401966,0.4975487931600581,0.130783339233688
schist,0.5,3,512,1.1516583947913264,-0.1042826322531132,2.212048866293212,0.1467299488080589,0.497740899941901,0.1275351965325629
schist,0.5,4,512,1.1552973274081926,-0.118597751478106,2.2512714339854165,0.1394782366701333,0.4983259963291959,0.1287224451864241
schist,0.5,5,512,1.187482397454651,-0.1165719018891184,2.216620541370824,0.1438139622121002,0.4969840701124918,0.1148435835538416
schist,0.5,6,512,1.1790692736265715,-0.1272740532875888,2.214384466261102,0.1273684512472337,0.4973849662539344,0.1241541541953039
schist,0.5,7,512,1.183515451977857,-0.1032913809414551,2.258893242077607,0.159128260253251,0.4999403802709088,0.1321461071605322
schist,0.5,8,512,1.1727997969382318,-0.0747072722811037,2.2280778098897014,0.150742913719358,0.4990999555744039,0.1316793580039426
schist,0.5,9,512,1.1550693902372222,-0.1348269829906604,2.247390986964457,0.1435817070680953,0.4977072103084703,0.1244694110710353
schist,0.5,10,512,1.1646301739681804,-0.0846381616770882,2.271387962569474,0.1380078883318207,0.4998840489136051,0.1389389459759725
schist,0.5,11,512,1.1396952091239,-0.0885340151753275,2.267444014862466,0.1609590776504008,0.5000406512808665,0.1377829993972261
schist,0.5,12,512,1.194900097149371,-0.0977794125786802,2.2604064136159243,0.1297813626900603,0.4997126873235839,0.139355346666935
schist,0.5,13,512,1.1451142105761445,-0.1311390443244555,2.1986262773225858,0.146147312908334,0.4982810833006917,0.1310267538058259
schist,0.5,14,512,1.1826085223207277,-0.1106919666244018,2.201266042844212,0.1397809741750114,0.4959727939307762,0.1090254540076479
schist,0.5,15,512,1.1585166702865457,-0.1134111956582438,2.2458287064702938,0.135310481525636,0.4979549988557639,0.1296533060234249
schist,0.625,0,512,1.1363523678184726,-0.1693308918643554,2.050728827976841,0.148860500780411,0.4958362120925686,0.0990321207305716
schist,0.625,1,512,1.1258631743445957,-0.1831570774413118,1.9920458531723573,0.1445035482586674,0.4955675702812311,0.107432040485708
schist,0.625,2,512,1.119605115204407,-0.196597675497573,1.9796052487066784,0.1570776880209843,0.4946006282123305,0.1010276188659736
schist,0.625,3,512,1.0829530395065967,-0.1557807188654178,2.0394015929607234,0.1711282374607568,0.4964124565307752,0.1088532080056713
schist,0.625,4,512,1.1035309612209367,-0.1657397221025567,2.072271390273486,0.173359898740185,0.4968934260127122,0.107583582683226
schist,0.625,5,512,1.1306474164291191,-0.1878695182757692,2.0040561130349754,0.1750580265906966,0.494751665291077,0.0732090619807265
schist,0.625,6,512,1.1535901912802484,-0.1893492157485423,2.040493446721529,0.1502362585125655,0.494824692708265,0.0962103652418831
schist,0.625,7,512,1.1416210297686011,-0.1643968244731372,2.0845252961025413,0.1863048472466563,0.4980204768856488,0.105717607736492
schist,0.625,8,512,1.1384789859195263,-0.1252258740574605,2.047808094959916,0.1843720761244065,0.4970849579524373,0.1056044158460026
schist,0.625,9,512,1.129891451943423,-0.2041112015615117,2.0501755491073963,0.165839003884061,0.4957691866699141,0.0922801683020367
schist,0.625,10,512,1.115825294251073,-0.1196126564627227,2.1061115801315218,0.1654890019853942,0.4982108604055216,0.1186603146435618
schist,0.625,11,512,1.0755504633067432,-0.1214282405666779,2.11986907132392,0.1761505699100055,0.4992963437311187,0.1203511928140351
schist,0.625,12,512,1.1317383891131954,-0.1349349315551059,2.1088817214139284,0.1605625221922006,0.4981702730739899,0.1188547271113917
schist,0.625,13,512,1.072981772740436,-0.1963255284710337,2.0006394412036963,0.1783880080643289,0.4949852844220865,0.1027540169860857
schist,0.625,14,512,1.1780131174911603,-0.1600920942089451,1.996379919855532,0.1574907276042745,0.4934408798073068,0.0814277429264876
schist,0.625,15,512,1.1193671393274112,-0.1871554470897535,2.053124424766595,0.1572521256361165,0.4950443922470265,0.0973294851746301
schist,0.75,0,512,1.1855040877360532,-0.2534369422454568,1.8876201721101664,0.1681106632541682,0.4932678965339834,0.0735071166762661
schist,0.75,1,512,1.122173717273823,-0.2841836945590741,1.7698759084178752,0.1504712122343585,0.4927395552564442,0.0770154374783207
schist,0.75,2,512,1.1695754476885605,-0.2926665611768937,1.8135211078384603,0.1481871660080906,0.4920650758505445,0.0764346872461005
schist,0.75,3,512,1.0579910792123604,-0.2390696614035359,1.8448150002156527,0.1804368780855344,0.4940691011792442,0.0832959084460194
schist,0.75,4,512,1.096534211407347,-0.2429648858287361,1.8660096997644853,0.2082503561800868,0.4942823662686757,0.0744170938780531
schist,0.75,5,512,1.1398071833561192,-0.2314074893693714,1.8882017473315629,0.1869753095003282,0.4932928727381161,0.058347821631027
schist,0.75,6,512,1.1891914266372818,-0.2594633153725055,1.9217736370036715,0.1524843877891555,0.4927830449196516,0.0782605240939375
schist,0.75,7,512,1.1329918558419398,-0.2875085642701218,1.820652952390236,0.2053878033679617,0.4950072922224003,0.0686412378528316
schist,0.75,8,512,1.1312310494893414,-0.209834810831879,1.8690779667234745,0.239195648080856,0.4945067052920994,0.0741572244421186
schist,0.75,9,512,1.1351860697121312,-0.2702406638417695,1.9073027078915528,0.1867374678055758,0.4944852676707679,0.0779642333199922
schist,0.75,10,512,1.1066696249613888,-0.1777233150915561,1.9628231850912805,0.1919489485515897,0.4970263824519409,0.0980501332889696
schist,0.75,11,512,1.047080660947383,-0.1731440944587608,1.947765745232967,0.2089379446728231,0.4976212711022778,0.091688467987656
schist,0.75,12,512,1.1291008041868094,-0.207207151752663,1.966616954891692,0.199683242565446,0.4955420487024805,0.084823081236924
schist,0.75,13,512,1.0801517040141606,-0.2952100065370835,1.8288903774491831,0.1803639764619935,0.4920617994919721,0.0779687387939366
schist,0.75,14,512,1.2081661534581507,-0.2513347752004027,1.8311110832860265,0.1487894912855447,0.4916380203978451,0.0708442443337582
schist,0.75,15,512,1.090610595403679,-0.240000202565054,1.89215684430758,0.154849150514938,0.4935525312812877,0.0847662509854153
schist,0.875,0,512,1.2461542041826836,-0.3543477123414807,1.8126774640745469,0.1550827343115656,0.4916254453209439,0.0665762385318236
schist,0.875,1,512,1.3337554053723264,-0.5990785858919485,1.6866865405626783,0.1071321598583592,0.4907334707936247,0.0652774899655817
schist,0.875,2,512,1.2415265209769588,-0.4297718215751672,1.7738655797507652,0.1235568798379165,0.4907198091519587,0.072867040302707
schist,0.875,3,512,1.1234628889332532,-0.3786395123068287,1.7116214755953725,0.1692901522792358,0.4919214046646679,0.066616739158367
schist,0.875,4,512,1.1623472658770169,-0.3638750257725566,1.747452689793792,0.1898253880425481,0.4926428221634319,0.0614614786057354
schist,0.875,5,512,1.2550815828125026,-0.231053351402725,1.8681315571031487,0.1796152061469386,0.4920565227224047,0.0514203767270529
schist,0.875,6,512,1.3178876131994337,-0.3799135452534919,1.892226284815013,0.1494905362968738,0.4910558861080542,0.067378707372142
schist,0.875,7,512,1.2098761112119476,-0.3878572348491461,1.6730718207510948,0.2197380487096227,0.4933691107108143,0.0570378730553666
schist,0.875,8,512,1.12468289321823,-0.29658039439138,1.738680641566933,0.2495173086616987,0.4927007870779527,0.0606537502303537
schist,0.875,9,512,1.2004382809840952,-0.3728065009560448,1.7734416444534646,0.1570638086652545,0.4927990643617845,0.061041732040555
schist,0.875,10,512,1.113611035518485,-0.2920293935189382,1.7756206886782289,0.2046953411478755,0.4943895901407223,0.0675139875678249
schist,0.875,11,512,1.1045096914259445,-0.2982712812895137,1.741915960539534,0.2458658067356618,0.4954581326459188,0.0563399543916693
schist,0.875,12,512,1.1459592367291125,-0.2710332776614149,1.863934862105518,0.2383212500583691,0.4933684497012283,0.0620193982120813
schist,0.875,13,512,1.0561025672949131,-0.3382914397983001,1.7876280695060365,0.1695678635161404,0.4911612376005033,0.0823805187609122
schist,0.875,14,512,1.290856061722957,-0.4076824045268584,1.7575651711987912,0.1129549425425525,0.4902578219648268,0.0707011679481179
schist,0.875,15,512,1.130571388390344,-0.3440931004110538,1.7879261225048133,0.1331738768234587,0.4914153933017203,0.0711483687812602
schist,1.0,0,512,1.333432409437887,-0.4949114259927696,1.7990185371066645,0.1228057332841725,0.4903255883929249,0.0682017829926713
schist,1.0,1,512,1.374201075053828,-0.7706662456527889,1.7365535122924851,0.0903580744783601,0.4897806917590982,0.0749098308732669
schist,1.0,2,512,1.4636610653984636,-0.8339278042900684,1.7902274034760657,0.1074081736502573,0.4896759808633109,0.0754704173986096
schist,1.0,3,512,1.2271823960400146,-0.5280648949249401,1.719090331218054,0.1432763320414449,0.4909731231330339,0.0693846391417744
schist,1.0,4,512,1.3020937569144115,-0.5191537197560867,1.7653904208683968,0.1209273543549864,0.4912123258218396,0.0599669653048638
schist,1.0,5,512,1.437734691484398,-0.3043816859911744,1.9213696435512364,0.1474106952637222,0.4909656690446866,0.0554842434161654
schist,1.0,6,512,1.3581079724436689,-0.4787363803432114,1.900565735814488,0.1376805969731001,0.4900597944745051,0.0712853191336035
schist,1.0,7,512,1.4311905396066529,-0.5451255915865,1.6967896932037851,0.1715681224446422,0.4918663639126481,0.0555638568070834
schist,1.0,8,512,1.2830850452644602,-0.4704206303445722,1.777304514712533,0.188557362027434,0.4910173325663279,0.0567738689479483
schist,1.0,9,512,1.2938588665179946,-0.4977720244267368,1.7536984664631607,0.1200128800089298,0.4915468683840825,0.0596407430076712
schist,1.0,10,512,1.1496569524175129,-0.3932109286432482,1.702275616093177,0.2017841601542322,0.4931435401042395,0.0646189577023705
schist,1.0,11,512,1.3072704177034271,-0.4344236425970481,1.6788115118583455,0.2653094543239893,0.4941319922666653,0.0416927942871456
schist,1.0,12,512,1.1762736269533989,-0.3312675771129632,1.878195676952722,0.2160000259284731,0.4919040257298844,0.0578602772236435
schist,1.0,13,512,1.1824368591456504,-0.4677514368765655,1.8154711974341249,0.1235351695006352,0.489587860450039,0.0810490347935454
schist,1.0,14,512,1.3707380416870498,-0.6371070899559144,1.757692669079527,0.0977555777924889,0.4893699720143711,0.0791669342926163
schist,1.0,15,512,1.1916989697349076,-0.4510940609533016,1.7939393956756209,0.1072256537597486,0.4902017332077922,0.0724349896690424
serpentinite,0.0,0,512,1.587084222080267,-0.0051755272883469,3.086583832849931,0.0534837721115752,0.5000072160521043,0.1599326225666339
serpentinite,0.0,1,512,1.5658044916847162,-0.0275914590708452,3.090693473811228,0.05081109151755,0.5000007657897589,0.1599495546811923
serpentinite,0.0,2,512,1.3450858351154766,-0.1490720052596506,2.478111321776737,0.1157008876995208,0.4999813486607772,0.1599394641266847
serpentinite,0.0,3,512,1.5511659886530988,-0.0452569058930445,2.9574377688445623,0.0801866275692049,0.4999872443371164,0.1598895715509058
serpentinite,0.0,4,512,1.6221953020594788,-0.0178180438217903,3.138675729009551,0.0506921180554931,0.4998882407814771,0.1595708658111703
serpentinite,0.0,5,512,1.5170644884333564,-0.0505475048190041,2.886924776164376,0.0837244497852949,0.5000280779229428,0.1598033865710608
serpentinite,0.0,6,512,1.3629135925797813,-0.1507802625193794,2.468453485639737,0.1025610840692938,0.4999886456270216,0.159943016609157
serpentinite,0.0,7,512,1.5730392059552778,-0.018541183817481,3.1438567077311,0.0608517862529932,0.5000712684359744,0.1595908234928725
serpentinite,0.0,8,512,1.2619891720619991,-0.1413823314991417,2.3705219465087946,0.0984273636612531,0.4999782456135802,0.1599077284044509
serpentinite,0.0,9,512,1.558022454180243,-0.0295445898721373,3.089874936721746,0.0615495983552807,0.4999803231415936,0.159714517019894
serpentinite,0.0,10,512,1.5311877183347775,-0.0242427377116868,2.9954460670598984,0.0734638182218658,0.5000140556272913,0.1598366212962468
serpentinite,0.0,11,512,1.296860074636746,-0.1384781048948079,2.4074824388607543,0.1239597413164665,0.5000008965368212,0.1599956027658606
serpentinite,0.0,12,512,1.5826904064506466,-0.0277913603303172,3.1223196768723107,0.0589015372458651,0.4999912269250814,0.159790713206787
serpentinite,0.0,13,512,1.5450400604817536,-0.0561305699567545,2.900003567100597,0.0780809626728398,0.5001655811844561,0.1592348726074479
serpentinite,0.0,14,512,1.5589683677357893,-0.0367327794910748,3.0200934934874315,0.0691553000603815,0.5000317541018208,0.159842094400519
serpentinite,0.0,15,512,1.55174480825748,-0.0096904288027528,3.139049769845747,0.0699568874253108,0.5000185587909279,0.1599363830910616
serpentinite,0.125,0,512,1.4737622488971032,-0.0439065571183473,2.840827475323861,0.0720615940470936,0.5001237661743517,0.1587348706114991
serpentinite,0.125,1,512,1.4677005751639804,-0.0555064944081215,2.831760387244107,0.0640701582729479,0.5000561794793262,0.1589746813913642
serpentinite,0.125,2,512,1.2708886605355625,-0.1399406427120385,2.383764137323169,0.1191518548284832,0.4999268403519042,0.15975178182122
serpentinite,0.125,3,512,1.4232684712273482,-0.093658000461635,2.665951170585019,0.1051628951335087,0.4999446322296492,0.1588283465397886
serpentinite,0.125,4,512,1.506264841838883,-0.0499842671284239,2.89086954026006,0.0752446152744288,0.4998042376489163,0.1581138352878653
serpentinite,0.125,5,512,1.376431243949163,-0.0965190663819651,2.574180564537609,0.1164514784504254,0.5001481861712935,0.158489846627708
serpentinite,0.125,6,512,1.285815965388889,-0.1649761479955303,2.329006958790816,0.1103245380158326,0.5000026515943812,0.1597747423329135
serpentinite,0.125,7,512,1.4812217300807229,-0.051425941065316,2.92219815696831,0.084954699053162,0.500307188579424,0.1578269138550677
serpentinite,0.125,8,512,1.215721691271337,-0.1535760707056197,2.303818472295613,0.1098400587366688,0.4999898803883627,0.1599333653598869
serpentinite,0.125,9,512,1.4254789011727214,-0.0738645914602452,2.818194689705964,0.0859909813084238,0.4998911183200312,0.1582386560253922
serpentinite,0.125,10,512,1.425227486455512,-0.0524742707082712,2.7349886617457555,0.0959993245497764,0.5000649972800358,0.1587752077146342
serpentinite,0.125,11,512,1.2251410994270286,-0.1396874729987501,2.314872472165695,0.1194687185790383,0.500002499770503,0.1599688132106819
serpentinite,0.125,12,512,1.4864837850895063,-0.0618636851070432,2.8585843244131293,0.0744747726465828,0.5000722340426353,0.1590647198312773
serpentinite,0.125,13,512,1.4340868725490703,-0.0912563028042726,2.6440618645291183,0.107409767308738,0.5002638018444453,0.1580764587786017
serpentinite,0.125,14,512,1.453321029917008,-0.0780079096171112,2.7479389681053896,0.0933337623332558,0.5001949500950402,0.1588230651752777
serpentinite,0.125,15,512,1.44322009318856,-0.04353790420504,2.899035507093444,0.0872557534436522,0.5000753764518149,0.1593571061177107
serpentinite,0.25,0,512,1.3874961141741016,-0.0839858205556522,2.67144950311813,0.083742177559493,0.5005655148359516,0.1543874826257417
serpentinite,0.25,1,512,1.3790446732033304,-0.0930616407866186,2.649763138900969,0.0826461899889636,0.5001846170182955,0.1560010082083364
serpentinite,0.25,2,512,1.2395926534204844,-0.1670495460352835,2.3252557361639545,0.1169384093878424,0.4998893603549136,0.1596056266080133
serpentinite,0.25,3,512,1.3091868820411952,-0.1508432860393445,2.37775386751098,0.1263555249905304,0.5002088905221347,0.1556878417808529
serpentinite,0.25,4,512,1.404860555294533,-0.0908536205716487,2.684626009460841,0.0905468568035412,0.4998393718852298,0.1549630026265217
serpentinite,0.25,5,512,1.2345743515843624,-0.1827300603279021,2.251130821451622,0.154377215863159,0.5014977060477563,0.1516850811980976
serpentinite,0.25,6,512,1.2300298626115933,-0.2062444146173566,2.214292693516608,0.115537652070772,0.5000120341503687,0.1597447565683774
serpentinite,0.25,7,512,1.3981597409342723,-0.0746254575575423,2.727355684668859,0.1098845475111365,0.500559419020389,0.1537446584133813
serpentinite,0.25,8,512,1.2106567726766937,-0.1740815369385524,2.287259273311424,0.1240993801591693,0.4999973159851531,0.15996324107268
serpentinite,0.25,9,512,1.3120612396268372,-0.1237691073013632,2.590031288985516,0.1102157922050403,0.4999325818605181,0.154215541940591
serpentinite,0.25,10,512,1.316956142530597,-0.1054372918708118,2.454944096890172,0.1200879600313352,0.5006091714950889,0.154809029625536
serpentinite,0.25,11,512,1.1979746641495992,-0.1571463461116689,2.2541341970539146,0.1204770266225731,0.499992213430266,0.1599309689242395
serpentinite,0.25,12,512,1.4026686127836452,-0.0952611861700906,2.62994610060383,0.0945535134401031,0.5003002782357988,0.1568089041150813
serpentinite,0.25,13,512,1.3489471564789612,-0.1416324418842583,2.4177407227521166,0.1416230783471344,0.5004734888580602,0.1552270397718412
serpentinite,0.25,14,512,1.3481881048298083,-0.113579295150159,2.496576548539247,0.1230955522309108,0.5006459612632876,0.1553418015202282
serpentinite,0.25,15,512,1.36615514233263,-0.0772390985851018,2.6988909824710654,0.1027648711300369,0.5002450769701376,0.1569805862636276
serpentinite,0.375,0,512,1.3271489069412643,-0.1233321506463243,2.5285992691581765,0.104054615324254,0.500949814172027,0.1479946308690325
serpentinite,0.375,1,512,1.3259110980497115,-0.1255997678457465,2.502623514393797,0.1039533449472383,0.500228310102643,0.1504411791713007
serpentinite,0.375,2,512,1.2149262559934544,-0.197444781250335,2.266617044555916,0.1193443968086633,0.499897330137973,0.1596280929594952
serpentinite,0.375,3,512,1.2403544307361618,-0.2083068265570832,2.190769630895141,0.14766013257395,0.5025130870313067,0.1447802346393004
serpentinite,0.375,4,512,1.321447023305292,-0.1192898321873812,2.5104598838450243,0.1096449534295611,0.5000750231335247,0.149643410117908
serpentinite,0.375,5,512,1.1694914767177935,-0.2699013326699905,2.008007835676505,0.1677983473899346,0.5067371685088511,0.1262632952791433
serpentinite,0.375,6,512,1.2350313441329464,-0.2870899625928084,2.1919508504669,0.1222110525981325,0.5000059735746465,0.1599113736677215
serpentinite,0.375,7,512,1.3386805738523135,-0.1075198376417248,2.569737351373976,0.1280128078257956,0.5010117883391499,0.145783204879839
serpentinite,0.375,8,512,1.2479623083995466,-0.2510161887551864,2.272128803171054,0.1279950056699775,0.5000004388275053,0.1599905647883926
serpentinite,0.375,9,512,1.2552095187113252,-0.1523156437013744,2.4285072921497366,0.121336054080082,0.5007815388067041,0.1462241622857781
serpentinite,0.375,10,512,1.258213713627672,-0.1443366236153001,2.2993653753649466,0.1395724416979475,0.5016660744151056,0.1466681736536575
serpentinite,0.375,11,512,1.2149614947374978,-0.2058169632072606,2.2456087038621035,0.108519410247159,0.4999904687364106,0.1599487415821518
serpentinite,0.375,12,512,1.3142644730291533,-0.1234542379887472,2.449968347658344,0.1198974606529904,0.5010045331903648,0.151256473643356
serpentinite,0.375,13,512,1.2684620495808847,-0.1685182041048607,2.25586042677937,0.1619478587901611,0.5015044094620782,0.1492536776994658
serpentinite,0.375,14,512,1.280250600465898,-0.1473189708880204,2.325759812640378,0.1431980162664348,0.5019542351420835,0.1466446650805733
serpentinite,0.375,15,512,1.305709012760344,-0.1093428861900575,2.543419585766682,0.1148845584727387,0.5004104277549969,0.1517966623318173
serpentinite,0.5,0,512,1.2667758801392994,-0.1456434923639776,2.41292456608757,0.1192979272230976,0.5011501391290141,0.1369888692213776
serpentinite,0.5,1,512,1.2786018197104092,-0.1596443444979071,2.380744011337874,0.1216665233821533,0.5003289991059062,0.1430684419067145
serpentinite,0.5,2,512,1.2333038185266327,-0.297741037608965,2.2201678738944146,0.1147096842861354,0.4999565151460541,0.1598353628563294
serpentinite,0.5,3,512,1.2336655482077887,-0.2899697231997952,2.0425827951223017,0.1598906674142837,0.5070437142135731,0.1236866665307476
serpentinite,0.5,4,512,1.2616572461056634,-0.1587634698507184,2.365117167378838,0.1285580763319245,0.500932664025986,0.1372130000948171
serpentinite,0.5,5,512,1.1926655905810446,-0.4105893479580991,1.8677177032567225,0.1650197986313166,0.5093394728009217,0.1128101782310456
serpentinite,0.5,6,512,1.2490703983356697,-0.3205428096320382,2.2447861759647623,0.1157507082329255,0.5000017271596171,0.1599098228448008
serpentinite,0.5,7,512,1.2898831752697095,-0.1395518468450755,2.435067031716394,0.1552071054043992,0.5013001943722961,0.1362298496974698
serpentinite,0.5,8,512,1.250642094145306,-0.2911903674450953,2.270734105305913,0.1209464608531299,0.4999985874027264,0.1599867596657293
serpentinite,0.5,9,512,1.2208283242449576,-0.1949160738718199,2.265743824932364,0.1290833431657633,0.502584865987654,0.1307187306041588
serpentinite,0.5,10,512,1.2116319978798358,-0.1896972734461422,2.145540866075981,0.1450141713128985,0.5044099897824862,0.1314042749789653
serpentinite,0.5,11,512,1.240850404273046,-0.2755165868441547,2.2501157195928463,0.1135819758386904,0.499998650767042,0.1599889996145635
serpentinite,0.5,12,512,1.238627658946686,-0.157510012665361,2.3104689668644527,0.1219381014251851,0.5028294415695622,0.1378886965815722
serpentinite,0.5,13,512,1.207157298683989,-0.1980363326351679,2.129293649637218,0.1704831303297625,0.5047044573092573,0.1346328534687381
serpentinite,0.5,14,512,1.227621332882836,-0.1836588332106058,2.194004014628306,0.1528517947243027,0.5038453743204729,0.1332020549251842
serpentinite,0.5,15,512,1.2610594049837878,-0.1381298456915183,2.4177183316328144,0.1256965295727364,0.5007591602855654,0.1429054571045525
serpentinite,0.625,0,512,1.240864460241233,-0.1731721110209043,2.309576857483129,0.1424121017694805,0.50173780679919,0.1241234207876846
serpentinite,0.625,1,512,1.2548758161277629,-0.1995976475167167,2.27832189153754,0.1455637950379186,0.4998919521054465,0.1323388878244286
serpentinite,0.625,2,512,1.2530512608990865,-0.4187766268179051,2.17191029720344,0.1143558990062885,0.4999545644446583,0.1598178193483141
serpentinite,0.625,3,512,1.2374286389140243,-0.3633046476885134,1.949358689604776,0.1702326913905175,0.5084720375018306,0.116825523020825
serpentinite,0.625,4,512,1.23201608247512,-0.2068795526676499,2.2356609479917955,0.1550890266424662,0.5016259785224211,0.1246217383633215
serpentinite,0.625,5,512,1.3507018987930617,-0.7820599933774025,1.864814681402108,0.1663018103672742,0.5094378192829349,0.1158318460798804
serpentinite,0.625,6,512,1.2863292270591105,-0.4362901529408802,2.29559413812705,0.1132483438644714,0.4999971461001619,0.1599636189526992
serpentinite,0.625,7,512,1.2555009410389346,-0.155710471635299,2.307717376574241,0.1756749970720899,0.5018952888813982,0.1191334410214332
serpentinite,0.625,8,512,1.2852759015557889,-0.5181805131203836,2.255905488671372,0.1157936690616571,0.5000006123799232,0.1599977790875974
serpentinite,0.625,9,512,1.186693313950242,-0.2431491324824206,2.1434809485420674,0.1431827798087168,0.5034584858462259,0.119490950561086
serpentinite,0.625,10,512,1.1854830397272755,-0.2956448435340758,1.988378561466524,0.1512762588696379,0.5075310799856105,0.1133643220166147
serpentinite,0.625,11,512,1.272843860327561,-0.3646592113222539,2.2802781853281187,0.1121309764214449,0.5000005564473922,0.1599971316012821
serpentinite,0.625,12,512,1.176237457189755,-0.1999642714246449,2.13842087752608,0.1222940565211428,0.5050527738061392,0.1175881705727433
serpentinite,0.625,13,512,1.185795868223236,-0.2738313524775054,2.0058340130160124,0.1622078832382328,0.5082710086421086,0.1167977415516341
serpentinite,0.625,14,512,1.183177660901522,-0.2873201367581577,2.0073707124719493,0.1541636278845453,0.5067557919883849,0.1081334630745091
serpentinite,0.625,15,512,1.2393232553286555,-0.1720402611539168,2.3187168024126987,0.1392044400793362,0.5009895194153369,0.1309435488715695
serpentinite,0.75,0,512,1.2275952228621885,-0.2104778344819834,2.225922736587271,0.1580217564154227,0.5020374060691553,0.111467578874014
serpentinite,0.75,1,512,1.2166277199892337,-0.2499743077069605,2.1579275253050225,0.1619031947969771,0.4999622332335101,0.1169493165656721
serpentinite,0.75,2,512,1.257400375085555,-0.5101342495614241,2.1234273368351646,0.1195692679680148,0.4998793300079346,0.1594512546346249
serpentinite,0.75,3,512,1.3109995644242416,-0.513108198698004,1.9034895527882123,0.1750617498915135,0.5095874136017476,0.1122047116960685
serpentinite,0.75,4,512,1.228842774129347,-0.2704383658886207,2.091681024318046,0.1780160993199423,0.503347973906454,0.0994729338029305
serpentinite,0.75,5,512,1.4688587793150516,-1.1266816925705148,1.9120317408745429,0.1708392895572244,0.5076666223990932,0.1281142423028863
serpentinite,0.75,6,512,1.3359797213813278,-0.5364374738672579,2.3170225825766493,0.1178115414798531,0.4999944385435095,0.1599698190705835
serpentinite,0.75,7,512,1.229945092000031,-0.1808600607664067,2.189573359272868,0.2024543753603442,0.502195175223213,0.1085433245946726
serpentinite,0.75,8,512,1.3076335202247824,-0.5761202168522295,2.259831534318375,0.1126985617103756,0.500001217955593,0.1599955846543519
serpentinite,0.75,9,512,1.1499097216642324,-0.3334743962918177,1.9863055103243,0.1582484950683425,0.505800066790848,0.1017280548967331
serpentinite,0.75,10,512,1.2096928773760616,-0.4176490507321926,1.9034106661096488,0.1577840270138084,0.5095219710415353,0.107205608424443
serpentinite,0.75,11,512,1.2639549326710906,-0.4799755114830227,2.254895093354363,0.1189715830815099,0.5000005385557519,0.1599975004623463
serpentinite,0.75,12,512,1.141414782876785,-0.2828270346928307,1.9590127609387025,0.128916140060187,0.5070455296510068,0.092629614157194
serpentinite,0.75,13,512,1.2264051064810966,-0.3833918628137631,1.9363956895653995,0.1607467942132051,0.508906182467566,0.1128920392410017
serpentinite,0.75,14,512,1.1584662727911614,-0.3059695606259921,1.972851481236588,0.1713649544288297,0.5064062034183042,0.1116815065180854
serpentinite,0.75,15,512,1.2157842902336218,-0.2129183542037376,2.205966424924185,0.1622166570818755,0.5011234743576992,0.1189458834747866
serpentinite,0.875,0,512,1.2462175805955609,-0.2804244506760894,2.152177853721713,0.1706508106925485,0.5014002676461251,0.0962677562228491
serpentinite,0.875,1,512,1.1783857069205523,-0.3127148653591799,2.0581556674195585,0.1741887917861132,0.5001376224095431,0.1004629602690037
serpentinite,0.875,2,512,1.3332164662731645,-0.8433315657855264,2.091816278300988,0.1318901686643203,0.4998726578641324,0.1595237067861614
serpentinite,0.875,3,512,1.443720831642986,-0.7556946408975567,1.924802943342536,0.1764003915883844,0.509588515767269,0.1147155438429458
serpentinite,0.875,4,512,1.2209446364717649,-0.337470702513941,1.966390264252096,0.1954145028060968,0.5042545264601417,0.0866625400336585
serpentinite,0.875,5,512,1.584979477227097,-1.527416794494265,1.9808002111232137,0.1517514488870928,0.5048945401096501,0.1418220474771561
serpentinite,0.875,6,512,1.359193504096143,-0.6554379991785582,2.325140025782047,0.1149087808434017,0.4999978989065606,0.159984238517548
serpentinite,0.875,7,512,1.2060950438661238,-0.2218690474588879,2.063999973231604,0.2358216533020586,0.5020940219685215,0.0892802093688375
serpentinite,0.875,8,512,1.319073344786891,-0.6223813587281246,2.257578464322107,0.1079073126350259,0.5000007216344988,0.15999735484305
serpentinite,0.875,9,512,1.1425241894601792,-0.4406305155735129,1.837436489261653,0.1538609376420812,0.507425584561295,0.0872656276326872
serpentinite,0.875,10,512,1.3372435393929882,-0.6597748719988165,1.9159975240627392,0.1780047670729316,0.5099025986341807,0.1101814497810411
serpentinite,0.875,11,512,1.261406146186672,-0.5995644522311144,2.2341850396919187,0.119966466033258,0.5000010083157306,0.1599963823350998
serpentinite,0.875,12,512,1.162890025044616,-0.3859240965938259,1.8011045544209074,0.1205064383976744,0.5082023466142607,0.0750570336480942
serpentinite,0.875,13,512,1.24226188793693,-0.428987429621816,1.9303047515627647,0.1699787304632589,0.5076921150773324,0.1202580372656471
serpentinite,0.875,14,512,1.2292912532132494,-0.5401395038890435,1.7887793042337068,0.149441624098695,0.5102440980833641,0.0880251418265267
serpentinite,0.875,15,512,1.1720182604551346,-0.2565638759432144,2.1023317247741886,0.1811443089959736,0.5012883925112509,0.1087597615004071
serpentinite,1.0,0,512,1.2572676349351657,-0.3562925904522596,2.072457529809419,0.1875514021618581,0.5016340113748,0.0841660245293549
serpentinite,1.0,1,512,1.1822894393468637,-0.4297146515210669,1.883824965039804,0.2028109698125351,0.4999880489708205,0.0699253387872505
serpentinite,1.0,2,512,1.3689134962945255,-1.135526734974411,2.0117304477793696,0.1489081255359766,0.4976938984179244,0.1520472872587643
serpentinite,1.0,3,512,1.569291860450913,-1.0482262921647243,1.9642210266686195,0.1787371231690517,0.5088038651838611,0.1213153161510975
serpentinite,1.0,4,512,1.2115091112638232,-0.399499868066136,1.864531944429142,0.2244843005166465,0.5050347142189477,0.0750171748744533
serpentinite,1.0,5,512,1.6557239409041506,-1.7999876835197646,2.071862426743499,0.1301704603338368,0.5016532456638287,0.1544652915725977
serpentinite,1.0,6,512,1.3141252615197434,-0.5557973965862721,2.3337000246708968,0.1251173149328626,0.4999941304164619,0.159961723632047
serpentinite,1.0,7,512,1.1968526129401391,-0.3355326889224334,1.9028443529732395,0.2679760917729361,0.5013674306235257,0.0643979651468087
serpentinite,1.0,8,512,1.3202175106109668,-0.7977755856556239,2.218982380064977,0.1125817109286966,0.5000007798463646,0.159997064745223
serpentinite,1.0,9,512,1.1805648920973308,-0.609009672746954,1.693411472649641,0.1397885450961024,0.5084872717554729,0.0762348133971018
serpentinite,1.0,10,512,1.3869182226209091,-0.7615721715574725,1.964098688194745,0.1747906418200537,0.5084491292983399,0.122657147083505
serpentinite,1.0,11,512,1.227190805686639,-0.7288255158729721,2.177716466860279,0.1180941874041209,0.5000018235494824,0.1599932052658496
serpentinite,1.0,12,512,1.158060021483972,-0.4160012439773148,1.765444305489683,0.125138894424219,0.5082198128570895,0.0758411386002072
serpentinite,1.0,13,512,1.4278307506452164,-0.7928777930713249,1.9563571888617144,0.1567072334892268,0.5080927601099261,0.1249388171468461
serpentinite,1.0,14,512,1.271568346940626,-0.665264311847985,1.7643957915712902,0.1534254954472445,0.5106937702667672,0.0884576756398222
serpentinite,1.0,15,512,1.1487326241546918,-0.3106670037497903,2.0059371475870766,0.1978190690388361,0.5003909394633427,0.0971280936033567
flow_banded,0.0,0,512,1.6697729592488986,-0.0034741156961723,3.3887536521041883,0.0306292372182118,0.500006192616611,0.1599774071431766
flow_banded,0.0,1,512,1.6357046695389283,-0.0229854544009826,3.335311750052556,0.0349309692142994,0.4999948970622809,0.159983740049223
flow_banded,0.0,2,512,1.6679050757668858,-0.0324032991390907,3.3567045564569904,0.0343260720679234,0.4999993567640151,0.159997964678509
flow_banded,0.0,3,512,1.662783096246677,-0.021750475467576,3.3699437283490083,0.0432295637050331,0.4999967099856826,0.1599885490098491
flow_banded,0.0,4,512,1.6666328413483196,-0.0220157077323807,3.376399554899487,0.0323854113708008,0.4999459117457378,0.1598206858939575
flow_banded,0.0,5,512,1.6279356535095617,-0.0146743772153516,3.365414914264504,0.032812915744407,0.5000042281122551,0.1599748876577342
flow_banded,0.0,6,512,1.6304463942641445,-0.0219238751700585,3.2983023551720136,0.0413265901122101,0.499980408754349,0.1599139616343214
flow_banded,0.0,7,512,1.6656786334362788,-0.0267025953022526,3.3611693336523683,0.0498144267554685,0.5000501644867917,0.159820983035349
flow_banded,0.0,8,512,1.5897812116973749,-0.0339557459420277,3.287867416827144,0.0302391015812171,0.5002351468041739,0.1588739721800647
flow_banded,0.0,9,512,1.6463894152627774,-0.0183093452682309,3.295725278120817,0.0400654030146837,0.5000032536799457,0.1598589197967146
flow_banded,0.0,10,512,1.6293111208845188,-0.0360345644788577,3.2572212163377263,0.0456723842499896,0.5000335417100177,0.1598861730245751
flow_banded,0.0,11,512,1.621058143767525,-0.0198627105079139,3.2953114604615124,0.0484716763889961,0.5001069520927328,0.1596423794477568
flow_banded,0.0,12,512,1.6502716383837392,-0.0225231715533601,3.3666952891600577,0.0319879800039559,0.4999865790296445,0.1598488987012698
flow_banded,0.0,13,512,1.6442355795939871,-0.0354029129948675,3.3203453863196706,0.041687102125894,0.500166470966278,0.1594026644449697
flow_banded,0.0,14,512,1.6322010981913966,-0.0302942376965361,3.3228673871113314,0.0370490632880963,0.5000069665959034,0.1599716600884821
flow_banded,0.0,15,512,1.6640824102347371,-0.0141506009824756,3.4088611749624684,0.0343691424429964,0.5000058127080363,0.1599810905161743
flow_banded,0.125,0,512,1.5158679280122616,-0.0324029096977445,3.0761806857269693,0.0587108184812382,0.5000876420403514,0.1593159110399016
flow_banded,0.125,1,512,1.5295505209749427,-0.0628090398864194,3.021216326534646,0.0497132603172249,0.4999754064335701,0.1593999291365298
flow_banded,0.125,2,512,1.529004598996577,-0.0577468314220567,3.033125884753547,0.0574260396678061,0.4999339184221011,0.1595982651237881
flow_banded,0.125,3,512,1.539322029318838,-0.0618221535040258,3.069077027658216,0.0681876583132189,0.4999595381455837,0.1595137049890922
flow_banded,0.125,4,512,1.549059816143663,-0.0540775845260459,3.098784791559832,0.0555295780352638,0.4997809699732271,0.1588639421054196
flow_banded,0.125,5,512,1.524236188237604,-0.0508309211261131,3.048623196354922,0.056057521594678,0.4999707220204071,0.1595493705491445
flow_banded,0.125,6,512,1.4978448002835345,-0.0499614863665588,2.977907290149699,0.073404796345212,0.4999633237742655,0.1594723718523253
flow_banded,0.125,7,512,1.554238005090679,-0.0479991332606708,3.090785684846981,0.0771603522422828,0.5003412486717825,0.1585443120090366
flow_banded,0.125,8,512,1.4891401069596508,-0.0525494066381676,3.000326824747808,0.0571529573540912,0.5001214162447174,0.157889074644503
flow_banded,0.125,9,512,1.4907793624418022,-0.0589438368524797,2.979290380482388,0.0728316792816905,0.499898298025214,0.1586359074433295
flow_banded,0.125,10,512,1.5039423960640832,-0.0572653543942674,2.9639854884069257,0.0761560696564101,0.5000355629196576,0.1593115440840251
flow_banded,0.125,11,512,1.5114936159302137,-0.0403169533452807,2.98812285664164,0.063851981979194,0.5002597414872174,0.158731531841656
flow_banded,0.125,12,512,1.5266066282745547,-0.0699171998811412,3.0439969009971257,0.0639543618706392,0.5000081306447965,0.1594044548777032
flow_banded,0.125,13,512,1.5435570024487608,-0.0625814401044312,3.031244961086998,0.0687044051696548,0.5003674270529476,0.1579469787810723
flow_banded,0.125,14,512,1.5267483224256526,-0.0486572572210746,3.0250209091870266,0.0673547742622823,0.5000949513182673,0.1595341640331277
flow_banded,0.125,15,512,1.5519239107789402,-0.04362484866732,3.11418997087468,0.0526887498823476,0.5000781316570105,0.1596061614838279
flow_banded,0.25,0,512,1.4467212693472664,-0.0612263915180171,2.8595816293272045,0.0824781805931119,0.5004054300919207,0.156179156275421
flow_banded,0.25,1,512,1.4498864989451066,-0.0846769689799033,2.7886757339328208,0.0730030754968108,0.5000188789486635,0.1574090043869652
flow_banded,0.25,2,512,1.434636096774743,-0.0942163635295556,2.7962377346479297,0.087817143100958,0.5000514027191003,0.1568322566910879
flow_banded,0.25,3,512,1.431293689961661,-0.1011751850780019,2.801185051711126,0.1016035585963727,0.4997915627662234,0.1574487842007045
flow_banded,0.25,4,512,1.4503415083474434,-0.0929390703050653,2.856581208452899,0.0809682144322432,0.4998341470624272,0.1563489268012846
flow_banded,0.25,5,512,1.4128564072032177,-0.0785918574366489,2.783444633174216,0.079790752210516,0.4999522570367553,0.1575694480887844
flow_banded,0.25,6,512,1.397892452993731,-0.0810182262026688,2.7320022701796343,0.0969883197917095,0.5001837373116215,0.1575027799607036
flow_banded,0.25,7,512,1.4286311503487146,-0.0839808517561278,2.850956382132401,0.1109382507946596,0.5005431628673144,0.1558846009574827
flow_banded,0.25,8,512,1.4160823065303685,-0.0749472408988652,2.7852384834580017,0.0938557515946038,0.4999306138907235,0.1564126356704462
flow_banded,0.25,9,512,1.3923140679717332,-0.0818814850179473,2.719651299753128,0.1046019266789379,0.4997969293636721,0.1550190113550993
flow_banded,0.25,10,512,1.3783008458521713,-0.0888794514520805,2.7234047342279584,0.0995867029849519,0.5000240856765751,0.1570258906704984
flow_banded,0.25,11,512,1.3982697718511323,-0.0710456045610351,2.735774383798499,0.080813405234529,0.5005678261514709,0.1564899241153009
flow_banded,0.25,12,512,1.430901222150471,-0.0890264392122903,2.7888388874261723,0.0901527502236102,0.500114348706301,0.1579315507308083
flow_banded,0.25,13,512,1.4484096373676658,-0.0839459072392328,2.8032831568714864,0.0884209726397627,0.5005704434674898,0.155768510902107
flow_banded,0.25,14,512,1.4499562307672669,-0.0809975044711023,2.7937305723951,0.084343727022366,0.5005982116387097,0.1563739934319069
flow_banded,0.25,15,512,1.4398393155806113,-0.0890151852935309,2.843193207755046,0.0770745927966653,0.5002214262395591,0.158341880605897
flow_banded,0.375,0,512,1.4096023025102422,-0.1030471498712007,2.666490922613717,0.1165163184111786,0.5007385631124789,0.1504578414843986
flow_banded,0.375,1,512,1.3685505132778408,-0.1151591796302564,2.609752559206401,0.1056817001859583,0.5005762684335324,0.1524985797977569
flow_banded,0.375,2,512,1.369029966379054,-0.1300027518378491,2.6028885858470203,0.1149237244412454,0.5002417970858588,0.1529263578835696
flow_banded,0.375,3,512,1.3281296797930624,-0.1257194149559919,2.5909660728054944,0.1248338466936598,0.4997270184802606,0.1538608582314846
flow_banded,0.375,4,512,1.371127740266276,-0.1270328162363635,2.6328328017002844,0.113049613850377,0.4996266747402962,0.153111458015342
flow_banded,0.375,5,512,1.3611742909778306,-0.1035302365525347,2.5814514353528155,0.1143384458213293,0.5000506566238555,0.1531377079047869
flow_banded,0.375,6,512,1.3586590505111409,-0.1020235777958614,2.558212184774622,0.1118257940558391,0.5015478354488511,0.1496161880515495
flow_banded,0.375,7,512,1.369961847380338,-0.1130514215765907,2.657165167930133,0.1357156131407728,0.5012075131684648,0.149544133384212
flow_banded,0.375,8,512,1.3467048682555287,-0.100059378178024,2.5955708198842133,0.1139317912995881,0.4992609490747046,0.1526233161983593
flow_banded,0.375,9,512,1.3163289365686128,-0.1011667483137656,2.517314480696578,0.133906991496556,0.5001768674405914,0.1518251554630349
flow_banded,0.375,10,512,1.345984791939214,-0.105327092250505,2.5405317381704804,0.1152967469746886,0.5003444060564343,0.1517303115733957
flow_banded,0.375,11,512,1.3195024105350488,-0.0912318532017973,2.539218237869508,0.1077841942163296,0.5009397299269585,0.1520326263946317
flow_banded,0.375,12,512,1.3440673380104695,-0.1180088525558294,2.583981222538236,0.1216325196620118,0.5002964347512125,0.154448641483392
flow_banded,0.375,13,512,1.3907294080801909,-0.1091411633268122,2.6038193100211866,0.1171012674770927,0.501078990179237,0.1510490875978734
flow_banded,0.375,14,512,1.3658678173295846,-0.1191049869541054,2.606621265951308,0.1194829921963914,0.5006544748262751,0.1537861544079632
flow_banded,0.375,15,512,1.3820486696749277,-0.1385501777307713,2.6589879371853824,0.0996757354197477,0.5006214608276776,0.1544702453792353
flow_banded,0.5,0,512,1.3845829646833072,-0.1484389431631845,2.551733224055605,0.1204187212448584,0.5012003563479042,0.143651359214796
flow_banded,0.5,1,512,1.3349344520389432,-0.1675780279435541,2.4585467011302065,0.1338609993267274,0.5013223713247452,0.1451777840630742
flow_banded,0.5,2,512,1.3100595515528568,-0.1620866385442781,2.450346978487534,0.1308372008439075,0.5013215310586239,0.1458416951722973
flow_banded,0.5,3,512,1.2497561478866228,-0.1485192663567673,2.423581977005906,0.1547494969703609,0.4998962569265364,0.1480817748258045
flow_banded,0.5,4,512,1.3226796441671422,-0.1967500346967383,2.4541066055346263,0.1425423973425817,0.5002446771084904,0.1494295144289106
flow_banded,0.5,5,512,1.30654043362377,-0.1241726482201409,2.419056677141326,0.130083206654765,0.4998551615544072,0.1450733950676119
flow_banded,0.5,6,512,1.2820975079015795,-0.1334382769936874,2.370130887995828,0.1361687938440067,0.5017321203490875,0.1456015104551549
flow_banded,0.5,7,512,1.3539408079932898,-0.1290874208557268,2.4872120065989574,0.1592715524007808,0.5024468956658253,0.1413319741293337
flow_banded,0.5,8,512,1.2917613860126962,-0.1319756188986758,2.426326424622588,0.1531505353926378,0.4994086254649976,0.1447776937615926
flow_banded,0.5,9,512,1.2794812842822716,-0.1282415568230643,2.3427220692730866,0.167630827620443,0.5000853318140693,0.1466154265493021
flow_banded,0.5,10,512,1.2688652153034132,-0.134092203855305,2.380465820458837,0.1614560930093771,0.5003137758408839,0.144690111083798
flow_banded,0.5,11,512,1.262813409730417,-0.1247536601445867,2.3931847251494687,0.1539082330340636,0.4997464997960597,0.1424738465432554
flow_banded,0.5,12,512,1.3034400388572367,-0.1355371098987357,2.462729341989292,0.1449308176392613,0.5000050248811037,0.1461665081626679
flow_banded,0.5,13,512,1.3406087951477763,-0.1532593854112031,2.4277904929663667,0.1378409039702692,0.5008771839429046,0.1434727450481449
flow_banded,0.5,14,512,1.3432237315137705,-0.1248572036954531,2.466061359886214,0.1478793063469815,0.5008369707712831,0.1455943228153896
flow_banded,0.5,15,512,1.3401424364586658,-0.1649481000728315,2.499481471752674,0.1426262922765024,0.5000194851989729,0.1457998728658366
flow_banded,0.625,0,512,1.3667472249617003,-0.1993048742857249,2.4212777385104323,0.1282524136530927,0.5004171778531382,0.1294193100691615
flow_banded,0.625,1,512,1.2869537504071584,-0.2060057063388508,2.31229362849894,0.1473183700025028,0.5019839184514602,0.1348270273949373
flow_banded,0.625,2,512,1.2580307769724042,-0.1784914338093705,2.337894338188639,0.152385422612421,0.502809652855515,0.1322261893267628
flow_banded,0.625,3,512,1.2322341424681198,-0.178644049928701,2.2589218126562414,0.1845179593081343,0.5006445725378763,0.1345968815921707
flow_banded,0.625,4,512,1.287778304595923,-0.2064643436493579,2.279873140555976,0.1800092946304894,0.5006744672979988,0.1365902750225268
flow_banded,0.625,5,512,1.2309854040666088,-0.1371688857869334,2.2682509569861686,0.1610462473763717,0.4998324616908666,0.1325698581557844
flow_banded,0.625,6,512,1.249269379479638,-0.1752508803691974,2.251480389018221,0.1881376896832942,0.5019594593364594,0.1407618586165194
flow_banded,0.625,7,512,1.297586891331885,-0.1718466109267081,2.3503281282951245,0.1595791080530506,0.5027230664035589,0.1340889823504406
flow_banded,0.625,8,512,1.244733015820715,-0.1536265123265436,2.2800023434503425,0.1863491951107528,0.4989629961889684,0.134078362410967
flow_banded,0.625,9,512,1.2467433813807884,-0.1668572023495475,2.205594409563693,0.1799704003418439,0.5002844806071535,0.1358414109520446
flow_banded,0.625,10,512,1.212282225460366,-0.1525464835995005,2.2558360446929795,0.1802622846628924,0.4998508770671372,0.1365608773588807
flow_banded,0.625,11,512,1.200373055046976,-0.15186741649195,2.2131827519492617,0.1823176307143222,0.5007692904142025,0.1386116095675739
flow_banded,0.625,12,512,1.266972962836303,-0.1559200328830531,2.340429176020037,0.1740825008106953,0.5000325311840955,0.1403356951204417
flow_banded,0.625,13,512,1.2666271678514889,-0.1959197765649006,2.3208158420163287,0.1579030684946858,0.5015880836806063,0.1355189287446528
flow_banded,0.625,14,512,1.3244042682353525,-0.1651738357033837,2.320313603778897,0.1784230496134924,0.502595773403451,0.1327938794600509
flow_banded,0.625,15,512,1.320425146968593,-0.159086204992947,2.373264042380573,0.1422505234988235,0.500128866681466,0.1364593383093869
flow_banded,0.75,0,512,1.3042389507820753,-0.2122979304588798,2.305196511927471,0.1499741898322234,0.5006193971313798,0.1170452097920553
flow_banded,0.75,1,512,1.2167385754493372,-0.2191432266789299,2.1697268106384846,0.1790863330942458,0.5016832634622876,0.1222765579300943
flow_banded,0.75,2,512,1.2315941591971722,-0.2325956885831597,2.229326602095051,0.1726247468114938,0.5014842925532967,0.1171664252994918
flow_banded,0.75,3,512,1.1974496734922335,-0.2030258130969587,2.150826828389113,0.1953964165635726,0.4990126359583914,0.1306765185994347
flow_banded,0.75,4,512,1.2205334507491878,-0.2205439584635365,2.1352015786452543,0.1878399630056347,0.5015706469002915,0.1241290238064944
flow_banded,0.75,5,512,1.172077942967381,-0.1772753042414142,2.10671609011576,0.1900332210839822,0.4982442152881286,0.1217621963555245
flow_banded,0.75,6,512,1.1743361150599507,-0.1807882397238858,2.1425421582288675,0.2075979769010702,0.5028012996806206,0.1335258053676976
flow_banded,0.75,7,512,1.239861233189244,-0.1830415448785731,2.258071275736847,0.1843890437447022,0.5031651791175087,0.1261270030817029
flow_banded,0.75,8,512,1.2033585302565697,-0.1498397087237824,2.170768013500792,0.2261202030664795,0.4998556983753593,0.1238953210537693
flow_banded,0.75,9,512,1.222651857849435,-0.1781584796391457,2.121625222177039,0.2107160831387226,0.4993271826244451,0.1253340467252987
flow_banded,0.75,10,512,1.2116674465827983,-0.1435272514887281,2.169221910343933,0.1974970940168176,0.5008458248367926,0.1201111925716782
flow_banded,0.75,11,512,1.1331567755014884,-0.1721205594180801,2.0648583944003387,0.1983580769482973,0.5000911617918066,0.1264623115367803
flow_banded,0.75,12,512,1.2264879522266936,-0.1501920074687293,2.200152684138592,0.1891098745053163,0.4998273877351535,0.135003961916605
flow_banded,0.75,13,512,1.2167895609307533,-0.2069226121967237,2.204932064899797,0.1837760505034121,0.500735067243609,0.1283151836377642
flow_banded,0.75,14,512,1.2879957043824817,-0.1935976517715367,2.2053795122094466,0.2222888825853241,0.5022997059587553,0.1275277393078483
flow_banded,0.75,15,512,1.2355562210991802,-0.1856333255528779,2.251621250531377,0.1763919297334899,0.4990692057116888,0.1292159360260466
flow_banded,0.875,0,512,1.2954651002549054,-0.218805401998058,2.2036485479360524,0.2202964338141846,0.501633875584834,0.1104835173051032
flow_banded,0.875,1,512,1.1662614764903725,-0.2744945144660591,2.0535816610133804,0.225859057086804,0.5015472023844709,0.1107974293552108
flow_banded,0.875,2,512,1.1466186550953743,-0.2394150123207603,2.092882965900156,0.2020748024858985,0.5013560443405184,0.1178792275754128
flow_banded,0.875,3,512,1.143200986895645,-0.2560283515689877,1.979245385812091,0.2219279777468727,0.5010511478018749,0.1196320240061855
flow_banded,0.875,4,512,1.1494088625102583,-0.2297007712725601,2.008441416825929,0.2031835321053389,0.5007031406885318,0.1123208519306809
flow_banded,0.875,5,512,1.1219080948055271,-0.1669802108457528,2.008602490979704,0.2273645861991746,0.4981617857133923,0.1135621449738137
flow_banded,0.875,6,512,1.1486855132339642,-0.2364195475987699,2.016319760015034,0.2226672549911677,0.5026906449839675,0.1178235119066284
flow_banded,0.875,7,512,1.2505446708754857,-0.2410835789282263,2.152346244754619,0.1960914527665653,0.5029050314605914,0.1122882665548488
flow_banded,0.875,8,512,1.1380604216165895,-0.2115520916815085,2.0459080745725653,0.2602194413924915,0.5007679470439234,0.1136177523052801
flow_banded,0.875,9,512,1.1979892315901048,-0.2743834425922239,1.9570780475652203,0.2363439145911625,0.5025627804788113,0.1054655149656667
flow_banded,0.875,10,512,1.168766244319023,-0.1709289899452996,2.0488241866142167,0.2456103407595589,0.499543429878936,0.114464167485708
flow_banded,0.875,11,512,1.074308226560009,-0.1887964337402485,1.9406387191450007,0.219958761344972,0.4987879488302633,0.1078068390809294
flow_banded,0.875,12,512,1.1878838300702603,-0.1731849692937256,2.102797212947398,0.2160542063949497,0.4983310095679068,0.1241638947033612
flow_banded,0.875,13,512,1.17044805224025,-0.1904996224956505,2.0932047854177576,0.2055734863872693,0.5011232250373533,0.1190083477905392
flow_banded,0.875,14,512,1.2323222007194214,-0.2476636755255981,2.041185932257258,0.2397287764307011,0.5024082813844727,0.1183678678166589
flow_banded,0.875,15,512,1.2170633017893095,-0.2447105280235096,2.116152042485039,0.1979000242015603,0.4978399475194772,0.1131576693213852
flow_banded,1.0,0,512,1.2352233318635677,-0.3074615312787742,2.07996898984454,0.2102310700422291,0.5039515548914765,0.0983287053170031
flow_banded,1.0,1,512,1.1429045166516432,-0.3895237388569433,1.859608893272212,0.2645743343130807,0.498692522021434,0.0791506534461493
flow_banded,1.0,2,512,1.1965216401321883,-0.3082667988837396,1.859948308284303,0.2815574051957396,0.502240659936123,0.0729069686250305
flow_banded,1.0,3,512,1.1182325444703585,-0.2632180614350492,1.9050969161796336,0.2514630386662557,0.5009297629380627,0.1035971323904643
flow_banded,1.0,4,512,1.1352653525838203,-0.2552794697507088,1.8905465251457905,0.2567986407856785,0.5011441601605497,0.0946520119855919
flow_banded,1.0,5,512,1.079767669923482,-0.2280493422403212,1.919086035485935,0.2493871961406966,0.4981657833683618,0.092490564040054
flow_banded,1.0,6,512,1.0808573309480043,-0.2128048784102451,1.91706530235932,0.2628170632934311,0.5030913214405629,0.1121658946464833
flow_banded,1.0,7,512,1.186781529312861,-0.2820695004871103,1.9722727968717664,0.2386616966284764,0.5022388768917184,0.1024689040850079
flow_banded,1.0,8,512,1.112380462168654,-0.218015873421865,1.9551070430640816,0.291451303209903,0.5001565823257428,0.1004790368193437
flow_banded,1.0,9,512,1.1598060774767538,-0.2688256749457366,1.8508937437613056,0.2699664122523133,0.501958523630816,0.1007302084534373
flow_banded,1.0,10,512,1.157480357578102,-0.2360589047582026,1.9205675015972807,0.2646464669953564,0.5014930778090778,0.0989072400472807
flow_banded,1.0,11,512,1.0254382369329602,-0.2514427554092781,1.797902353088704,0.2645137354697808,0.4999441680691729,0.0989788942350347
flow_banded,1.0,12,512,1.0846714344848718,-0.1755859047997885,1.946186460077161,0.2558008786008411,0.499322887436742,0.1113980687646722
flow_banded,1.0,13,512,1.089049804187215,-0.1981000253974231,1.9214550365217404,0.2386610815600347,0.5003878257523817,0.1105511850848074
flow_banded,1.0,14,512,1.189041670694268,-0.2794847588752802,1.9916891086856032,0.2854249601906332,0.5028409806839866,0.112465654687993
flow_banded,1.0,15,512,1.19090109574343,-0.2516360105328438,2.0311883501855594,0.2104851534837006,0.5013957131625718,0.0956775958091625
convoluted,0.0,0,512,1.735855467759683,-0.0068942667207349,3.3733333401472527,0.0444805633157149,0.500005715941245,0.1599800779753386
convoluted,0.0,1,512,1.738508157473985,-0.0088892081691615,3.356923289117076,0.0468030607500638,0.5000022369832156,0.1599805794431656
convoluted,0.0,2,512,1.7186854764633388,-0.0161206096355618,3.411394394393794,0.0499167151911437,0.4999995662328201,0.1599986239162319
convoluted,0.0,3,512,1.7736753682004414,0.0001887138219302,3.4493064342242024,0.0493065544881631,0.4999995090392004,0.1599977750210645
convoluted,0.0,4,512,1.7421991342586718,-0.0083820331702879,3.43875942544954,0.0387686565881658,0.4999817400935377,0.1599390841868189
convoluted,0.0,5,512,1.7459722407157607,-0.0084630928295548,3.4331621791950413,0.0370913558874183,0.5000037709263537,0.1599625063838134
convoluted,0.0,6,512,1.7719317531470566,-0.0025716495814175,3.421469968302933,0.0369678509947518,0.4999916316553623,0.1599500059197102
convoluted,0.0,7,512,1.7946681431658231,-0.0014943499168304,3.459048004294033,0.0455714415230819,0.5000188715621011,0.159924623682018
convoluted,0.0,8,512,1.716466896812431,-0.0011127201374901,3.4333067245238245,0.0493476960843812,0.5001986660647518,0.1591800836490316
convoluted,0.0,9,512,1.7315831304924694,-0.004382576200774,3.422725417674442,0.0496216732340028,0.4999962111489033,0.159939475288653
convoluted,0.0,10,512,1.754570422397979,-0.0047682673542017,3.44230773524915,0.04263876947185,0.5000112351329493,0.1599595393186638
convoluted,0.0,11,512,1.737617626795825,-0.0096676795831661,3.4500460772901014,0.0540059436347294,0.5000904885050275,0.1596898976764854
convoluted,0.0,12,512,1.7394875970067647,-0.0038391731163388,3.4132367562251296,0.0492201107228524,0.4999859262280653,0.1598962576568496
convoluted,0.0,13,512,1.7545788448690378,-0.008686031794296,3.435828526091784,0.0497824822895852,0.500118647959386,0.1595693639780862
convoluted,0.0,14,512,1.7313727991669827,-0.0044766834016226,3.4049930596880214,0.0414213966748605,0.5000120701210103,0.159933788132765
convoluted,0.0,15,512,1.7263020741549384,-0.0026682902869287,3.4413889690991213,0.061660050660498,0.5000025529218102,0.1599917281987968
convoluted,0.125,0,512,1.7147253430436338,-0.0518648406556905,3.444633922713159,0.0255987199191265,0.5000561513183682,0.1596879463556326
convoluted,0.125,1,512,1.7082922691153493,-0.0658361642741485,3.4459922295801024,0.02000663247149,0.5000509316994554,0.1596241128379742
convoluted,0.125,2,512,1.7265905046216363,-0.0704903060570056,3.5147230270713665,0.0137933610611578,0.4999563662919576,0.1597936223211248
convoluted,0.125,3,512,1.7768370787246317,-0.0575148513488733,3.5721467904849247,0.0202256422228632,0.4999823909203744,0.1597503126746186
convoluted,0.125,4,512,1.791947212811549,-0.0522455992605974,3.562001785502325,0.0211257104823456,0.4998699752507367,0.1592556278094037
convoluted,0.125,5,512,1.727158385302966,-0.0470307400104271,3.5169114512029886,0.0197051761465243,0.5000729386200009,0.159489206559085
convoluted,0.125,6,512,1.727543357081709,-0.0438400032730861,3.521456203061613,0.0134119778453498,0.5000601937002864,0.15961862617113
convoluted,0.125,7,512,1.7465910573571648,-0.0529293114539692,3.588629853420932,0.0184414782738643,0.5001799865124257,0.1591940871853595
convoluted,0.125,8,512,1.7296034161906018,-0.0443623281686255,3.5465401980980427,0.0192499881202247,0.5001967642758549,0.1588926391057209
convoluted,0.125,9,512,1.7077407346471694,-0.0581767048026283,3.5144982259035284,0.0166379402061087,0.4999948830423481,0.1592432067184154
convoluted,0.125,10,512,1.7443628743911597,-0.0430267955657452,3.560249087698706,0.0093355167046428,0.5000276144749563,0.1596456134938952
convoluted,0.125,11,512,1.7066440041617863,-0.0479644718046795,3.555585746242375,0.0294444942967879,0.5001546659805547,0.1593607011391169
convoluted,0.125,12,512,1.7251507275746203,-0.0697464776154287,3.492932208510274,0.0137073472098379,0.500010888218523,0.1595951499523385
convoluted,0.125,13,512,1.735191265170391,-0.0458982483455845,3.555913978673542,0.0169128831549718,0.5002652156463651,0.1586937909566643
convoluted,0.125,14,512,1.7335657184100866,-0.061895224574757,3.5270056391942104,0.0177784637258062,0.5000555466682471,0.1595338536460975
convoluted,0.125,15,512,1.702946362892796,-0.0549086680393056,3.5534842730852167,0.0380125887067652,0.5000424141439773,0.1598160821165799
convoluted,0.25,0,512,1.6213632482043128,-0.0989944653711315,3.1514534606255813,0.0370144370567273,0.5002391366909806,0.1577032567260522
convoluted,0.25,1,512,1.602688472445118,-0.0984859314557815,3.1338764364086025,0.0325026259736705,0.5002619331111671,0.1583624403923328
convoluted,0.25,2,512,1.6303462185244288,-0.0878808501660854,3.18713584304518,0.0198055714521356,0.499919517374771,0.1584056519243403
convoluted,0.25,3,512,1.6177023789217329,-0.1015730122958144,3.239581792218988,0.021584291239839,0.4999273927481219,0.1580916907580286
convoluted,0.25,4,512,1.630538152102217,-0.075464610733321,3.215549069750861,0.0219094532565597,0.4996975821358064,0.1570982756639686
convoluted,0.25,5,512,1.5868321677285473,-0.1033442658774147,3.173794770443174,0.0261118376154517,0.5000132735088822,0.158545879833765
convoluted,0.25,6,512,1.6149833763712238,-0.1070429231800758,3.216423573967976,0.0302400951188385,0.5003419646730459,0.1577844976170705
convoluted,0.25,7,512,1.6194156352644575,-0.1067202012550087,3.2402012927908848,0.0282912744363596,0.5003894612519921,0.1573740411184415
convoluted,0.25,8,512,1.5988235023893675,-0.0901403429680613,3.1813938892398683,0.0187567864611453,0.5003364662259908,0.1575216561227854
convoluted,0.25,9,512,1.5781684031134406,-0.0882974009476128,3.184522542182032,0.0339103066099991,0.4999969650421522,0.157175173229916
convoluted,0.25,10,512,1.6145758667603465,-0.0797677772453931,3.1921087205540246,0.0193568047351044,0.5002553023090661,0.1581726513412717
convoluted,0.25,11,512,1.5779170956396202,-0.0689516135511736,3.2021268597916923,0.0380584212491063,0.5005102839583613,0.1577499348428238
convoluted,0.25,12,512,1.6009013077931522,-0.1050800516365516,3.195536887164336,0.0203164076456632,0.5001724367949751,0.1582545177912018
convoluted,0.25,13,512,1.64799800750211,-0.0803583269206399,3.242413567405143,0.0233752455437783,0.5001281466801534,0.1569359262296397
convoluted,0.25,14,512,1.613085552529543,-0.099718882052014,3.193710904352961,0.0269903370897629,0.5002778287227028,0.1581259292106924
convoluted,0.25,15,512,1.623608632714813,-0.091437229347706,3.1969717624128005,0.0372304230979531,0.5000124546657907,0.1589974306059974
convoluted,0.375,0,512,1.5433955399541912,-0.0943393462734503,2.956772103841417,0.045891010461163,0.5005713269152825,0.153299995668873
convoluted,0.375,1,512,1.5078872714687752,-0.1065987429507716,2.918093477419544,0.0428009617459856,0.5006753254954788,0.1541428890275931
convoluted,0.375,2,512,1.4794770188850817,-0.1051542170352976,2.90721220208306,0.0283480484480341,0.500386093803815,0.1561037452201779
convoluted,0.375,3,512,1.5276573444690968,-0.107847220048835,2.9780855632218497,0.0363490159303878,0.4998154809711162,0.1552501014186649
convoluted,0.375,4,512,1.534270829165891,-0.0972732874162444,2.95699880997022,0.0379446735498347,0.5002196028534374,0.1536731998524566
convoluted,0.375,5,512,1.4712436487268294,-0.1224944089038317,2.866363003943633,0.0465829455268415,0.5000225772878852,0.1576150878799096
convoluted,0.375,6,512,1.5236394174625492,-0.1281759462945481,2.961897236888435,0.042780058646311,0.5011245642458753,0.1536941163364724
convoluted,0.375,7,512,1.520279295912225,-0.1286334962890749,2.953602315312388,0.0398930617235526,0.5003380901997789,0.1547958891500802
convoluted,0.375,8,512,1.5034407968901156,-0.1003312338744549,2.92162322478188,0.0401589390171644,0.500346201574263,0.1541587218476924
convoluted,0.375,9,512,1.521352757762017,-0.1343962107916088,2.93338888806986,0.0431844837659116,0.4996524629298525,0.1515454302348925
convoluted,0.375,10,512,1.4914218391527707,-0.1031467887604886,2.912965715373855,0.0296039756016787,0.5004323036382172,0.1549876127355994
convoluted,0.375,11,512,1.5221351638163474,-0.0783413443448688,2.9547780421545413,0.0398738268372042,0.5003962026371892,0.1542269640644406
convoluted,0.375,12,512,1.5099160758996562,-0.1319708619042819,2.9404508381425614,0.0306232099218363,0.5005410628497635,0.1561159546897294
convoluted,0.375,13,512,1.5544500159860832,-0.1066382156140724,3.0037946444120904,0.0267131378120417,0.5005152832205252,0.1533023948636174
convoluted,0.375,14,512,1.5112229773996784,-0.1163154564077503,2.926253948861312,0.0312738557037513,0.5005792241891409,0.155716366047017
convoluted,0.375,15,512,1.5037123826765588,-0.1253713764107067,2.9503283084366445,0.0523610114709554,0.5002977086441764,0.1565771841141582
convoluted,0.5,0,512,1.4438398365797611,-0.1347700494381636,2.765052357708415,0.060340190394928,0.5006018745815517,0.1480838450267531
convoluted,0.5,1,512,1.4459244057534562,-0.1359277667734611,2.7352517035500763,0.0620382102211853,0.5005475263404637,0.1474528763137113
convoluted,0.5,2,512,1.4367967861306572,-0.137272362613143,2.7389784097218324,0.0561956527988078,0.5001171683860678,0.1494496029855699
convoluted,0.5,3,512,1.4382128404549677,-0.1563228695441246,2.757297429384796,0.061317416809709,0.499989513273499,0.1515317106285144
convoluted,0.5,4,512,1.4373271967954373,-0.1423354982585135,2.726786900848976,0.0509538005932647,0.4996078687219195,0.1500083619029471
convoluted,0.5,5,512,1.346500719505756,-0.1169763512046002,2.642849269274452,0.0615518034743273,0.5002422072109481,0.1521930502646645
convoluted,0.5,6,512,1.443584237590166,-0.1448452139728578,2.74916333396778,0.0507506460554502,0.5010365439159993,0.1503308922373614
convoluted,0.5,7,512,1.440243325237579,-0.1055069392939899,2.725953033740559,0.0537775048818615,0.5009103601759509,0.150219491798944
convoluted,0.5,8,512,1.4146019815854407,-0.1395121460973364,2.690821227677204,0.051481003871218,0.4999561062162057,0.1477268789112538
convoluted,0.5,9,512,1.3834565262344178,-0.1473256920512848,2.684336434458734,0.0559565787633736,0.499752987028212,0.149538956161361
convoluted,0.5,10,512,1.4149984426369964,-0.1361861440582215,2.692064702816737,0.048529613059576,0.5002603042213152,0.151868084983815
convoluted,0.5,11,512,1.394858137116875,-0.1326408436009224,2.687803928756153,0.0509398832239999,0.5011330635247763,0.1505398707167999
convoluted,0.5,12,512,1.43602452193998,-0.1715512545013154,2.7216528564955462,0.0471959172085387,0.5003857534685516,0.153017126541299
convoluted,0.5,13,512,1.4639500885265753,-0.1616654644550953,2.774455368616596,0.042330796452639,0.5007327421150717,0.1459791830635561
convoluted,0.5,14,512,1.4430732817695693,-0.1515867275819096,2.7352164658234788,0.0441369865919103,0.5016103327008133,0.1453249895733201
convoluted,0.5,15,512,1.39016511248647,-0.1529916851485882,2.721591409463952,0.0454404787515818,0.500576331784288,0.154388412371319
convoluted,0.625,0,512,1.3561712731054087,-0.1437967797217091,2.589062531660354,0.0702929132146216,0.500103045848936,0.1441469268922545
convoluted,0.625,1,512,1.357420509956927,-0.1545321772728282,2.5425730900813908,0.0562766493561021,0.4983949318865324,0.1407326304083723
convoluted,0.625,2,512,1.3662130181319398,-0.1619894773637145,2.527150794365115,0.0674794614952631,0.4997035627202537,0.1444876618440363
convoluted,0.625,3,512,1.353319109673646,-0.1620999955818081,2.563431102013422,0.0622791304506763,0.500653090058321,0.1448944850039835
convoluted,0.625,4,512,1.341658431905646,-0.1366866192015537,2.52129193346176,0.055772130230265,0.5004166028268954,0.1457419871243997
convoluted,0.625,5,512,1.311250655588418,-0.1274678012672585,2.507199996386204,0.0668457870865116,0.5000558262181078,0.1410447601135797
convoluted,0.625,6,512,1.4040226463172798,-0.1609061516621228,2.5770270236384327,0.0594208096085872,0.5017348026127493,0.1385118821778174
convoluted,0.625,7,512,1.320903458313338,-0.1152637027720539,2.514549131465929,0.0705547507730488,0.5010984794432188,0.1468543670302746
convoluted,0.625,8,512,1.267800899961268,-0.1311790435715104,2.470023559198137,0.0586563896938882,0.5015665587793577,0.1400551698279331
convoluted,0.625,9,512,1.3409041127965038,-0.1448488888931274,2.497189238928071,0.0684754361383961,0.4983478711565379,0.1411977061595753
convoluted,0.625,10,512,1.3653487696863622,-0.1465294419256483,2.5505544013028985,0.0629511663867035,0.4996150830185112,0.1447434088245241
convoluted,0.625,11,512,1.3587028249641655,-0.149698097713207,2.5007551669722674,0.0703419658800804,0.5006259775847582,0.1447683145860663
convoluted,0.625,12,512,1.3369373936559084,-0.1618849745107227,2.548189995131081,0.0760264236528625,0.5008190475727403,0.1503550568230637
convoluted,0.625,13,512,1.3846961165451095,-0.1648811460294072,2.606144450968996,0.0520833783511948,0.4986156870420264,0.1411378535206043
convoluted,0.625,14,512,1.3351400281833767,-0.1758117440703553,2.533845878778962,0.0553958580510544,0.5016026535161092,0.1494719901420678
convoluted,0.625,15,512,1.3525100030831798,-0.1473669865578201,2.579076763657638,0.0589657742052711,0.5010462284503133,0.1496536861396093
convoluted,0.75,0,512,1.2796581768888682,-0.1562014870182973,2.4101454790069763,0.0804957341365777,0.5012861663431752,0.1397069664600196
convoluted,0.75,1,512,1.3067407199652303,-0.1524034779213124,2.3962703953401387,0.0630371084229016,0.4993768790829082,0.1403081214514819
convoluted,0.75,2,512,1.2989293984899983,-0.1613774427977622,2.336596875934135,0.0904553774523487,0.4988607252671401,0.1322217476377583
convoluted,0.75,3,512,1.289285570672022,-0.1768246156105483,2.3711453005197995,0.0790768459777782,0.4997574680893364,0.1388379117875982
convoluted,0.75,4,512,1.269166300347791,-0.159645814680029,2.3485380728735805,0.0730896759037856,0.4996735455676124,0.1434369538816627
convoluted,0.75,5,512,1.231202142112433,-0.1093206094723032,2.362481421812687,0.0774591382782703,0.4991155671686211,0.138309937076274
convoluted,0.75,6,512,1.2945386321752177,-0.1761814167945788,2.389038667440524,0.073530881255413,0.5028666779679206,0.1376187127139695
convoluted,0.75,7,512,1.2434271909998071,-0.160219945166744,2.355719910594817,0.064799563269124,0.5005512814737751,0.1390254355124854
convoluted,0.75,8,512,1.2054215603129157,-0.1324338614414065,2.2960057592452263,0.0836961172335558,0.5018465750954934,0.1377665664390074
convoluted,0.75,9,512,1.2375129340730535,-0.1474638289860659,2.3371591287685094,0.0692994910658922,0.4983046013953425,0.137762602073902
convoluted,0.75,10,512,1.2662292649924674,-0.1429366071630086,2.3616880932586928,0.0804485681672693,0.5024778742843454,0.1407664503375114
convoluted,0.75,11,512,1.2996164659841745,-0.1504238349954029,2.3363588349038937,0.0809173853795895,0.5031394926021141,0.1270277667921787
convoluted,0.75,12,512,1.2496823623855178,-0.1387377758987564,2.4059398180760034,0.0881438933341798,0.5021703805396633,0.1413354566751514
convoluted,0.75,13,512,1.3154052597295884,-0.1527055113523268,2.45323721662679,0.0790189015885802,0.4991518420078017,0.1267737147889472
convoluted,0.75,14,512,1.2594341520308876,-0.1810238574917796,2.3709248157047886,0.0650468662137256,0.5029567704086639,0.1380849765700036
convoluted,0.75,15,512,1.256577682876295,-0.1541190411548753,2.42067960590048,0.0608062853920007,0.5011863071073472,0.1435419605266967
convoluted,0.875,0,512,1.2326843596991564,-0.1341645229322093,2.316245966185116,0.0825658316005005,0.5011215425540626,0.1369884752381757
convoluted,0.875,1,512,1.1933448521209642,-0.1348803338813736,2.244655432945318,0.0893207535711785,0.500590193650892,0.1361992748339374
convoluted,0.875,2,512,1.2261800533822265,-0.1673525532304322,2.164597245286976,0.1203827121576842,0.4990941329534436,0.113529928904901
convoluted,0.875,3,512,1.2649522074359616,-0.1674343036329537,2.30004251348616,0.1087669036863623,0.5014758358876803,0.1373584082150497
convoluted,0.875,4,512,1.2152185323965965,-0.1570676989429288,2.1893322615603528,0.09141504827251,0.5011148731151176,0.1373640421063562
convoluted,0.875,5,512,1.188017262225253,-0.1306130243942902,2.204916478775554,0.0869944513363534,0.5000439927818431,0.1321449554310599
convoluted,0.875,6,512,1.1946612144343516,-0.1946027381181773,2.1991100484168737,0.0728669304860982,0.5015985495293944,0.1330586483547287
convoluted,0.875,7,512,1.1722103904133598,-0.1625281148002256,2.147569355341433,0.0879138783701745,0.5015162560878943,0.1300339010372421
convoluted,0.875,8,512,1.1396876198683168,-0.1590878545477843,2.151139288884208,0.1005250729596231,0.5018803893060299,0.1261335612781932
convoluted,0.875,9,512,1.1995752711863144,-0.1813215728543439,2.181728880108425,0.0868168190351773,0.4980388839927819,0.1349027146892679
convoluted,0.875,10,512,1.1847564155833807,-0.1438992760453518,2.203055881566069,0.0851650345644055,0.5028801378523041,0.1357463930613589
convoluted,0.875,11,512,1.1734431016366031,-0.0964577769507768,2.188143355446844,0.0961021630381974,0.5020999342151488,0.1276591374736737
convoluted,0.875,12,512,1.1863587490790888,-0.1453582001115048,2.298174336006267,0.0780745161181854,0.5017503543660405,0.1376048822719224
convoluted,0.875,13,512,1.2694316910675572,-0.1344610636644142,2.32294754852401,0.0919185674947695,0.4986092421718934,0.1191782195117414
convoluted,0.875,14,512,1.2045924752467263,-0.1511790798592766,2.252632982953705,0.1009322210796284,0.5019215959472336,0.1428551535111812
convoluted,0.875,15,512,1.228001461012109,-0.1601002390247976,2.28295816802519,0.0757998282736145,0.5005694746086072,0.1407185292439475
convoluted,1.0,0,512,1.1658733065374234,-0.1668511565867907,2.1817913191206832,0.0949477667237213,0.501903370028302,0.1315801331111339
convoluted,1.0,1,512,1.15283497153573,-0.1407507820942705,2.148779153047023,0.0946633163102536,0.4987310316940641,0.1276494743523507
convoluted,1.0,2,512,1.1648308623077883,-0.1810157782623515,2.1083404670235013,0.1072377609455439,0.5008817266860764,0.1146011338909067
convoluted,1.0,3,512,1.1399186755959425,-0.1545297118762633,2.091284943482852,0.1225383121181571,0.5026639922663472,0.1215703921128078
convoluted,1.0,4,512,1.0888465039886075,-0.1279059722767834,2.035317092118274,0.10984228218579,0.5035147596170186,0.1255564972751971
convoluted,1.0,5,512,1.1061572974341185,-0.1506497617219863,2.0168587280468646,0.1077411806751489,0.5008854417848906,0.0991002141046441
convoluted,1.0,6,512,1.1966365149469502,-0.1854249803104382,2.134360632678989,0.0990350513096784,0.5029464739104779,0.1204968927744633
convoluted,1.0,7,512,1.128201458892909,-0.1787503617384288,2.086165064000697,0.0891242127751032,0.5032212172026037,0.1127328406390523
convoluted,1.0,8,512,1.0644730124103587,-0.1429610090269878,1.929287932671172,0.1415252689607413,0.50221065894089,0.1128708948053007
convoluted,1.0,9,512,1.1623383151556197,-0.1891713500413442,2.085018493161318,0.0929386141022395,0.5004707200848431,0.1250086252421565
convoluted,1.0,10,512,1.097746718047807,-0.1444598934058355,2.021852558060432,0.0896859503444269,0.5022613260010191,0.1188276848746793
convoluted,1.0,11,512,1.0386323347293684,-0.1011869807053953,1.989749542410684,0.1082555876042613,0.5019432001631496,0.1269515403766186
convoluted,1.0,12,512,1.1595987167742623,-0.1313566051007159,2.159922998307393,0.1057736665701115,0.5035997685104865,0.1250022890940557
convoluted,1.0,13,512,1.1876017653789606,-0.1462889840706112,2.2334630029241085,0.0923218092837875,0.5019553096866384,0.1251279805081003
convoluted,1.0,14,512,1.122919070967488,-0.1728541910626942,2.0573803746522445,0.1183854997274417,0.500914261098515,0.1299111958593706
convoluted,1.0,15,512,1.1326072786290573,-0.1919050823186235,2.157540086999638,0.0769403621242719,0.5013334075573427,0.1352827952563657
gneiss,0.0,0,512,1.926886581853247,-0.061719436814819,3.592146451134415,0.1793378822126851,0.5,0.1599999999994548
gneiss,0.0,1,512,2.014321359597252,-0.0560698997097915,3.6872104868283855,0.1982401577721939,0.5,0.1599999999994473
gneiss,0.0,2,512,1.9945816154476943,-0.0511543697461419,3.621868438856225,0.1942936361940546,0.4999999999999999,0.1599999999994216
gneiss,0.0,3,512,2.018821012779191,-0.0546488846089783,3.6208601320844,0.2101526162254966,0.5,0.1599999999994437
gneiss,0.0,4,512,1.950753037704171,-0.0460539044545469,3.618936129397011,0.1716557754597898,0.4999999999999999,0.1599999999994339
gneiss,0.0,5,512,1.9329576985777537,-0.0487388136110179,3.581319849817148,0.1900444508442398,0.5,0.1599999999994471
gneiss,0.0,6,512,2.074169622609137,-0.0466758815821388,3.6857077016088913,0.1987700894078481,0.5,0.1599999999994495
gneiss,0.0,7,512,2.0313104887279545,-0.0049327723562512,3.7217934452428687,0.248417673803165,0.4999999999999999,0.1599999999994418
gneiss,0.0,8,512,1.9457262610121149,-0.048600144888297,3.5715015792912155,0.2019223405187405,0.5,0.1599999999994339
gneiss,0.0,9,512,2.0129203003832714,-0.0434323443411355,3.67739543138104,0.1930736425209585,0.5000000000000001,0.1599999999994576
gneiss,0.0,10,512,1.8874335359280927,-0.0298518759738859,3.583828110884248,0.1679052274952228,0.5,0.1599999999994201
gneiss,0.0,11,512,1.959582002615737,-0.0526395543670376,3.6110009036378896,0.2180235000294111,0.5,0.1599999999994352
gneiss,0.0,12,512,2.022261901001174,-0.0434533405187472,3.69188529670597,0.2323724960776898,0.5000000000000001,0.1599999999994564
gneiss,0.0,13,512,1.9555405453213115,-0.0445056535211808,3.6264067689768025,0.2162319816748966,0.5000000000000001,0.1599999999994496
gneiss,0.0,14,512,1.9673312235604827,-0.0151890783059041,3.620370684333212,0.2206547351412363,0.5000000000000002,0.1599999999994286
gneiss,0.0,15,512,1.96365892301958,-0.0471594737319644,3.627301141996209,0.2047093149256887,0.4999999999999999,0.1599999999994357
gneiss,0.125,0,512,1.8781246486002308,-0.0170831410957871,3.422841412145837,0.1507393866161484,0.5000000000000001,0.1599999999994385
gneiss,0.125,1,512,1.9809498188275407,-0.0273142689088298,3.544839328646282,0.1870905166706185,0.5,0.159999999999451
gneiss,0.125,2,512,1.886108321640884,-0.0237536113619837,3.499681007640905,0.1672279846635283,0.5000000000000001,0.159999999999432
gneiss,0.125,3,512,1.990642065852944,-0.0535865009579678,3.5244924796394024,0.187318741268116,0.5,0.1599999999994406
gneiss,0.125,4,512,1.907202697082102,-0.0159011411773239,3.506360997916703,0.159233385434297,0.5000000000000001,0.1599999999994365
gneiss,0.125,5,512,1.888056971763192,-0.023917412641476,3.453197526952902,0.1603460656401036,0.4999999999999999,0.1599999999994455
gneiss,0.125,6,512,2.0647105480765817,-0.0506418589373563,3.60879608223175,0.187024983636057,0.5,0.1599999999994397
gneiss,0.125,7,512,2.0269743096282973,-0.028070689072082,3.633202612373612,0.2268898351583274,0.5,0.1599999999994416
gneiss,0.125,8,512,1.8626162608665744,-0.0211808658446191,3.4466587014794854,0.1656483013605332,0.4999999999999999,0.159999999999458
gneiss,0.125,9,512,1.9630769641136527,-0.0419598329577261,3.529252231895271,0.1840167716122676,0.4999999999999999,0.1599999999994535
gneiss,0.125,10,512,1.8762486192890755,-0.0112577143124212,3.4709753412456816,0.1389207239198859,0.4999999999999999,0.1599999999994755
gneiss,0.125,11,512,1.9216899697011969,-0.0344063982172014,3.466978596131058,0.2070338657005986,0.5,0.1599999999994361
gneiss,0.125,12,512,1.9890624809516493,-0.0364777491075278,3.594440779787324,0.216548842945865,0.5,0.1599999999994455
gneiss,0.125,13,512,1.9562974372022883,-0.0537142842116308,3.5072723880830186,0.203210213607744,0.4999999999999999,0.1599999999994253
gneiss,0.125,14,512,1.957582342576513,-0.0391075597607779,3.5440379610159134,0.193931923407731,0.4999999999999999,0.1599999999994645
gneiss,0.125,15,512,1.9285393822752224,-0.0263875198774211,3.5145163196319,0.1685633074348494,0.4999999999999999,0.1599999999994339
gneiss,0.25,0,512,1.768154656215044,-0.0145859019952938,3.2611775437593504,0.1113916758056832,0.5000000000000001,0.1599999999994403
gneiss,0.25,1,512,1.914981510958488,-0.0355912108532509,3.4458225935524585,0.1562271365450117,0.5000000000000001,0.1599999999994342
gneiss,0.25,2,512,1.8598123855658013,-0.0454321833488458,3.377254001571873,0.1257479785814593,0.5,0.1599999999994476
gneiss,0.25,3,512,1.9911732468099643,-0.0451352544527549,3.453771013600905,0.1635212471681135,0.5,0.1599999999994526
gneiss,0.25,4,512,1.800980349350506,-0.0142300485492877,3.328286351184838,0.129011170702691,0.5,0.1599999999994526
gneiss,0.25,5,512,1.816098777172968,-0.0327257576504916,3.310197128861043,0.1300363035172445,0.5000000000000002,0.1599999999994542
gneiss,0.25,6,512,1.9887355374977649,-0.0343359437849425,3.489461997910276,0.1632579680040675,0.4999999999999999,0.1599999999994507
gneiss,0.25,7,512,1.973809100663268,0.0037261219589109,3.5510773902017734,0.1954297478489992,0.4999999999999999,0.1599999999994589
gneiss,0.25,8,512,1.7583540826794148,-0.0266267389608063,3.2729924991303023,0.1396336582209057,0.5000000000000001,0.1599999999994439
gneiss,0.25,9,512,1.8997977954833576,-0.0146128207154646,3.403007257157957,0.1475314798053591,0.5,0.1599999999994298
gneiss,0.25,10,512,1.7798576501910064,-0.0310042045601962,3.2645478155690486,0.1056002579316034,0.5,0.1599999999994755
gneiss,0.25,11,512,1.8652856404848588,-0.0176070091353502,3.3501907986246104,0.1736219320509485,0.5000000000000001,0.1599999999994456
gneiss,0.25,12,512,1.9785729178377536,-0.0283107673086293,3.490325974939277,0.1928793821016289,0.4999999999999999,0.1599999999994575
gneiss,0.25,13,512,1.9051002177960883,-0.0393674431740591,3.385181695119504,0.1698561994390632,0.5,0.1599999999994741
gneiss,0.25,14,512,1.8826604088233712,-0.0165843504659901,3.413435799652169,0.1589174244372115,0.5,0.1599999999994604
gneiss,0.25,15,512,1.833916235495964,-0.0371462001137153,3.3920300266322787,0.1276654554542701,0.5,0.1599999999994601
gneiss,0.375,0,512,1.6147102011495047,-0.0254477385851061,3.060764723798033,0.071841816088701,0.5,0.1599999999994489
gneiss,0.375,1,512,1.8446741069834025,-0.0237859431392201,3.3492373769563977,0.1160818100668833,0.5,0.159999999999455
gneiss,0.375,2,512,1.71851536674428,-0.0285538545052073,3.262588396688733,0.0885365728733266,0.5,0.1599999999994638
gneiss,0.375,3,512,1.9175482149240783,-0.0065053169968226,3.4045325687795067,0.1246671344400882,0.4999999999999999,0.1599999999994406
gneiss,0.375,4,512,1.738622186540144,-0.0122802008921311,3.2178939291976474,0.0862859085626763,0.5,0.1599999999994714
gneiss,0.375,5,512,1.67599018332238,-0.0235454677714509,3.155838387678829,0.0924857171939619,0.5,0.1599999999994596
gneiss,0.375,6,512,1.9238041991356607,-0.0208428651084517,3.452647226947714,0.1245635987694455,0.4999999999999999,0.1599999999994558
gneiss,0.375,7,512,1.920290101568,-0.0011801363212633,3.4815893041006003,0.1456421364086673,0.5000000000000001,0.1599999999994698
gneiss,0.375,8,512,1.641508928677582,-0.024052892545063,3.093088504281662,0.0988676124863807,0.5,0.1599999999994668
gneiss,0.375,9,512,1.815156600957111,-0.0040169218804625,3.333057907026848,0.1071167305548988,0.5000000000000001,0.1599999999994543
gneiss,0.375,10,512,1.6155865355186576,-0.0209169567688424,3.04819264806971,0.0708857425834376,0.4999999999999999,0.1599999999994569
gneiss,0.375,11,512,1.7892573481363998,-0.0043506211224157,3.241184196544386,0.1320037836652296,0.5000000000000001,0.1599999999994631
gneiss,0.375,12,512,1.9009401779019568,-0.0251635749525721,3.417604874044678,0.1459619504275487,0.4999999999999999,0.1599999999994602
gneiss,0.375,13,512,1.7994233512077729,-0.0161719345151747,3.2962472664223577,0.1274632917826835,0.5000000000000001,0.1599999999994438
gneiss,0.375,14,512,1.800068293245124,-0.0147958899401366,3.305369160911906,0.115395353934326,0.5,0.1599999999994688
gneiss,0.375,15,512,1.7240241376308074,-0.0188230644463596,3.231655639957158,0.0887468023804927,0.5,0.1599999999994612
gneiss,0.5,0,512,1.4077544549172598,-0.0280169013761432,2.7747542694364533,0.0553511722782043,0.4999999999999998,0.159999999999473
gneiss,0.5,1,512,1.6998365248589329,-0.0144277999373551,3.174561118756841,0.0736352177243669,0.5000000000000002,0.1599999999994623
gneiss,0.5,2,512,1.5686954041816077,-0.0210288793499522,3.0139143454983084,0.0560210596854635,0.4999999999999999,0.1599999999994745
gneiss,0.5,3,512,1.823411848354764,-0.0237668867801074,3.298111079739252,0.0989578961231635,0.4999999999999999,0.1599999999994663
gneiss,0.5,4,512,1.5498532168002717,-0.020485593242193,2.9840875139325327,0.0615105553676237,0.5,0.1599999999994815
gneiss,0.5,5,512,1.519449474935762,-0.0175701695382663,2.977973739965726,0.0592197423871472,0.5,0.1599999999994949
gneiss,0.5,6,512,1.8393182480971089,-0.0245096779466906,3.349971620058431,0.0864441973778357,0.5,0.1599999999994604
gneiss,0.5,7,512,1.79848113380725,-0.0123641533164112,3.366363595607223,0.1058327729951788,0.5000000000000002,0.159999999999491
gneiss,0.5,8,512,1.4687758178343184,-0.0317017863546981,2.860175406739749,0.0739175521074765,0.5000000000000001,0.1599999999994961
gneiss,0.5,9,512,1.660098482627289,-0.0168966373714305,3.159942018293543,0.0736054776715951,0.4999999999999999,0.1599999999994914
gneiss,0.5,10,512,1.4645733598932518,-0.0203537906823991,2.810501847449922,0.0590123261809006,0.5,0.1599999999994654
gneiss,0.5,11,512,1.654824988757854,-0.0121073557727765,3.0840391054481056,0.0970076336801836,0.5000000000000001,0.1599999999994934
gneiss,0.5,12,512,1.7758894499730449,-0.024989530703723,3.30067677528603,0.1114402289511641,0.5,0.159999999999486
gneiss,0.5,13,512,1.6759144960417405,-0.0209047179562896,3.154845796523274,0.0846734827410338,0.4999999999999999,0.1599999999994769
gneiss,0.5,14,512,1.6474408053660474,-0.0217941184142439,3.125576423892497,0.0785249002654883,0.5,0.1599999999995031
gneiss,0.5,15,512,1.5740394218593274,-0.0180583555041032,3.02483081162628,0.0585650852998783,0.5,0.1599999999994728
gneiss,0.625,0,512,1.2180861388238773,-0.0263475740627322,2.4303328952543524,0.0500442183636532,0.5,0.1599999999994788
gneiss,0.625,1,512,1.5325319622376847,-0.0272614022756205,2.924694457464686,0.0560801824369611,0.4999999999999999,0.1599999999994454
gneiss,0.625,2,512,1.4065153308186984,-0.0188505077043442,2.709738376196993,0.0462590970629524,0.5,0.1599999999994862
gneiss,0.625,3,512,1.670198132555993,-0.0333108012935243,3.0733688997652875,0.0774924355211649,0.5,0.1599999999994817
gneiss,0.625,4,512,1.3388512904194636,-0.0304570342718834,2.6529351731979003,0.0573317056712424,0.5,0.159999999999499
gneiss,0.625,5,512,1.333134576054163,-0.0253284784466542,2.619031438282,0.049100804689143,0.5,0.1599999999994949
gneiss,0.625,6,512,1.6665710713312143,-0.030439242004668,3.098795543974633,0.0612381238841432,0.5,0.1599999999994684
gneiss,0.625,7,512,1.6737705971706671,-0.0244232296161662,3.150004270213528,0.0690793574568614,0.5000000000000001,0.1599999999994875
gneiss,0.625,8,512,1.2812613249057057,-0.0300521660407182,2.493113783689316,0.0644800196480622,0.5,0.1599999999994746
gneiss,0.625,9,512,1.4831435409429456,-0.0260222343663697,2.853102888254915,0.0611150195641306,0.4999999999999999,0.1599999999994744
gneiss,0.625,10,512,1.2220560703269905,-0.0262073687122064,2.430521999725739,0.0540085655576783,0.5,0.1599999999994479
gneiss,0.625,11,512,1.4643342717711616,-0.0195950435928601,2.8277890967753083,0.0670200935072149,0.5000000000000001,0.1599999999994875
gneiss,0.625,12,512,1.6390267593777277,-0.0273226765209161,3.06584902583077,0.0806270622238599,0.5,0.1599999999994654
gneiss,0.625,13,512,1.5097074495898184,-0.0192939042807266,2.87832967457177,0.0609891492177403,0.4999999999999999,0.1599999999994532
gneiss,0.625,14,512,1.493873693765582,-0.0273679370523428,2.857561920376384,0.0562102506074001,0.5000000000000001,0.1599999999994965
gneiss,0.625,15,512,1.4173617376787204,-0.0279163731365011,2.72323326495895,0.0484255914166738,0.5,0.1599999999994778
gneiss,0.75,0,512,1.0049004830804409,-0.0283754435371379,2.028595409055772,0.0679928575747058,0.5000000000000001,0.1599999999994764
gneiss,0.75,1,512,1.3454073012251595,-0.0364986871990411,2.619824650355634,0.0564969199792212,0.5,0.1599999999994746
gneiss,0.75,2,512,1.1996853694021463,-0.0307566073601302,2.390275050365513,0.0703105909341492,0.5000000000000001,0.1599999999994984
gneiss,0.75,3,512,1.510051933077868,-0.0356497388727613,2.796916278449069,0.0600678387200977,0.5000000000000001,0.1599999999994771
gneiss,0.75,4,512,1.14243511916035,-0.0317637816627266,2.293169358446076,0.0641431476046315,0.5,0.1599999999995033
gneiss,0.75,5,512,1.1478287623285648,-0.0310388076120085,2.2642026722381408,0.0544415834591024,0.5000000000000001,0.1599999999994598
gneiss,0.75,6,512,1.5145558227292113,-0.0301507052213897,2.86954649097111,0.0480869845696428,0.5,0.1599999999994996
gneiss,0.75,7,512,1.4905701093617163,-0.0396293983238278,2.914652175290592,0.0484769249793721,0.4999999999999999,0.1599999999994987
gneiss,0.75,8,512,1.0887712846229742,-0.0259495896012892,2.137195167878599,0.0639075516940988,0.4999999999999999,0.1599999999995045
gneiss,0.75,9,512,1.2990732499530329,-0.0382079773256754,2.543265118566952,0.0566881575057711,0.5,0.1599999999994847
gneiss,0.75,10,512,1.0203616741829766,-0.031309025009229,2.092056343441916,0.0670251797554718,0.5,0.1599999999994907
gneiss,0.75,11,512,1.2745521862283706,-0.0301525290298889,2.513617323369629,0.0573881345886757,0.5000000000000001,0.1599999999995077
gneiss,0.75,12,512,1.4603337526289497,-0.0272350669064464,2.7797258887231258,0.0649157583627969,0.4999999999999998,0.1599999999994911
gneiss,0.75,13,512,1.3224893830515874,-0.0287322020148643,2.587610090805,0.0478140122574854,0.5000000000000001,0.1599999999994875
gneiss,0.75,14,512,1.306139380076009,-0.0295679664961494,2.571603380280648,0.0519750043435987,0.4999999999999999,0.1599999999994901
gneiss,0.75,15,512,1.2037869484991957,-0.0289060640129538,2.3944178919976444,0.0653022225401909,0.4999999999999999,0.1599999999994781
gneiss,0.875,0,512,0.8280105167086215,-0.0294825064130048,1.678787888164633,0.068509402326707,0.5000000000000001,0.1599999999995002
gneiss,0.875,1,512,1.1647727969507733,-0.0313042982788017,2.3595210507848168,0.0722179376260921,0.5,0.159999999999503
gneiss,0.875,2,512,1.04937251357745,-0.0315882742635448,2.1005462071791245,0.0820811679496981,0.5000000000000001,0.159999999999488
gneiss,0.875,3,512,1.338502928995842,-0.0352489508923794,2.5630353119308613,0.047278487019056,0.4999999999999999,0.1599999999994986
gneiss,0.875,4,512,0.9834474748510847,-0.0309290072690289,1.9353477910700163,0.076469059870411,0.5000000000000001,0.1599999999995112
gneiss,0.875,5,512,0.9865225775544312,-0.0255730071489219,1.9664313834759577,0.0712172315686788,0.5,0.1599999999995279
gneiss,0.875,6,512,1.362601612004862,-0.0296184227535065,2.5973082215219505,0.0470431032643895,0.5,0.1599999999994983
gneiss,0.875,7,512,1.3364452567850298,-0.0377448920576908,2.650236669638927,0.0676128763482577,0.4999999999999999,0.159999999999494
gneiss,0.875,8,512,0.9028234531267328,-0.0260939041398046,1.7889287616960208,0.0720006345048886,0.5,0.1599999999995225
gneiss,0.875,9,512,1.1263365871674342,-0.0344886109794768,2.2141036753112173,0.0704107223842577,0.4999999999999999,0.1599999999994895
gneiss,0.875,10,512,0.8477689361293814,-0.0258907808142654,1.696052747630762,0.0841318343167971,0.5,0.1599999999994849
gneiss,0.875,11,512,1.1203899372062087,-0.0302392115066197,2.21677216371671,0.0633939166563644,0.5000000000000001,0.1599999999995308
gneiss,0.875,12,512,1.299991671337752,-0.0328478852934505,2.52140547198672,0.0685312647298279,0.5,0.159999999999508
gneiss,0.875,13,512,1.143602125347492,-0.0233597582585917,2.264751391847305,0.0598148121013839,0.5,0.159999999999473
gneiss,0.875,14,512,1.1132727613545512,-0.037247941738496,2.277219613874149,0.0644282641578573,0.4999999999999999,0.1599999999995206
gneiss,0.875,15,512,1.0291367776215343,-0.0370336603641397,2.061076709813975,0.0767256396791844,0.5000000000000001,0.1599999999994744
gneiss,1.0,0,512,0.6917262183231104,-0.0250547975412226,1.3349719852248174,0.0915250556684423,0.5,0.1599999999994905
gneiss,1.0,1,512,1.016984449778295,-0.0312256403365486,2.0257092067621123,0.0792326483515175,0.5000000000000001,0.1599999999995106
gneiss,1.0,2,512,0.9005416509598738,-0.0276462705024016,1.7407982058421538,0.0871813244902971,0.5,0.1599999999995137
gneiss,1.0,3,512,1.1864710684862765,-0.0308615312482591,2.3341704705898545,0.054315653910897,0.5000000000000001,0.159999999999483
gneiss,1.0,4,512,0.8298335720530395,-0.0296209913883664,1.6309750309329762,0.0818271317785713,0.4999999999999999,0.1599999999995022
gneiss,1.0,5,512,0.8435769465299157,-0.0298252412222771,1.6319240552908354,0.0801819743257671,0.5,0.1599999999994704
gneiss,1.0,6,512,1.2000954227555969,-0.0292744033601054,2.368165111688211,0.0585228974039785,0.4999999999999999,0.159999999999471
gneiss,1.0,7,512,1.1966558113496908,-0.0395854774351992,2.408540658264977,0.0884735151684783,0.5,0.1599999999995151
gneiss,1.0,8,512,0.7481955366467595,-0.0255556020727867,1.4544873626384167,0.0857504472569328,0.5000000000000001,0.1599999999994833
gneiss,1.0,9,512,0.98698956918685,-0.0354353692243585,1.9847005765902963,0.0716085535481769,0.5000000000000001,0.159999999999519
gneiss,1.0,10,512,0.6993599718753086,-0.0251767472310028,1.3151182012624072,0.092662937221058,0.4999999999999998,0.1599999999995048
gneiss,1.0,11,512,0.9569293042066296,-0.0282473599575754,1.9488384768005755,0.0812423145882161,0.5000000000000001,0.159999999999484
gneiss,1.0,12,512,1.1564739924147531,-0.0368262420508165,2.257688888178648,0.0782550783577527,0.4999999999999999,0.1599999999995189
gneiss,1.0,13,512,1.00248173149485,-0.0325953384222967,1.9981484665096192,0.0710776924463144,0.4999999999999999,0.1599999999995212
gneiss,1.0,14,512,0.9756459987071676,-0.0293000033455889,1.95734611295736,0.0757781807158465,0.4999999999999999,0.1599999999995135
gneiss,1.0,15,512,0.8697139867272806,-0.0341575404459506,1.765168099675996,0.088855000526382,0.4999999999999999,0.1599999999995103
